spotify_track_uri,title,artist,album,listened,skipped,ms_played,incognito_mode,offline,reason_start_trackerror,reason_start_switched-to-audio,reason_start_appload,reason_start_fwdbtn,reason_start_remote,reason_start_clickrow,reason_start_backbtn,reason_start_playbtn,reason_start_trackdone,reason_end_unexpected-exit-while-paused,reason_end_logout,reason_end_trackerror,reason_end_unknown,reason_end_endplay,reason_end_fwdbtn,reason_end_remote,reason_end_unexpected-exit,reason_end_backbtn,reason_end_trackdone
spotify:track:74tLlkN3rgVzRqQJgPfink,Money Trees,Kendrick Lamar,"good kid, m.A.A.d city",255,89,61333676,0,1,0,0,26,54,3,52,9,0,111,2,40,0,1,35,44,2,0,10,121
spotify:track:5TRPicyLGbAF2LGBFbHGvO,Flashing Lights,Kanye West,Graduation,231,77,38365745,1,0,0,0,14,53,0,46,5,1,112,1,23,0,0,37,35,0,0,5,130
spotify:track:3DK6m7It6Pw857FcQftMds,Runaway,Kanye West,My Beautiful Dark Twisted Fantasy,230,90,71652450,0,0,0,0,23,54,0,31,13,0,109,2,38,0,2,35,38,1,1,17,96
spotify:track:3A4cpTBPaIQdtPFb5JxtaX,Slow Jamz,Twista,The College Dropout,217,75,45195568,1,1,0,0,12,47,0,61,10,1,86,0,24,0,0,38,31,0,0,6,118
spotify:track:0mEdbdeRFQwBhN4xfyIeUM,Can't Tell Me Nothing,Kanye West,Graduation,207,77,35514375,0,1,0,0,11,51,1,45,3,0,96,0,18,0,0,39,33,0,0,5,112
spotify:track:34j4OxJxKznBs88cjSL2j9,Never Let Me Down,Kanye West,The College Dropout,206,86,35858298,0,1,0,0,22,50,0,25,10,0,99,0,24,0,0,28,48,0,1,10,95
spotify:track:1EaKU4dMbesXXd3BrLCtYG,ELEMENT.,Kendrick Lamar,DAMN.,201,65,30356843,0,5,0,0,9,61,0,36,12,0,83,0,14,0,0,21,38,0,0,6,122
spotify:track:6IZvVAP7VPPnsGX6bvgkqg,PRIDE.,Kendrick Lamar,DAMN.,193,56,37860805,1,1,0,0,14,39,0,62,4,0,74,0,18,0,1,25,29,1,0,2,117
spotify:track:0Z2J91b2iTGLVTZC4fKgxf,Hit 'Em Up - Single Version,2Pac,Greatest Hits,185,70,35766288,0,1,0,0,23,36,0,44,5,1,76,1,28,0,0,26,38,0,0,6,86
spotify:track:4iz9lGMjU1lXS51oPmUmTe,Homecoming,Kanye West,Graduation,177,60,24139514,0,0,1,0,4,43,2,63,13,0,51,0,8,1,0,27,29,1,0,4,107
spotify:track:3VYzbU22BooAROigHHwycs,Swimming Pools (Drank) - Extended Version,Kendrick Lamar,"good kid, m.A.A.d city",176,68,33812018,0,0,0,0,11,50,1,12,12,0,90,1,23,0,0,14,42,1,0,12,83
spotify:track:5g1vtHqi9uV7xtYeCcFOBx,Jesus Walks,Kanye West,The College Dropout,174,69,20726309,0,0,0,0,5,49,0,29,10,0,81,0,9,0,0,21,34,0,0,14,96
spotify:track:50No7LiVffAJCWIChZodmU,Lucifer,Eminem,The Death of Slim Shady (Coup De Grâce),153,53,26774270,0,2,0,0,8,41,0,42,10,0,52,0,14,0,0,26,15,0,0,12,86
spotify:track:77DRzu7ERs0TX3roZcre7Q,euphoria,Kendrick Lamar,euphoria,153,64,36428991,0,2,0,0,19,44,0,32,3,0,55,1,22,0,0,25,33,0,0,6,66
spotify:track:5SkRLpaGtvYPhw02vZhQQ9,All Falls Down,Kanye West,The College Dropout,151,67,16442007,0,0,0,0,5,26,0,29,16,0,75,1,8,0,0,31,27,0,0,9,75
spotify:track:52eIcoLUM25zbQupAZYoFh,redrum,21 Savage,american dream,150,58,23507899,1,0,0,0,14,30,0,16,5,0,85,0,21,0,0,25,28,0,0,5,71
spotify:track:5dcyltc1ataieXIeTqhH3t,Missili,Frah Quintale,Lungolinea.,147,44,21248091,1,1,0,0,3,26,0,6,8,1,103,0,11,0,0,10,30,1,0,4,91
spotify:track:6WfA83OCEsiZ2IOTbUF4UQ,"Bitch, Don’t Kill My Vibe - International Remix / Explicit Version",Kendrick Lamar,"good kid, m.A.A.d city",137,56,26266139,0,0,0,0,8,39,0,9,11,0,70,0,10,0,0,12,33,0,0,11,71
spotify:track:1AC9rHDPQC3QoC3iYPeSEI,Quanto ti vorrei,chiello,Quanto ti vorrei,130,38,16341998,0,0,0,0,7,19,0,5,7,1,91,0,9,0,0,8,22,0,0,8,83
spotify:track:7rbECVPkY5UODxoOUVKZnA,I Wonder,Kanye West,Graduation,130,49,19850582,0,0,0,0,3,45,0,21,7,0,54,1,5,0,0,21,22,1,0,6,74
spotify:track:7I3RalBqE7ZE0RSxgGlGlm,Habits,Eminem,The Death of Slim Shady (Coup De Grâce),129,52,22811952,0,1,0,0,6,25,1,31,9,0,57,0,10,0,1,23,22,1,0,7,65
spotify:track:1foMv2HQwfQ2vntFf9HFeG,Rhinestone Eyes,Gorillaz,Plastic Beach,123,51,14827953,0,0,0,0,4,28,0,29,3,0,59,0,8,0,0,24,26,0,0,1,64
spotify:track:0DIcssPpatAMqFXLZCxZMN,Antichrist,Eminem,The Death of Slim Shady (Coup De Grâce),109,49,21402428,0,1,0,0,5,22,0,9,11,0,62,0,8,0,0,12,28,0,0,9,52
spotify:track:0XhdO6hPMLByA0nk8HAiGN,Ottima Scusa,Willie Peyote,Sindrome di Tôret,108,36,14623131,1,1,0,0,2,24,0,16,7,1,58,0,4,0,0,8,22,0,0,6,68
spotify:track:3LkXOTWDwskwciQoARFDzu,Guilty Conscience 2,Eminem,The Death of Slim Shady (Coup De Grâce),106,45,19357092,0,1,0,0,8,32,1,14,9,0,42,0,15,0,1,14,23,0,0,8,45
spotify:track:1Vp4St7JcXaUoJcIahtf3L,The New Workout Plan,Kanye West,The College Dropout,103,48,18679752,0,0,0,0,4,27,0,27,2,0,43,0,8,0,0,24,21,0,0,3,47
spotify:track:21LCotDEwR7R8qOnqPVzi9,Evil,Eminem,The Death of Slim Shady (Coup De Grâce),100,48,11725389,0,2,0,0,6,23,0,11,11,0,49,0,8,0,1,14,29,0,0,5,43
spotify:track:6AI3ezQ4o3HUoP6Dhudph3,Not Like Us,Kendrick Lamar,Not Like Us,97,41,16303496,0,1,0,0,1,32,0,17,4,0,43,0,8,0,0,17,22,0,0,2,48
spotify:track:59151GHN7yr5g9B3bqlGdR,Trouble,Eminem,The Death of Slim Shady (Coup De Grâce),92,25,2801193,0,0,0,0,2,16,0,9,6,0,59,0,2,0,0,5,13,0,0,7,65
spotify:track:2gZUPNdnz5Y45eiGxpHGSc,POWER,Kanye West,My Beautiful Dark Twisted Fantasy,90,37,16288726,0,0,0,0,4,23,0,22,4,0,37,0,5,0,0,23,11,0,0,3,48
spotify:track:5ASZFbCod633wLragmPYTj,Renegade,JAY-Z,Curtain Call: The Hits,88,29,20831851,0,0,0,0,6,24,0,18,2,0,38,0,9,0,0,9,12,0,0,8,50
spotify:track:77pfjsq0gSZwO8bYVTVROo,Brand New Dance,Eminem,The Death of Slim Shady (Coup De Grâce),87,39,10393551,0,1,0,0,5,11,0,9,8,0,54,0,6,0,0,12,20,0,0,7,42
spotify:track:3U21A07gAloCc4P7J8rxcn,All Mine,Kanye West,ye,87,32,8000895,0,0,0,0,4,31,1,15,7,0,29,0,7,0,0,12,17,1,0,3,47
spotify:track:5In8B6Om5OKrhwBMB4tXSi,Fuel,Eminem,The Death of Slim Shady (Coup De Grâce),87,42,10647350,0,1,0,0,1,26,0,29,4,0,27,0,3,0,0,22,18,0,0,2,42
spotify:track:5W8jRrZ6tWrTrqnKRtIQBf,p r i d e . i s . t h e . d e v i l (with Lil Baby),J. Cole,The Off-Season,85,37,11945687,0,0,0,0,4,32,0,16,3,0,30,0,4,0,0,11,22,0,0,4,44
spotify:track:4rXLjWdF2ZZpXCVTfWcshS,fukumean,Gunna,a Gift & a Curse,84,34,6385498,0,0,0,0,3,13,0,9,6,0,53,1,4,0,0,11,14,0,0,9,45
spotify:track:2tudvzsrR56uom6smgOcSf,Like That,Future,WE DON'T TRUST YOU,84,30,15178172,0,0,0,0,5,15,1,42,2,0,19,0,8,0,0,18,10,1,0,2,45
spotify:track:6MXXY2eiWkpDCezVCc0cMH,Good Morning,Kanye West,Graduation,83,58,5091402,0,0,0,0,4,20,0,44,2,0,13,0,6,0,0,30,27,0,0,1,19
spotify:track:55u5QIlEuzCipJBtZPdJio,Renaissance,Eminem,The Death of Slim Shady (Coup De Grâce),83,44,3870414,0,1,0,0,1,16,0,38,6,0,22,0,1,0,0,26,16,0,0,2,38
spotify:track:1n4jwRVXdkK2U34nBDUKKT,BLOOD.,Kendrick Lamar,DAMN.,83,39,5536976,0,0,0,0,1,19,0,38,1,0,24,0,3,0,0,18,18,0,0,3,41
spotify:track:3iVcZ5G6tvkXZkZKlMpIUs,Alright,Kendrick Lamar,To Pimp A Butterfly,82,47,8962684,0,0,0,0,1,39,0,8,5,0,29,0,1,0,0,10,34,0,0,3,34
spotify:track:62wtttQzoIA9HnNmGVd9Yq,Two Words,Kanye West,The College Dropout,81,42,10778803,0,0,0,0,3,23,0,27,3,0,25,0,5,0,1,22,16,0,0,4,33
spotify:track:4KW1lqgSr8TKrvBII0Brf8,Father Stretch My Hands Pt. 1,Kanye West,The Life Of Pablo,79,52,4589255,0,0,0,0,1,24,0,15,6,0,33,0,1,0,0,18,25,0,0,9,26
spotify:track:1ko2NuvWlQdxtNRc8QQzmT,Spaceship,Kanye West,The College Dropout,79,48,11432670,0,0,0,0,0,27,1,22,3,0,26,0,1,0,0,19,28,1,0,1,29
spotify:track:68Dni7IE4VyPkTOH9mRWHr,No Role Modelz,J. Cole,2014 Forest Hills Drive,76,33,12800395,0,0,0,0,6,24,1,4,1,0,40,0,7,0,0,6,26,1,0,1,35
spotify:track:5SehvGGC53A7SZKCLXQcyt,Nico and the Niners,Twenty One Pilots,Trench,74,36,9323731,0,1,0,0,2,22,0,15,3,0,32,0,5,0,0,9,25,0,0,2,33
spotify:track:4kTLpAbhuEGHAAdDjOIWaa,Pursuit Of Happiness (Nightmare),Kid Cudi,Man On The Moon: The End Of Day,74,38,11601966,0,0,0,0,3,20,0,17,2,1,31,0,4,0,0,9,28,0,0,1,32
spotify:track:67XC51nlZncNpHmZ8rOU9a,We Cry Together,Kendrick Lamar,Mr. Morale & The Big Steppers,73,41,10721467,0,2,0,0,9,22,0,17,3,0,22,0,9,0,0,16,24,0,0,1,23
spotify:track:44Xyja7xYPlVC6v2CeweSi,GOSSIP (feat. Tom Morello),Måneskin,RUSH!,72,28,7798045,1,0,0,0,2,27,0,10,5,0,28,0,3,0,0,7,17,0,1,4,40
spotify:track:4OQ1G3dyVx0SPUzBiWCNat,Paracetamolo,Calcutta ,Evergreen,70,32,6911112,1,0,0,0,2,24,1,7,2,0,34,0,4,0,0,10,21,0,0,1,34
spotify:track:4Gf6VlNy2E4VVuAkl0y2XW,The Art of Peer Pressure,Kendrick Lamar,"good kid, m.A.A.d city",69,35,11497182,0,0,0,0,2,18,0,16,3,0,30,0,5,0,0,20,15,0,0,0,29
spotify:track:4iG2gAwKXsOcijVaVXzRPW,Time to Pretend,MGMT,Oracular Spectacular,69,33,9817986,1,0,0,0,1,10,1,11,6,0,40,0,2,0,1,12,17,1,0,4,32
spotify:track:0j2T0R9dR9qdJYsB7ciXhf,Stronger,Kanye West,Graduation,69,41,8483874,0,0,0,0,4,24,0,15,3,0,23,0,7,0,0,17,20,0,0,4,21
spotify:track:4S8PxReB1UiDR2F5x1lyIR,meet the grahams,Kendrick Lamar,meet the grahams,67,41,11636489,0,3,0,0,3,16,0,20,2,0,26,0,4,0,0,11,28,0,0,2,22
spotify:track:7yJZlPui7PYh2L9UXmtQWc,Oroscopo (feat. Takagi & Ketra) - Ghost track,Calcutta ,Mainstream +,66,34,7265545,1,0,0,0,0,24,0,15,1,0,26,0,0,0,0,7,25,0,0,2,32
spotify:track:2wAJTrFhCnQyNSD3oUgTZO,Work Out,J. Cole,Cole World: The Sideline Story,65,33,8101940,0,0,0,0,2,24,0,7,3,0,29,0,2,0,0,8,24,0,0,1,30
spotify:track:1UGMu0Tf5nmKoYIPPztbQQ,Lonely,Akon,Trouble,65,19,10983767,0,0,0,0,3,12,0,19,1,0,30,0,3,0,0,8,11,0,0,0,43
spotify:track:3qhlB30KknSejmIvZZLjOD,End of Beginning,Djo,DECIDE,65,29,6590598,1,0,0,0,1,30,0,3,5,0,26,0,1,0,0,4,22,0,0,3,35
spotify:track:6KM80DJGk9gehJMDmKuzfv,DIAMANTI GREZZI,CLARA,PRIMO,64,33,6025249,0,0,0,0,2,32,0,3,4,0,23,0,4,0,0,5,24,0,0,4,27
spotify:track:1ZHYJ2Wwgxes4m8Ba88PeK,Monster,Kanye West,My Beautiful Dark Twisted Fantasy,64,45,9904646,0,0,0,0,1,13,1,14,1,0,34,0,3,0,0,17,25,0,0,3,16
spotify:track:6tNQ70jh4OwmPGpYy6R2o9,Beautiful Things,Benson Boone,Beautiful Things,64,24,7488219,1,0,0,0,1,13,0,5,4,0,41,0,2,0,1,7,13,0,0,4,37
spotify:track:0q6LuUqGLUiCPP1cbdwFs3,On Melancholy Hill,Gorillaz,Plastic Beach,63,41,6433438,0,0,0,0,1,22,0,4,1,0,35,0,3,0,0,4,35,0,0,2,19
spotify:track:75JFxkI2RXiU7L9VXzMkle,The Scientist,Coldplay,A Rush of Blood to the Head,62,34,8921802,0,0,0,0,6,13,0,12,0,0,31,0,7,0,0,13,20,0,0,1,21
spotify:track:60QN1JrgYM7jcfW8pdQFqT,Sinceramente,Annalisa,E POI SIAMO FINITI NEL VORTICE,62,29,8166967,0,0,1,0,2,21,0,2,4,0,32,0,3,0,0,6,18,0,0,5,30
spotify:track:1PS1QMdUqOal0ai3Gt7sDQ,Gold Digger,Kanye West,Late Registration,61,37,6058134,0,0,0,0,0,20,0,12,5,0,24,0,0,0,0,13,20,0,0,4,24
spotify:track:60NDVF7fFIq13aO9rIN80c,UN RAGAZZO UNA RAGAZZA,The Kolors,UN RAGAZZO UNA RAGAZZA,61,34,6283487,1,0,0,0,1,25,0,4,5,0,26,0,2,0,0,11,19,0,0,4,25
spotify:track:3KHjXNQDEZ0Hb2hzGdxcx7,Sherane a.k.a Master Splinter’s Daughter,Kendrick Lamar,"good kid, m.A.A.d city",60,36,7906111,0,1,0,0,1,17,1,26,1,0,14,0,2,0,0,17,18,1,0,1,21
spotify:track:5Gt9bxniM1SxN61yRzRhXL,United In Grief,Kendrick Lamar,Mr. Morale & The Big Steppers,58,32,7589985,0,0,0,0,3,18,0,19,2,0,16,0,4,0,0,12,19,0,0,1,22
spotify:track:2g6tReTlM2Akp41g0HaeXN,Die Hard,Kendrick Lamar,Mr. Morale & The Big Steppers,57,27,7318594,0,0,0,0,2,24,0,6,2,0,23,0,4,0,0,9,17,0,0,1,26
spotify:track:5Mo51IWW49vhISzDLs4CqU,Deja Vu,Eminem,Relapse [Deluxe],56,22,9576845,0,0,0,0,3,25,0,7,0,0,21,2,4,0,0,5,14,0,0,3,28
spotify:track:4VQNCzfZ3MdHEwwErNXpBo,All Eyez On Me (ft. Big Syke),2Pac,All Eyez On Me,56,37,6314864,0,0,0,0,0,23,0,16,1,0,16,0,1,0,0,17,17,0,0,3,18
spotify:track:49R1F3rIdSzuPk7AcHi6d1,la noia,Angelina Mango,la noia,55,30,4748668,0,0,0,0,3,14,0,6,2,0,30,0,5,0,0,9,16,0,0,5,20
spotify:track:7rUchbZxrhF29Q0vYjKEU0,Can't C Me,2Pac,All Eyez On Me,55,42,6373565,0,0,0,0,0,22,0,9,3,0,21,0,1,0,0,9,30,0,0,3,12
spotify:track:5g9lS8deSIxItFBmZRC4vN,Ambitionz Az A Ridah,2Pac,All Eyez On Me,55,35,5605948,0,0,0,0,2,17,0,14,3,0,19,0,2,0,0,14,18,0,0,3,18
spotify:track:0IW0qaeyxL5Et4UG2MrJKB,We Don't Care,Kanye West,The College Dropout,54,31,6348874,0,0,0,0,0,13,0,30,0,0,11,0,0,0,0,18,13,0,0,0,23
spotify:track:4ZPdLEztrlZqbJkgHNw54L,Good Life,Kanye West,Graduation,53,37,3370554,0,0,0,0,3,18,0,14,0,0,18,0,2,0,0,19,18,0,0,0,14
spotify:track:2RTNhmig3Li9mJUkiYXuYW,Grace of God,Apollo Brown,Mona Lisa,52,29,4944126,0,0,0,0,1,12,0,16,3,0,20,0,1,2,1,10,17,0,0,2,19
spotify:track:17phhZDn6oGtzMe56NuWvj,Lose Control,Teddy Swims,I've Tried Everything But Therapy (Part 1),51,21,6730842,1,0,0,0,1,13,0,5,1,0,31,0,1,0,0,6,13,0,0,2,29
spotify:track:5qbhVL3vB7HwWvb0042B7y,The Heart Part 5,Kendrick Lamar,Mr. Morale & The Big Steppers,51,28,7723915,0,0,0,0,4,21,0,4,3,0,19,0,6,0,0,10,16,0,0,2,17
spotify:track:4WuOWVnAqvEQxgSRrspBgt,Niagara Falls (Foot or 2) [with Travis Scott & 21 Savage],Metro Boomin,HEROES & VILLAINS,50,22,6038386,0,1,0,0,2,18,0,6,0,0,24,0,3,0,0,8,14,0,0,0,25
spotify:track:23SZWX2IaDnxmhFsSLvkG2,Gorgeous,Kanye West,My Beautiful Dark Twisted Fantasy,50,42,2971986,0,1,0,0,0,23,0,23,1,0,3,0,0,0,0,21,20,0,0,1,8
spotify:track:3EYOJ48Et32uATr9ZmLnAo,Roxanne,The Police,Outlandos D'Amour - Remastered 2003,50,15,6407832,0,0,0,0,3,14,0,9,0,0,24,0,3,0,0,10,5,0,0,0,32
spotify:track:371l4ekF9cDC2D5WuuabU6,TUTA GOLD,Mahmood,NEI LETTI DEGLI ALTRI,50,26,5026754,0,0,0,0,0,10,0,6,2,0,32,0,1,0,0,8,14,0,0,4,23
spotify:track:5bXgMzxuNymWhpwkgvYn4O,100 MESSAGGI,Lazza,100 MESSAGGI,49,24,6787561,1,0,0,0,0,14,0,3,0,0,32,0,2,0,0,5,19,0,0,0,23
spotify:track:15qnOSRK5HMWOgL5HURhrc,Bad One,Eminem,The Death of Slim Shady (Coup De Grâce),49,30,5890366,0,1,0,0,1,16,0,9,6,0,17,0,1,0,0,10,18,0,0,2,18
spotify:track:4CQNELF3U3gyNcI6sLr6yK,Guasto D'Amore,Bresh,Guasto D'Amore,48,36,3049983,0,0,0,0,0,11,0,6,2,0,29,0,1,0,0,6,26,0,0,4,11
spotify:track:28qA8y1sz0FTuSapsCxNOG,Father Time (feat. Sampha),Kendrick Lamar,Mr. Morale & The Big Steppers,48,27,4966310,0,0,0,0,3,19,0,6,1,0,19,0,5,0,0,6,19,0,0,2,16
spotify:track:6uMGHQvhZq8YyT4kdnG1L3,Temporary,Eminem,The Death of Slim Shady (Coup De Grâce),48,33,5166889,0,1,0,0,2,11,0,7,2,0,26,0,2,0,0,11,16,0,0,6,13
spotify:track:6fujklziTHa8uoM5OQSfIo,Black Beatles,Rae Sremmurd,SremmLife 2 - Deluxe,48,29,6106106,0,0,0,0,2,7,0,1,3,0,35,0,3,0,0,2,22,0,0,5,16
spotify:track:2dxjKgT0li4qBI3QwuN9Ih,Touch The Sky,Kanye West,Late Registration,48,36,3164142,0,1,2,0,2,10,0,20,1,0,13,0,2,0,0,22,14,1,0,0,9
spotify:track:2uqYupMHANxnwgeiXTZXzd,Austin (Boots Stop Workin'),Dasha,What Happens Now?,48,20,5262307,0,1,0,0,0,8,0,5,0,0,35,0,2,0,0,6,13,0,0,1,26
spotify:track:4mmkhcEm1Ljy1U9nwtsxUo,Through The Wire,Kanye West,The College Dropout,48,35,4032944,0,0,0,0,1,13,0,21,2,0,11,0,1,0,0,20,15,0,0,0,12
spotify:track:77UjLW8j5UAGAGVGhR5oUK,Pray For Me (with Kendrick Lamar),The Weeknd,Black Panther The Album Music From And Inspired By,47,24,5375721,0,0,0,0,1,25,0,3,4,0,14,0,1,0,0,5,16,0,0,3,22
spotify:track:7sKt5Y2zJpYw78iAxndB8y,Only God Can Judge Me (ft. Rappin' 4-Tay),2Pac,All Eyez On Me,47,24,7216978,0,0,0,0,3,15,0,6,3,0,20,0,3,0,0,6,15,0,0,3,20
spotify:track:4tqcoej1zPvwePZCzuAjJd,Wet Dreamz,J. Cole,2014 Forest Hills Drive,46,18,6238862,0,1,0,0,5,15,0,7,1,0,18,0,3,0,0,6,12,0,1,0,24
spotify:track:6CmpZfKUQ2KerzBFZ3QKFr,Mr. Morale,Kendrick Lamar,Mr. Morale & The Big Steppers,46,33,3327953,0,1,0,0,1,24,1,4,3,0,13,0,1,0,0,5,26,0,0,2,12
spotify:track:1udwFobQ1JoOdWPQrp2b6u,Surround Sound (feat. 21 Savage & Baby Tate),JID,The Forever Story,46,22,6216486,0,0,0,0,2,13,0,6,3,0,22,1,2,0,0,7,13,0,0,2,21
spotify:track:27y9iz3gBeWyWxI6VKEuGW,Alta marea,Coez,Alta marea,45,22,3993270,1,0,0,0,1,15,0,3,5,0,21,1,2,0,0,3,16,0,0,3,20
spotify:track:2jLUl0xElM30KU1dDXnVIF,SESSO OCCASIONALE,Tananai,"RAVE, ECLISSI",45,28,3537090,0,0,0,0,0,26,0,5,4,0,10,0,2,0,0,5,21,0,0,2,15
spotify:track:2qrCResILkL1JFeRBrv3qA,bellissimissima <3,Alfa,bellissimissima <3,44,27,3064860,0,0,0,0,0,22,0,3,4,0,15,0,0,0,0,3,20,0,0,4,17
spotify:track:3ia3dJETSOllPsv3LJkE35,California Love - Original Version,2Pac,Greatest Hits,43,25,5778140,0,0,0,0,0,13,0,10,3,0,17,0,0,0,0,11,11,0,0,3,18
spotify:track:7vgTNTaEz3CsBZ1N4YQalM,Ghost Town,Kanye West,ye,43,29,3924264,0,0,0,0,4,16,0,17,1,0,5,0,4,0,0,16,12,0,0,1,10
spotify:track:1aKvZDoLGkNMxoRYgkckZG,Magnetic,ILLIT,SUPER REAL ME,42,16,4115441,0,0,0,0,1,12,0,5,1,0,23,0,2,0,0,5,11,0,0,0,24
spotify:track:5xoYormSTltk6F9SlQV6mm,Mirror,Kendrick Lamar,Mr. Morale & The Big Steppers,40,25,4093946,0,0,0,0,1,20,0,4,1,0,14,0,1,0,0,6,18,0,0,1,14
spotify:track:0utlOiJy2weVl9WTkcEWHy,Neighbors,J. Cole,4 Your Eyez Only,40,16,5434545,0,0,0,0,3,15,0,5,0,0,17,0,3,0,0,5,10,0,0,1,21
spotify:track:0Q0IVlqMV64kNLlwjPj0Hl,Killing Me Softly With His Song,Fugees,The Score,39,30,3245110,0,0,0,0,1,9,1,14,2,0,12,0,1,0,1,12,18,0,0,0,7
spotify:track:3RgpMcg7uRz9b4Sbn1iXec,Spingere,Il Pagante,Spingere,38,23,3053548,1,0,0,0,0,3,0,1,3,1,30,0,0,0,0,4,17,0,0,2,15
spotify:track:3vZO25GdYuqFrR1kzZADnp,Ready or Not,Fugees,The Score,37,23,3675690,1,1,0,0,0,10,0,12,2,0,13,0,0,0,0,11,12,0,0,0,14
spotify:track:4KWeGKChLKcnZsj3sIOSkW,Tobey (feat. Big Sean and BabyTron),Eminem,Tobey (feat. Big Sean and BabyTron),37,25,4017568,0,1,0,0,1,4,0,3,0,0,29,0,1,0,0,5,18,0,0,2,11
spotify:track:1UGD3lW3tDmgZfAVDh6w7r,Devil In A New Dress,Kanye West,My Beautiful Dark Twisted Fantasy,37,25,4730755,0,0,0,0,0,7,0,28,0,0,2,0,1,0,0,16,8,0,0,1,11
spotify:track:11qa6plS660rrrkf6VJ3cX,03’ Adolescence,J. Cole,2014 Forest Hills Drive,37,27,2854239,0,0,0,0,0,10,0,14,2,0,11,0,2,0,0,13,14,0,0,0,8
spotify:track:3LBBSmoGHWC91u754Tp21C,SIMPLY THE BEST,Black Eyed Peas,SIMPLY THE BEST,36,14,6060919,0,0,0,0,1,7,0,0,0,0,28,0,2,0,0,3,11,0,0,0,20
spotify:track:6PGoSes0D9eUDeeAafB2As,LOVE. FEAT. ZACARI.,Kendrick Lamar,DAMN.,36,25,3131712,0,0,0,0,0,17,0,11,0,0,8,0,0,0,0,11,14,0,0,0,11
spotify:track:5Z0UnEtpLDQyYlWwgi8m9C,Too Sweet,Hozier,Unreal Unearth: Unheard,36,19,4711606,0,0,0,0,0,8,0,6,1,0,21,0,1,0,0,8,11,0,0,0,16
spotify:track:2HYFX63wP3otVIvopRS99Z,Houdini,Eminem,Houdini,36,20,3940047,0,1,0,0,0,21,0,4,1,0,10,0,0,0,0,5,14,0,0,1,16
spotify:track:1mv4lh1rW1K6xhxhJmEezy,Music Sounds Better With You - Radio Edit,Stardust,Music Sounds Better With You,36,26,3340041,0,2,0,0,1,10,0,8,0,0,17,0,2,0,0,9,17,0,0,0,8
spotify:track:6nxQV4fJgfvyfZRPPJm1mO,In Italia 2024 (feat. Emma & Baby Gang),Fabri Fibra,In Italia 2024 (feat. Emma & Baby Gang),36,31,2027189,0,0,0,0,0,18,0,1,1,0,16,0,1,0,0,1,27,0,0,3,4
spotify:track:1LR432zhaAgcgpqdozne3O,Esperienze Nuove,Heartman,Esperienze Nuove,35,19,3599464,0,0,0,0,0,7,0,1,2,0,25,0,1,0,0,3,12,0,0,4,15
spotify:track:5XkeTGKcCkGF8l6fA9YpsS,Bitch Niggaz,Dr. Dre,2001,35,20,3416553,0,0,0,0,1,15,0,8,3,0,8,0,2,0,0,7,10,0,0,3,13
spotify:track:0GjEhVFGZW8afUYGChu3Rr,Dancing Queen,ABBA,Arrival,35,17,4400578,2,0,0,0,1,12,0,2,1,0,19,0,3,0,0,4,12,0,0,1,15
spotify:track:7ouMYWpwJ422jRcDASZB7P,Knights of Cydonia,Muse,Black Holes and Revelations,34,19,5579269,0,0,0,0,3,10,0,8,1,0,12,0,4,0,0,8,9,0,0,2,11
spotify:track:37Tmv4NnfQeb0ZgUC4fOJj,Sultans Of Swing,Dire Straits,Dire Straits,34,14,7038620,0,0,0,0,1,13,0,8,1,0,11,0,1,0,0,7,6,0,0,1,19
spotify:track:1kKccj5wYXTj3gTpUIMoac,MA CHE IDEA (feat. Pino D'Angiò),bnkr44,MA CHE IDEA (feat. Pino D'Angiò),34,28,1600416,0,0,0,0,0,27,0,2,1,0,4,0,0,0,0,2,25,0,0,1,6
spotify:track:2GxrNKugF82CnoRFbQfzPf,i like the way you kiss me,Artemas,i like the way you kiss me,33,18,2711475,0,0,0,0,0,12,0,3,1,0,17,0,0,0,0,4,13,0,0,1,15
spotify:track:4IYKjN1DrYzxKXt0umJqsG,I Got 5 On It,Luniz,Operation Stackola,32,18,3520517,0,0,0,0,1,13,0,6,1,0,11,0,1,0,0,8,8,0,0,2,13
spotify:track:20bTkdvyWZjO4ORHmzXQR4,"EVERYDAY (feat. Shiva, ANNA, Geolier)",Takagi & Ketra,"EVERYDAY (feat. Shiva, ANNA, Geolier)",32,13,3847610,1,0,0,0,1,12,0,2,1,0,16,1,0,0,0,2,10,1,0,1,17
spotify:track:7r6PigmGzlB3YPB7wvBBbi,No Church In The Wild,JAY-Z,Watch The Throne,32,30,1437060,0,1,0,0,0,17,0,11,0,0,4,0,1,0,0,11,19,0,0,0,1
spotify:track:7ycWLEP1GsNjVvcjawXz3z,Praise The Lord (Da Shine) (feat. Skepta),A$AP Rocky,TESTING,32,15,3594172,0,0,0,0,2,19,0,2,0,0,9,0,1,0,0,6,8,1,0,1,15
spotify:track:3IrkbGQCoEPAkzJ0Tkv8nm,Dirt Off Your Shoulder,JAY-Z,The Black Album,32,26,2053169,0,1,0,0,0,18,0,10,2,0,2,0,0,0,0,8,17,1,0,1,5
spotify:track:3SIRBp4RRQ2AO5H4NO7xfq,VULTURES,¥$,VULTURES 1,31,25,1887458,0,0,0,0,3,7,0,2,3,0,16,0,4,0,0,2,20,0,0,3,2
spotify:track:67ncYmW29pNJJY2yXuLPwT,You Know How We Do It,Ice Cube,Greatest Hits,31,15,3898090,0,0,0,0,1,14,0,4,0,0,12,0,1,0,0,5,8,0,0,2,15
spotify:track:5AJ9hqTS2wcFQCELCFRO7A,MILLION DOLLAR BABY,Tommy Richman,MILLION DOLLAR BABY,31,11,3413184,1,0,0,0,0,11,0,5,0,0,15,0,1,0,0,3,7,0,0,1,19
spotify:track:7jLbTp3qZzah9kMIdW8e5M,Ghetto Gospel,2Pac,Loyal To The Game,31,22,2625441,0,0,0,0,0,18,0,2,2,0,9,0,0,0,0,3,18,0,0,1,9
spotify:track:3yapR7DctB2WtbmXkHHviC,good kid,Kendrick Lamar,"good kid, m.A.A.d city",31,23,2640701,0,0,0,0,0,15,0,13,1,0,2,0,0,0,0,11,10,0,0,2,8
spotify:track:04KTF78FFg8sOHC1BADqbY,Hot In Herre,Nelly,Nellyville,30,20,2425241,0,0,0,0,1,9,0,15,1,0,4,0,1,0,0,7,12,0,0,1,9
spotify:track:1Kw6V4wiZKTVwLZ5YcYJR3,Questa nostra stupida canzone d'amore,Thegiornalisti,LOVE,30,15,4180965,0,0,0,0,1,8,0,0,1,0,20,0,1,0,0,2,12,0,0,1,14
spotify:track:2WfaOiMkCvy7F5fcp2zZ8L,Take on Me,a-ha,Hunting High and Low,30,19,2341282,2,0,0,0,1,13,0,5,1,0,10,0,2,0,0,6,13,0,0,0,9
spotify:track:0Ed7MeXx64f6OcIuoTRCg1,Xxplosive,Dr. Dre,2001,29,22,1748827,0,0,0,0,0,16,0,9,0,0,4,0,0,0,0,10,11,0,0,1,7
spotify:track:5ljCWsDlSyJ41kwqym2ORw,03' Bonnie & Clyde,JAY-Z,The Blueprint 2: The Gift & The Curse,29,9,4001201,0,0,0,0,3,13,0,1,4,0,8,0,3,0,0,1,8,0,0,0,17
spotify:track:7uWFUpGuEfmxYeymkV95jn,Time in a Bottle,Jim Croce,You Don't Mess Around With Jim,29,22,1428497,0,1,0,0,0,14,0,6,0,0,9,0,0,0,0,5,17,0,0,0,7
spotify:track:32rxE3UsuYr3KndIKPfMg6,Freaky (feat. Shiva & Niky Savage),Slings,TRAPHOUSE,29,15,3060611,0,0,0,0,0,12,0,0,3,0,14,0,1,0,0,1,13,0,0,1,13
spotify:track:39QBkWKnap8wRSW4WB9OK0,Gin and Juice,Snoop Dogg,Doggystyle,29,15,3166647,0,0,0,0,0,9,0,10,0,0,10,0,1,0,0,10,3,0,0,2,13
spotify:track:6OufwUcCqo81guU2jAlDVP,Love Tonight (Edit),Shouse,Love Tonight,29,25,1330635,0,0,0,0,0,16,0,8,0,0,5,0,0,0,0,10,15,0,0,0,4
spotify:track:5dp2DNJtGuNjwgEtAN6BZd,St. Tropez,J. Cole,2014 Forest Hills Drive,29,21,2804501,0,0,0,0,1,11,0,7,1,0,9,0,1,0,0,12,7,0,0,2,7
spotify:track:5XeFesFbtLpXzIVDNQP22n,I Wanna Be Yours,Arctic Monkeys,AM,28,13,3143830,0,0,0,0,0,7,0,9,0,0,12,0,0,0,0,9,4,0,0,0,15
spotify:track:79gZiOMkdqpBquK2tClkbn,MILANO,BIA,REALLY HER,28,10,3464523,0,0,0,0,1,13,0,0,1,0,13,0,1,0,0,0,7,0,0,3,17
spotify:track:3i2XxFTLd2061UISvE5W7f,Compton,Kendrick Lamar,"good kid, m.A.A.d city",28,26,1318010,0,0,0,0,0,7,0,11,2,0,8,0,0,0,0,12,13,0,0,1,2
spotify:track:0BxE4FqsDD1Ot4YuBXwAPp,505,Arctic Monkeys,Favourite Worst Nightmare,28,11,4312711,0,0,0,0,0,7,0,5,1,0,15,0,2,0,0,6,4,0,0,1,15
spotify:track:6tg2Nnovkz4ytqnOFAYf4X,Alive (Nightmare),Kid Cudi,Man On The Moon: The End Of Day,28,21,1954141,0,2,0,0,0,12,0,6,1,0,9,0,0,0,0,5,16,0,0,0,7
spotify:track:4UQMOPSUVJVicIQzjAcRRZ,Champion,Kanye West,Graduation,28,19,1371191,0,0,0,0,1,11,0,9,0,0,7,0,1,0,0,8,11,0,0,0,8
spotify:track:22ngk2DRBy7audIugfYDKd,Who Gon Stop Me,JAY-Z,Watch The Throne,26,25,931488,0,1,0,0,0,10,0,8,1,0,7,0,0,0,0,9,16,0,0,0,1
spotify:track:7KXjTSCq5nL1LoYtL7XAwS,HUMBLE.,Kendrick Lamar,DAMN.,26,17,1678917,0,0,0,0,0,11,0,5,0,0,10,0,2,0,0,8,9,0,0,0,7
spotify:track:0EdMqiKs9LKXhspeQhl4RZ,Time is Running Out,Muse,Absolution,26,14,3033626,0,0,0,0,0,10,0,3,0,0,13,0,0,0,0,3,11,0,0,0,12
spotify:track:6etwirSInfuJrSOlogS6Sh,American Boy,Estelle,Shine,26,13,3951269,0,0,0,0,1,10,0,9,0,0,6,0,1,0,0,9,4,0,0,0,12
spotify:track:3ySS2RpQNWsN5T88sfilZb,MY LOVE SONG 2 (feat. Coez & Frah Quintale),Salmo,CVLT,25,10,2806627,0,0,0,0,1,5,0,2,1,0,16,0,1,0,0,5,4,0,0,1,14
spotify:track:6hANXZUS2wryG1zSocof7J,CVLT (feat. Kid Yugi),Salmo,CVLT,25,11,3390577,0,0,0,0,1,6,0,1,1,0,16,0,1,0,0,3,7,0,0,1,13
spotify:track:5pMmWfuL0FTGshYt7HVJ8P,SOS,ABBA,ABBA Gold,25,14,2575393,0,0,0,0,0,11,0,1,1,0,12,0,0,0,0,2,11,1,0,1,10
spotify:track:4dyx5SzxPPaD8xQIid5Wjj,Young Folks,Peter Bjorn and John,Writer's Block,25,14,3057473,0,0,0,0,1,8,0,4,0,0,12,0,2,0,0,4,10,0,0,0,9
spotify:track:3wCB56oq3DwkzglS3G65EL,Portofino,Il Pagante,Devastante,24,18,1031434,0,0,0,0,0,5,0,13,0,0,6,0,0,0,0,14,4,0,0,0,6
spotify:track:7iXF2W9vKmDoGAhlHdpyIa,Forgot About Dre,Dr. Dre,2001,24,19,1136088,0,0,0,0,1,8,0,9,0,0,6,0,1,0,0,11,7,0,0,1,4
spotify:track:0b6wdul3A5sQNpIOv03OxP,Ocean Drive,Duke Dumont,Ocean Drive,24,16,1862134,0,3,0,0,1,11,0,4,0,1,7,0,1,0,0,8,8,0,0,0,7
spotify:track:0Q6mJSyGsUmg9WXgOcOf7A,"Maniac - From ""Flashdance""",Michael Sembello,ドライブが楽しくなる洋楽ヒッツ！80年代 DANCE,24,10,3101411,0,0,0,0,0,12,0,2,0,0,10,1,1,0,0,3,5,0,0,2,12
spotify:track:0yhMmqax6HRAZxI7udEask,"Bitch, Don’t Kill My Vibe",Kendrick Lamar,"good kid, m.A.A.d city",24,20,1430381,0,0,0,0,1,6,0,10,0,0,7,0,2,0,0,14,5,0,0,1,2
spotify:track:5H4PU7wBIXL259apGjSpOr,Can't Knock The Hustle,JAY-Z,Reasonable Doubt,24,21,1187436,0,1,0,0,0,15,0,5,0,0,4,0,0,0,0,5,16,0,0,0,3
spotify:track:5cjaDxaXyRlxGgGjRlte7m,Daydream In Blue,I Monster,Neveroddoreven,24,17,1505272,0,0,0,0,4,8,0,5,1,0,6,0,4,0,0,6,11,0,0,0,3
spotify:track:0d28khcov6AiegSCpG5TuT,Feel Good Inc.,Gorillaz,Demon Days,24,11,3008851,0,0,0,0,1,13,0,5,0,1,4,0,1,0,0,4,6,0,0,1,12
spotify:track:6HZILIRieu8S0iqY8kIKhj,DNA.,Kendrick Lamar,DAMN.,23,22,419507,0,0,0,0,1,6,0,10,1,0,5,0,1,0,0,8,13,0,0,1,0
spotify:track:1U8Ho1nOzKXYDvfigOuHG4,Kush - Main,Dr. Dre,Kush,23,15,2078168,0,0,0,0,0,10,0,2,3,0,8,0,0,0,0,2,12,0,0,1,8
spotify:track:4KFY4EEv9CN6ivrzD6vEvg,Breathe In Breathe Out,Kanye West,The College Dropout,23,20,1014858,0,0,0,0,1,7,0,5,1,0,9,0,1,0,0,10,8,0,0,2,2
spotify:track:1auxYwYrFRqZP7t3s7w4um,Ni**as In Paris,JAY-Z,Watch The Throne,23,20,802274,0,0,0,0,1,11,0,5,0,0,6,0,1,0,0,5,12,0,0,3,2
spotify:track:2NBQmPrOEEjA8VbeWOQGxO,Drop It Like It's Hot,Snoop Dogg,R&G (Rhythm & Gangsta): The Masterpiece,23,17,1910789,0,0,0,0,0,12,0,6,0,0,5,0,0,0,0,6,10,1,0,1,5
spotify:track:7wCmS9TTVUcIhRalDYFgPy,Where Is My Mind? - 2007 Remaster,Pixies,Surfer Rosa,23,8,4064620,0,0,0,0,0,5,0,5,1,0,12,0,0,0,0,4,4,0,0,0,15
spotify:track:4H3eeEecmb1lIqUfo99d8G,To Live And Die In L.A.,Makaveli,The Don Killuminati: The 7 Day Theory,22,19,790936,0,0,0,0,1,9,0,3,3,0,6,0,1,0,0,4,12,0,0,3,2
spotify:track:4gXSJzN84xigfKeDUcVOav,Save a Prayer,Duran Duran,The Singles 81-85,22,12,3028599,0,0,0,0,1,6,0,3,1,0,11,0,2,0,0,4,8,0,0,0,8
spotify:track:6tDDoYIxWvMLTdKpjFkc1B,telepatía,Kali Uchis,Sin Miedo (del Amor y Otros Demonios) ∞,22,10,2023928,0,0,0,0,0,3,0,14,0,0,5,0,1,0,0,4,6,0,0,0,11
spotify:track:5DBmXF7QO43Cuy9yqva116,Family Business,Kanye West,The College Dropout,22,19,1399603,0,0,0,0,0,7,0,8,2,0,5,0,0,0,0,7,11,0,0,1,3
spotify:track:2t8yVaLvJ0RenpXUIAC52d,a lot,21 Savage,i am > i was,22,18,1417543,0,0,0,0,0,10,0,8,3,0,1,0,0,0,0,7,10,0,0,1,4
spotify:track:0bKDQionn4VKcgNKbs4SWX,Pastello Bianco,Pinguini Tattici Nucleari,AHIA!,22,9,3418981,0,0,0,0,0,6,0,2,0,0,14,0,1,0,0,3,6,0,0,0,12
spotify:track:1th3G3okofWlvGWAAR7Y4V,School Spirit,Kanye West,The College Dropout,22,18,936931,0,0,0,0,0,9,0,12,0,0,1,0,0,0,0,10,8,0,0,0,4
spotify:track:1kwnxJNVl7cwcU98RvMBaR,Surf,Mac Miller,Circles,21,14,3147566,0,0,0,0,2,7,0,7,1,0,4,0,2,0,0,8,6,0,0,0,5
spotify:track:7wL7Lb8Q3aYyq6gmRL0PZq,Graduation Day,Kanye West,The College Dropout,21,12,644748,0,0,0,0,0,4,0,6,0,0,11,0,1,0,0,7,5,0,0,0,8
spotify:track:0WSEq9Ko4kFPt8yo3ICd6T,Praise God,Kanye West,Donda,21,15,1421076,0,0,0,0,2,8,0,2,3,0,6,0,2,0,0,4,10,0,0,1,4
spotify:track:39qYD4J4BKvZMQgxfXl5bv,Eye In The Sky,The Alan Parsons Project,Eye In The Sky (Expanded Edition),21,12,2951514,0,0,0,0,1,4,0,3,1,0,12,0,2,0,0,3,9,1,0,0,6
spotify:track:4xapIn6OHVjfotQKcgOL8K,Per dimenticare,Zero Assoluto,Per dimenticare,21,12,1923196,0,0,0,0,0,12,0,3,2,0,4,0,0,0,0,1,10,0,0,1,9
spotify:track:2YIjojA9bKEcD4ScEiBg2q,Hard Knock Life,JAY-Z,Vol.2... Hard Knock Life,20,17,1198840,0,1,0,0,0,9,0,6,0,0,5,0,0,0,0,5,12,0,0,0,3
spotify:track:2zuRZkoWxoNtKaA4Q44f44,RESPIRA (feat. Marracash),Salmo,CVLT,20,13,2026639,0,0,0,0,0,4,0,2,1,0,13,0,0,0,0,2,10,0,0,1,7
spotify:track:1iQ5E4z6CJ38dIzvMI9Wdo,The Watcher,Dr. Dre,2001,20,12,1713018,0,0,0,0,0,5,0,8,0,0,7,0,0,0,0,8,4,0,0,0,8
spotify:track:11mwFrKvLXCbcVGNxffGyP,Genie In a Bottle,Christina Aguilera,Christina Aguilera (Expanded Edition),20,7,2618125,0,0,0,0,1,5,1,2,0,0,11,0,1,0,1,3,3,0,1,1,10
spotify:track:3IUmCs4zwUffG01G7F7iQx,Drug Ballad,Eminem,The Marshall Mathers LP,20,15,1212192,0,0,0,0,0,12,0,3,0,0,5,0,0,0,0,2,13,0,0,0,5
spotify:track:0FlfN5cbUUpIHCRH8X1M44,t h e . c l i m b . b a c k,J. Cole,Lewis Street,20,13,2494373,0,0,0,0,0,12,0,2,2,0,4,0,0,0,0,3,8,0,0,2,7
spotify:track:0SyxZC4wlqAwf20cHE6Xon,Bulletproof,La Roux,Bulletproof,20,10,1809795,0,0,0,0,0,9,0,3,0,0,8,0,0,0,0,2,8,0,0,0,10
spotify:track:7DRuzSlhjKadgdsQRYZ0tr,Drunk and Hot Girls,Kanye West,Graduation,19,17,1056550,0,0,0,0,0,8,0,7,0,0,4,0,1,0,0,7,10,0,0,0,1
spotify:track:3Fcfwhm8oRrBvBZ8KGhtea,Viva La Vida,Coldplay,Viva La Vida or Death and All His Friends,19,10,2664339,0,0,0,0,0,5,0,2,3,0,9,0,0,0,0,2,6,0,0,2,9
spotify:track:5XpJOQgVEuM1FzgeGXzUvk,Butterflies & Hurricanes,Muse,Absolution,19,11,3047105,0,0,0,1,0,4,0,6,0,0,8,0,0,0,0,6,5,0,0,0,8
spotify:track:1mavQ4WCzXSeL2Dm5DS4GQ,Legacy,Eminem,The Marshall Mathers LP2,19,12,2367329,0,0,0,0,1,10,0,0,2,0,6,0,1,0,0,0,12,0,0,0,6
spotify:track:5FVd6KXrgO9B3JPmC8OPst,Do I Wanna Know?,Arctic Monkeys,AM,19,10,2740215,0,0,0,0,0,9,0,6,0,0,4,0,0,0,0,5,5,0,0,0,9
spotify:track:4pt5fDVTg5GhEvEtlz9dKk,I WANNA BE YOUR SLAVE,Måneskin,Teatro d'ira - Vol. I,19,12,1187874,0,0,0,0,0,9,0,1,0,0,9,0,1,0,0,4,8,0,0,0,6
spotify:track:6wOYnPq1hPihRepcDClPUw,Meet Me Halfway,Black Eyed Peas,THE E.N.D. (THE ENERGY NEVER DIES),19,6,3717395,1,0,0,0,1,4,0,1,0,0,13,0,1,0,0,1,5,0,0,0,12
spotify:track:4EWCNWgDS8707fNSZ1oaA5,Heartless,Kanye West,808s & Heartbreak,19,17,455685,0,0,0,0,1,2,0,14,1,0,1,0,1,0,0,12,5,0,0,0,1
spotify:track:1oYYd2gnWZYrt89EBXdFiO,Message In A Bottle,The Police,Reggatta De Blanc - Remastered 2003,19,15,1764526,0,0,0,0,0,9,0,7,0,0,3,0,0,0,0,9,6,0,0,0,4
spotify:track:4LwU4Vp6od3Sb08CsP99GC,The Next Episode,Dr. Dre,2001,19,16,565183,0,0,0,0,0,8,0,7,0,0,4,0,0,0,0,7,9,0,0,0,3
spotify:track:4MjDJD8cW7iVeWInc2Bdyj,MONACO,Bad Bunny,nadie sabe lo que va a pasar mañana,19,10,3045943,0,0,0,0,0,4,0,2,1,0,12,0,0,0,0,2,7,0,0,1,9
spotify:track:4Hff1IjRbLGeLgFgxvHflk,DARE,Gorillaz,Demon Days,18,8,2541914,0,0,0,0,2,6,0,6,0,0,4,0,2,0,0,5,3,0,0,0,8
spotify:track:4voEoczU7Ijborps9XF1n3,I Get Around,2Pac,Strictly 4 My N.I.G.G.A.Z...,18,16,743880,0,0,1,0,0,10,0,0,3,0,4,0,0,0,0,1,13,0,0,2,2
spotify:track:0I3q5fE6wg7LIfHGngUTnV,Ms. Jackson,Outkast,Stankonia,18,10,2200005,0,0,0,0,1,6,0,5,0,0,6,0,1,0,0,7,3,0,0,0,7
spotify:track:2212oBX0YELcs0sr6DqGer,Music & Me,Nate Dogg,Music and Me,18,16,679742,0,0,0,0,1,9,0,2,1,0,5,0,1,0,0,2,10,0,0,4,1
spotify:track:2fuCquhmrzHpu5xcA1ci9x,Under Pressure - Remastered 2011,Queen,Hot Space,18,11,1686195,0,0,0,0,1,7,0,3,0,0,7,1,1,0,0,3,8,0,0,0,5
spotify:track:0L87MffumRNWrY2SNUFcvs,Cocoon,Milky Chance,Blossom,18,13,1532246,0,0,0,0,0,9,0,4,1,0,4,0,0,0,0,5,8,0,0,0,5
spotify:track:2a1JSfTePKhysdIif2bzut,Workout Plan,Kanye West,The College Dropout,18,11,201788,0,0,0,0,0,12,0,4,1,0,1,0,0,0,0,4,7,0,0,0,7
spotify:track:6MgGapP3EPFm9kYUvYBTZR,I'll Fly Away,Kanye West,The College Dropout,18,17,164304,0,0,0,0,0,7,0,4,0,0,7,0,0,0,0,6,10,0,0,1,1
spotify:track:6bFsQ6yOp3z5mGNkhWP0P1,You Give Me Something,James Morrison,Undiscovered,18,10,1911959,0,0,0,0,0,8,0,4,0,0,6,0,0,0,0,4,6,0,0,0,8
spotify:track:0NrtwAmRAdLxua31SzHvXr,Everything I Am,Kanye West,Graduation,18,14,1052830,0,0,0,0,0,4,0,6,0,0,8,0,0,0,0,6,7,0,0,1,4
spotify:track:3FLPAAlQNb570TtFQ50RwR,Kings Never Die (feat. Gwen Stefani),Eminem,Curtain Call 2,18,12,1813352,0,0,0,0,0,7,0,6,1,0,4,0,1,0,0,4,7,0,0,1,5
spotify:track:6MdqqkQ8sSC0WB4i8PyRuQ,No Diggity,Blackstreet,Another Level,18,14,1637554,0,0,0,0,0,7,0,5,0,0,6,0,0,0,0,6,7,0,0,1,4
spotify:track:0Wik64zBKFTNoNjTpG70OH,Housewife,Dr. Dre,2001,18,13,1467295,0,0,0,0,0,11,0,2,0,0,5,0,0,0,0,2,10,0,0,1,5
spotify:track:7egCKT31LZ7M4Ko3WSwUOz,So Fly (J. Period Remix),Nate Dogg,A Tribute to the King of G-Funk,18,7,2426812,0,0,0,0,1,8,1,1,2,0,5,0,0,0,0,1,6,1,0,0,10
spotify:track:34xGLuxM0rkxhCVyMSqwJO,Stolen Dance,Milky Chance,Sadnecessary,18,12,2860794,0,0,0,0,1,6,0,4,1,0,6,0,1,0,0,2,10,0,0,0,5
spotify:track:3oairMMtNVnUppKwroxou4,I Know What You Want (feat. Flipmode Squad),Busta Rhymes,It Ain't Safe No More,18,15,2325196,0,0,0,0,1,4,0,6,0,0,7,0,1,0,0,6,9,0,0,0,2
spotify:track:503OTo2dSqe7qk76rgsbep,Still D.R.E.,Dr. Dre,2001,18,15,877892,0,0,0,0,0,7,0,8,0,0,3,0,0,0,0,8,6,0,0,1,3
spotify:track:48UPSzbZjgc449aqz8bxox,Californication,Red Hot Chili Peppers,Californication,18,14,1678480,0,0,0,1,1,7,0,2,1,0,6,0,1,0,0,4,10,0,0,0,3
spotify:track:3j9UIPpivEXyfV67agjXKH,"All About U (ft. Nate Dogg, Snoop Dogg, Fatal, Yani Hadati)",2Pac,All Eyez On Me,18,16,791720,0,0,0,0,0,9,0,1,3,0,5,0,0,0,0,1,12,0,0,3,2
spotify:track:2AuU35arXZdYoscOIxHWSc,Rain Man,Eminem,Encore,18,13,1437835,0,0,0,0,0,15,0,1,0,0,2,0,1,0,0,3,9,0,0,1,4
spotify:track:1cA2LExLTdhHLL0FmXoc57,When It Rains It Pours,50 Cent,Get Rich Or Die Tryin'- The Original Motion Picture Soundtrack,17,14,1085479,0,0,0,0,0,8,0,3,2,0,4,0,0,0,0,3,9,0,0,2,3
spotify:track:3lPr8ghNDBLc2uZovNyLs9,Supermassive Black Hole,Muse,Black Holes and Revelations,17,8,1948870,0,0,0,0,0,6,0,5,0,0,6,0,0,0,0,4,4,0,0,0,9
spotify:track:3G0yz3DZn3lfraledmBCT0,P.I.M.P.,50 Cent,Get Rich Or Die Tryin',17,12,1016513,0,0,0,0,1,11,0,2,0,0,3,0,2,0,0,3,9,0,0,0,3
spotify:track:2oaK4JLVnmRGIO9ytBE1bt,Dark Necessities,Red Hot Chili Peppers,The Getaway,17,9,1933918,0,0,0,0,2,4,0,3,1,0,7,0,2,0,0,4,5,0,0,0,6
spotify:track:0wokCRaKD0zPNhMRXAgVsr,Ordinary World,Duran Duran,Duran Duran,17,14,1930773,0,0,0,0,0,9,0,3,0,0,5,0,0,0,0,3,10,0,0,1,3
spotify:track:1RKUoGiLEbcXN4GY4spQDx,Clint Eastwood,Gorillaz,Gorillaz,17,13,1215178,0,0,0,0,1,5,0,5,0,0,6,0,2,0,0,5,8,0,0,0,2
spotify:track:5b2FFKC64kxqcfaFnIZxoM,Get Em High,Kanye West,The College Dropout,17,16,961510,0,0,0,0,0,6,0,5,0,0,6,0,0,0,0,4,12,1,0,0,0
spotify:track:0fX4oNGBWO3dSGUZcVdVV2,N95,Kendrick Lamar,Mr. Morale & The Big Steppers,17,13,953071,0,0,0,0,0,5,0,7,0,0,5,0,1,0,0,8,5,0,0,0,3
spotify:track:5mjYQaktjmjcMKcUIcqz4s,Strangers,Kenya Grace,Strangers,17,6,1959456,0,0,0,0,0,4,0,1,1,0,11,0,0,0,0,1,4,0,0,1,11
spotify:track:3vQir0wkIdLGq3Lc4V6J2y,Chin Check,N.W.A.,The Best Of N.W.A: The Strength Of Street Knowledge,17,12,1563570,0,0,0,0,0,5,0,5,1,0,6,0,1,0,0,4,6,0,0,2,4
spotify:track:1SWVDBtw6h3tm9OehOkDhv,What's The Difference,Dr. Dre,2001,17,11,1447798,0,0,0,0,1,4,0,6,0,0,6,0,1,0,0,7,4,0,0,0,5
spotify:track:7io19rjxOFu3pGuZgBI6Pk,Drips,Eminem,The Eminem Show,17,11,1914547,0,0,0,0,0,10,0,1,1,0,5,0,0,0,0,1,9,0,0,1,6
spotify:track:2igwFfvr1OAGX9SKDCPBwO,Empire State Of Mind,JAY-Z,The Blueprint 3,17,11,1654357,0,0,0,0,1,7,0,3,0,0,6,0,1,0,0,3,8,0,0,0,5
spotify:track:4OWa2dOlmtvMDhFrFL0QA1,"La leçon particulière - Bande originale du film ""La leçon particulière""",Francis Lai,Mayerling,17,11,816974,0,0,0,0,1,4,0,2,1,0,9,0,0,0,0,3,8,0,0,0,6
spotify:track:1oHXeD1gQQCQUYHeHp2HMU,Discombobulated,Eminem,Music To Be Murdered By - Side B,17,12,1329466,0,0,0,0,1,10,0,3,0,0,3,0,1,0,0,2,10,0,0,0,4
spotify:track:6AgMzkvClobScVCFOyxGDD,Kyrie & Luka,Eminem,The Death of Slim Shady (Coup De Grâce): Expanded Mourner’s Edition,17,12,1190939,0,0,0,0,1,7,0,4,0,0,5,0,2,0,0,4,7,0,0,1,3
spotify:track:5Ve4qBYAThGLTOva0hhoTa,So Bad,Eminem,Recovery,16,10,1274172,0,0,0,0,1,12,0,0,0,0,3,0,3,0,0,0,9,0,0,1,3
spotify:track:60SdxE8apGAxMiRrpbmLY0,Lucky You (feat. Joyner Lucas),Eminem,Kamikaze,16,10,1603513,0,0,0,0,0,8,0,1,1,0,6,0,0,0,0,1,8,0,0,1,6
spotify:track:4EQkcrSLF3QdlwNca7sMXY,Say What You Say,Eminem,The Eminem Show,16,11,1574219,0,0,0,0,0,9,0,1,1,0,5,0,0,0,0,1,9,0,0,1,5
spotify:track:4NGS3j6JmOx6VUaXt6VQbj,Ackrite,Dr. Dre,2001,16,11,607021,0,0,0,0,2,6,0,3,1,0,4,0,3,0,0,3,7,0,0,1,2
spotify:track:7BMO7O7ImjV8HNTH74Tshv,Cleanin' Out My Closet,Eminem,The Eminem Show,16,9,1929343,0,0,0,0,1,7,0,1,0,0,7,0,1,0,0,1,8,0,0,0,6
spotify:track:4woTEX1wYOTGDqNXuavlRC,Superman,Eminem,The Eminem Show,16,8,2819536,0,0,0,0,0,7,0,1,0,0,8,0,0,0,0,1,7,0,0,0,8
spotify:track:25tZHMv3ctlzqDaHAeuU9c,The Great Gig In The Sky - 2011 Remastered Version,Pink Floyd,The Dark Side Of The Moon,16,10,2255890,0,0,0,0,1,7,0,7,0,0,1,0,1,0,0,8,2,0,0,0,5
spotify:track:4wzt5Rrk3W98pHXAqutuJw,Talk,Coldplay,X&Y,16,12,2243876,0,0,0,0,0,9,0,4,0,0,3,0,0,0,0,5,6,0,0,1,4
spotify:track:7387VaiHpOsSIZ5nmjseya,Barry Bonds,Kanye West,Graduation,16,11,929794,0,0,0,0,1,3,0,5,0,0,7,0,1,0,0,5,6,0,0,0,4
spotify:track:5STdMlrBf6pqWiNE7WqxSi,Many Men (Wish Death),50 Cent,Get Rich Or Die Tryin',16,7,2496184,0,0,0,0,0,3,0,6,0,0,7,0,1,0,0,3,4,0,0,0,8
spotify:track:2bwxqGKS5GPXfNanAIRe2p,Seven Days in Sunny June,Jamiroquai,Dynamite,16,9,1536692,1,0,0,0,2,5,0,2,0,0,7,0,2,0,0,2,7,0,0,0,5
spotify:track:0nfQguNoAfKFjsQHr6qnxc,m.A.A.d city,Kendrick Lamar,"good kid, m.A.A.d city",16,15,367059,0,0,0,0,0,4,0,9,0,0,3,0,1,0,0,9,5,0,0,1,0
spotify:track:5F94xbz85nE6wfZGHqOMCG,Puke,Eminem,Encore,16,14,679357,0,0,0,0,0,12,0,2,1,0,1,0,0,0,0,2,9,0,0,3,2
spotify:track:2P61EK6DMGyVyssLWS4fKy,Lane Boy,Twenty One Pilots,Blurryface,16,14,1123970,0,0,0,0,0,7,0,4,2,0,3,0,0,0,0,6,7,0,0,1,2
spotify:track:7iL6o9tox1zgHpKUfh9vuC,In Da Club,50 Cent,Get Rich Or Die Tryin',15,9,1174507,0,0,0,0,1,6,0,3,0,0,5,0,1,0,0,3,5,0,0,1,5
spotify:track:4OV0sRTFrZLXaZZ1sS9hLn,Sirius,The Alan Parsons Project,Eye In The Sky (Expanded Edition),15,6,755097,0,0,0,0,0,4,0,8,1,0,2,0,0,0,0,4,2,0,0,0,9
spotify:track:3sUzeeqRtfBfJAkk8qb8Pd,Chico (feat. Rose Villain & Luchè),Guè,Mr. Fini,15,9,1544323,1,0,0,0,0,5,0,3,0,0,7,0,0,0,0,4,5,0,0,0,6
spotify:track:3CRDbSIZ4r5MsZ0YwxuEkn,Stressed Out,Twenty One Pilots,Blurryface,15,11,846872,2,0,0,0,0,4,0,4,0,5,2,0,0,0,0,8,3,0,0,0,4
spotify:track:2N3U8uTYhjX2KwGT0pf5x0,"Everyday (feat. Rod Stewart, Miguel & Mark Ronson)",A$AP Rocky,AT.LONG.LAST.A$AP,15,12,993103,0,0,0,0,0,9,0,2,0,0,4,0,0,0,0,2,10,0,0,0,3
spotify:track:5BCykgPXc7zEBg2oU0klvy,Who Can It Be Now?,Men At Work,Business As Usual,15,5,2179104,0,0,0,0,0,3,0,3,1,1,7,0,0,0,0,3,2,0,0,0,10
spotify:track:2eSJflipjhSKLExuSwuFrO,What's Luv? (feat. Ashanti),Fat Joe,What's Luv? (feat. Ashanti),15,11,905931,0,0,0,0,1,7,0,0,4,0,3,0,1,0,0,0,9,0,0,2,3
spotify:track:6BU1RZexmvJcBjgagVVt3M,Count Me Out,Kendrick Lamar,Mr. Morale & The Big Steppers,15,14,593765,0,1,0,0,0,7,0,6,0,0,2,0,0,0,0,6,8,0,0,0,1
spotify:track:2eGCc9zvaUKzd3oKwQNwXW,Oroscopo (feat. Takagi & Ketra) - Ghost track,Calcutta ,Oroscopo (feat. Takagi & Ketra),15,6,1854128,0,0,0,0,0,5,0,3,0,0,7,0,0,0,0,4,2,0,0,0,9
spotify:track:3CpoeW0cZSDzIRv5z34F87,Sing For The Moment,Eminem,The Eminem Show,15,11,1374402,0,0,0,0,0,10,0,1,0,0,4,0,0,0,0,1,9,0,0,1,4
spotify:track:1xUnvxp9DFrpwXnO0RHKUp,Cookies N' Cream (feat. ANNA & Sfera Ebbasta),Guè,Madreperla,15,8,1710415,1,0,0,0,1,7,0,3,0,0,4,0,1,0,0,5,3,0,0,0,6
spotify:track:2JvzF1RMd7lE3KmFlsyZD8,MIDDLE CHILD,J. Cole,MIDDLE CHILD,15,9,1546436,0,0,0,0,1,6,0,3,0,0,5,0,1,0,0,3,6,0,0,0,5
spotify:track:1AQqSrJYbCeRtzO7EApqYX,Ricordi,Pinguini Tattici Nucleari,Fake News,15,7,1755288,1,0,0,0,0,2,0,4,1,0,8,0,0,0,0,4,3,0,0,0,8
spotify:track:5mLyDJpsSLltdrA81sjqjX,Together (feat. Rah Digga),Busta Rhymes,It Ain't Safe No More,15,11,1595013,0,0,0,0,1,6,0,3,1,0,4,0,1,0,0,3,8,0,0,0,3
spotify:track:10C83Ul1IxCyuoJRWtx5GN,Your Wife (feat. Dr. Dre),Nate Dogg,Music and Me,15,12,762417,0,0,0,0,0,8,0,3,0,0,4,0,0,0,0,3,8,0,0,1,3
spotify:track:0YFqKxV9uNu6LUeYkLOKRS,On Time (with John Legend),Metro Boomin,HEROES & VILLAINS,15,12,648870,0,0,0,0,0,8,0,5,0,0,2,0,0,0,0,5,7,0,0,0,3
spotify:track:5IweeQZdY5XEzStLzUJG5t,Purple Pills,D12,Devils Night,15,12,1120872,0,0,0,0,0,9,0,2,1,0,3,0,1,0,0,2,8,0,0,2,2
spotify:track:0bBnrokPXtfwXQarqCu1Gz,Road Rage,Eminem,The Death of Slim Shady (Coup De Grâce),15,13,340859,0,1,0,0,0,10,0,2,1,0,2,0,0,0,0,2,9,0,0,2,2
spotify:track:3AJwUDP919kvQ9QcozQPxg,Yellow,Coldplay,Parachutes,15,8,2332292,0,0,0,0,0,6,0,2,1,0,6,0,0,0,0,2,5,0,0,1,7
spotify:track:07EHYORZMFGlBdI5zIB7lp,Mosh,Eminem,Encore,15,14,374075,0,0,0,0,0,10,0,2,1,0,2,0,0,0,0,2,10,0,0,2,1
spotify:track:1gE7p3b4J8p4ivOCR2CO0Y,Marechià,Nu Genea,Marechià,14,9,1728770,0,0,0,0,0,5,0,3,1,0,5,0,0,0,0,3,6,0,0,0,5
spotify:track:2L47m9erkB5KBZcaqWtYen,Big Brother,Kanye West,Graduation,14,11,672833,0,0,0,0,0,6,0,4,0,0,4,0,1,0,0,4,6,0,0,1,2
spotify:track:1pOIpxfrQ8AszXZdKR3aH3,Gangsta Gangsta,N.W.A.,Straight Outta Compton,14,14,182024,0,0,0,0,0,9,0,2,0,0,3,0,0,0,0,3,10,0,0,1,0
spotify:track:7iOhWWYjhhQiXzF4o4HhXN,Last Call,Kanye West,The College Dropout,14,14,867003,0,0,0,0,0,9,0,3,0,0,2,0,0,0,0,11,1,0,0,2,0
spotify:track:5vmRQ3zELMLUQPo2FLQ76x,Smalltown Boy,Bronski Beat,The Age of Consent,14,10,1421110,0,0,0,0,1,5,0,3,0,0,5,0,1,0,0,2,8,0,0,0,3
spotify:track:7LVHVU3tWfcxj5aiPFEW4Q,Fix You,Coldplay,X&Y,14,14,126931,0,0,0,0,0,8,0,3,1,0,2,0,0,0,0,3,11,0,0,0,0
spotify:track:7H7NyZ3G075GqPx2evsfeb,Chamber Of Reflection,Mac DeMarco,Salad Days,14,11,821517,0,0,0,0,0,5,0,5,0,0,4,0,0,0,0,5,5,0,0,1,3
spotify:track:2qOm7ukLyHUXWyR4ZWLwxA,It Was A Good Day,Ice Cube,The Predator,14,8,1340583,0,0,0,0,1,5,0,4,1,0,3,0,1,0,0,4,4,0,0,0,5
spotify:track:7nYvUtkQMx1v80S2FH2s9J,Regulate,Warren G,Regulate… G Funk Era,14,13,328808,0,0,0,0,0,6,0,6,0,0,2,0,0,0,0,6,7,0,0,0,1
spotify:track:5OxgFpiGktT1kMQxwGa870,Criminal,Eminem,The Marshall Mathers LP,14,12,378776,0,0,0,0,1,11,0,2,0,0,0,0,1,0,0,3,8,0,0,1,1
spotify:track:5CpsIb7SMFHjmAG8RvIWfq,Leaving Heaven (feat. Skylar Grey),Eminem,Music To Be Murdered By,14,9,1704056,0,0,0,0,0,7,0,1,1,0,5,0,0,0,0,0,8,0,0,1,5
spotify:track:6Db8IlZ7YY1pfIjJllejyH,Hailie's Song,Eminem,The Eminem Show,14,11,985267,0,0,0,0,0,9,0,1,1,0,3,0,0,0,0,1,10,0,0,0,3
spotify:track:0Fs9cdPDhptWEDJmiCbkEW,She Knows (feat. Amber Coffman & Cults),J. Cole,Born Sinner,14,11,1270205,0,0,0,0,1,7,0,2,0,0,4,0,2,0,0,3,8,0,0,0,1
spotify:track:7fzHQizxTqy8wTXwlrgPQQ,MILLION DOLLAR BABY,Tommy Richman,MILLION DOLLAR BABY,14,7,1141992,0,0,0,0,0,4,0,2,2,0,6,0,0,0,0,2,5,0,0,0,7
spotify:track:2BMRUAA1oTc7e9JPlr6xbZ,Big Ego's,Dr. Dre,2001,13,7,1654177,0,0,0,0,0,5,0,4,0,0,4,0,0,0,0,4,2,0,0,1,6
spotify:track:3xpTHrC1b6dmiLEeM5jO0z,Tragic Endings (feat. Skylar Grey),Eminem,Revival,13,8,1402043,0,0,0,0,0,6,0,5,0,0,2,0,0,0,0,5,3,0,0,0,5
spotify:track:22L7bfCiAkJo5xGSQgmiIO,All Of The Lights,Kanye West,My Beautiful Dark Twisted Fantasy,13,11,159520,0,0,0,0,1,0,0,10,0,0,2,0,1,0,0,9,2,0,0,0,1
spotify:track:2Lhdl74nwwVGOE2Gv35QuK,Cupid's Chokehold / Breakfast in America,Gym Class Heroes,The Papercut Chronicles,13,9,827309,0,0,0,0,1,7,0,3,0,0,2,0,1,0,0,3,6,0,0,0,3
spotify:track:5D2mYZuzcgjpchVY1pmTPh,Candy Shop,50 Cent,The Massacre,13,10,497951,0,0,0,0,0,7,1,2,0,0,3,0,1,0,0,2,8,0,0,0,2
spotify:track:0CXVjQI9wsqaGeIARkkpYc,I Wanna Love You,Akon,Konvicted,13,12,419215,0,0,0,0,0,9,0,1,1,0,2,0,0,0,0,1,10,0,0,1,1
spotify:track:1QPreu0BNOrUfEb8HTd2qG,Rich Spirit,Kendrick Lamar,Mr. Morale & The Big Steppers,13,11,514814,0,1,0,0,0,6,0,6,1,0,0,0,0,0,0,5,5,0,0,1,2
spotify:track:4D65zMx01EirTnqzJMJ9PF,Free Bird - Edit,Lynyrd Skynyrd,Kid Friendly Classic Rock,13,6,1746923,0,0,0,0,0,2,0,5,0,0,6,1,0,0,0,5,1,0,0,0,6
spotify:track:5k7wy2Ek7y6kSQ4fER7w0E,Brainless,Eminem,The Marshall Mathers LP2,13,8,1227541,0,0,0,0,0,8,0,0,1,0,4,0,0,0,0,0,7,1,0,1,4
spotify:track:626wlz3bovvpH06PYht5R0,Us And Them - 2011 Remastered Version,Pink Floyd,The Dark Side Of The Moon,13,11,1009169,0,0,0,0,0,5,0,6,0,0,2,0,0,0,0,5,5,0,0,1,2
spotify:track:7GXOXYdU950eRvk5rUAE8F,Head Honcho,Eminem,The Death of Slim Shady (Coup De Grâce),13,11,366841,0,1,0,0,0,5,0,5,0,0,3,0,1,0,0,5,6,0,0,0,1
spotify:track:1NHwvBmrUje4L1dxfWnXCH,Put Your Hands Where My Eyes Could See (feat. Jamal),Busta Rhymes,When Disaster Strikes...,13,10,822365,0,0,0,0,0,7,0,2,1,0,3,0,0,0,0,2,8,0,0,0,3
spotify:track:7KwZNVEaqikRSBSpyhXK2j,Hypnotize - 2014 Remaster,The Notorious B.I.G.,Life After Death,13,13,350620,0,0,0,0,0,6,0,4,0,0,3,0,0,0,0,4,8,0,0,1,0
spotify:track:5J6CXHvsfRGyyCnQZmVPoE,Poetic Justice,Kendrick Lamar,"good kid, m.A.A.d city",13,12,626614,0,0,0,0,0,1,0,6,0,0,6,0,0,0,0,7,5,0,0,0,1
spotify:track:5fdNHVZHbWB1AaXk4RBGVD,Just the Two of Us,"Grover Washington, Jr.",Winelight,13,11,1332119,0,0,0,0,0,6,0,4,0,0,3,0,0,0,0,4,6,0,0,1,2
spotify:track:19DHPlTC2gx1j4jrFzNbwL,30ºC,ANNA,VERA BADDIE,13,11,336962,0,0,0,0,0,4,0,7,0,0,2,0,0,0,0,7,4,0,0,0,2
spotify:track:0GTK6TesV108Jj5D3MHsYb,Owner of a Lonely Heart,Yes,90125,13,9,906931,0,0,0,0,0,6,0,4,0,0,3,0,0,0,0,4,4,0,1,1,3
spotify:track:4b8hQaPTM7FhpOOAkKBj5A,Brioschi,Franco126,Stanza Singola,13,9,1264047,0,0,0,0,0,11,0,1,0,0,1,0,0,0,0,1,7,0,0,1,4
spotify:track:1dIWPXMX4kRHj6Dt2DStUQ,Chosen (feat. Ty Dolla $ign),Blxst,No Love Lost,13,8,778538,0,0,0,0,0,3,0,6,0,0,4,0,1,0,0,4,4,0,0,0,4
spotify:track:0lWjRSzq5chA9fps3pM8Zr,The Glory,Kanye West,Graduation,13,10,855698,0,0,0,0,0,5,0,4,0,0,4,0,0,0,0,4,6,0,0,0,3
spotify:track:1ixbwbeBi5ufN4noUKmW5a,Paper Planes,M.I.A.,Kala,13,9,1110913,0,0,0,0,0,6,0,2,0,0,5,0,0,0,0,3,6,0,0,0,4
spotify:track:7N1Vjtzr1lmmCW9iasQ8YO,Survival of the Fittest,Mobb Deep,The Infamous,13,8,1054271,0,0,0,0,0,6,0,3,0,0,4,0,1,0,0,3,5,0,0,0,4
spotify:track:00SmB7n85SKROGjybsyq5i,Bongo Bong,Manu Chao,Clandestino,13,6,1295035,0,0,0,0,0,6,0,1,1,0,5,0,0,0,0,1,4,0,0,1,7
spotify:track:3RmKpob8xzv1pzHEQrMJah,Let Me Blow Ya Mind,Eve,Scorpion,13,7,1701908,0,0,0,0,0,2,0,1,1,0,9,0,1,0,0,1,6,0,0,0,5
spotify:track:4ERzcLXB4YCILKugtJ90iu,Searchin,Matisyahu,Spark Seeker,12,8,911106,0,0,0,0,1,7,0,1,0,0,3,0,1,0,0,1,7,0,0,0,3
spotify:track:7y8n4wbMzsLMzTI6Qan02f,All You Got - skit,Eminem,The Death of Slim Shady (Coup De Grâce),12,9,54849,0,0,0,0,0,8,0,0,1,0,3,0,0,0,0,0,8,0,0,1,3
spotify:track:0DFRrABd2ppHhS3QaZuCJ1,Fuck Tha Police,N.W.A.,Greatest Hits,12,12,424113,0,0,0,0,0,3,0,6,0,0,3,0,0,0,0,6,6,0,0,0,0
spotify:track:1DIXPcTDzTj8ZMHt3PDt8p,Gangsta's Paradise,Coolio,Gangsta's Paradise,12,9,807937,0,0,0,0,0,6,0,4,0,0,2,0,0,0,0,5,4,0,0,0,3
spotify:track:3HVJbdz0V402U5YggQK4Ao,Touch It,Busta Rhymes,The Big Bang,12,9,568720,0,0,0,0,1,5,1,1,1,0,3,0,2,0,0,1,7,0,0,1,1
spotify:track:3NGT0Td7H4Is1qrlDQJxma,Check Yo Self - Remix,Ice Cube,Bootlegs And B-Sides,12,11,571072,0,0,0,0,0,8,0,2,1,0,1,0,0,0,0,2,7,0,0,2,1
spotify:track:1r9xUipOqoNwggBpENDsvJ,Enemy (with JID) - from the series Arcane League of Legends,Imagine Dragons,Enemy (with JID),12,6,1159694,1,0,0,0,1,2,0,1,0,0,8,0,1,0,0,1,5,0,0,0,5
spotify:track:0ekMehNXQgeMJXfCPrlTTf,Quelli che benpensano (feat. Riccardo Sinigallia),Frankie hi-nrg mc,La Morte Dei Miracoli & Diff. Coupling,12,9,774376,0,0,0,0,0,8,0,1,0,0,3,0,0,0,0,1,8,0,0,0,3
spotify:track:16gh7dwib6LqU1miIx4RQH,Grace of God (feat. DJ Los),Apollo Brown,Mona Lisa,12,5,1568953,0,1,0,0,0,3,0,8,0,0,1,0,1,0,0,2,2,0,0,1,6
spotify:track:0KxU9wjCedUxSGdjuFdBDu,Shut Up,Black Eyed Peas,Elephunk,12,9,1007407,0,0,0,0,0,5,0,4,0,0,3,0,0,0,0,4,5,0,0,0,3
spotify:track:0GQ5bFTVFFKpwNPc7KwQnB,"You Gon’ Learn (feat. Royce Da 5'9"" & White Gold)",Eminem,Music To Be Murdered By,12,9,944872,0,0,0,0,0,8,0,2,0,0,2,0,0,0,0,1,8,0,0,0,3
spotify:track:5mZhdcP4Cexz1kWqGobJF6,QUALCOSA IN CUI CREDERE - Lo scheletro,Marracash,Persona,12,3,2166649,1,0,0,0,0,7,0,1,0,0,4,0,0,0,0,0,3,0,0,0,9
spotify:track:7gQAFGUyHPcY0cQNPsjMf0,Crying at the Discoteque - Radio Edit,Alcazar,Casino,12,8,1042713,0,0,0,0,0,5,0,2,0,0,5,0,0,0,0,1,7,0,0,0,4
spotify:track:3oBVv54hTMSYXXJGxO5JxJ,"Love Anthem, No. 1",Venerus,Love Anthem,12,5,1579501,0,0,0,0,2,5,0,1,0,0,4,0,3,0,0,0,5,0,0,0,4
spotify:track:286TLtk120rnrmVeQClDTc,Walking On A Dream,Empire Of The Sun,Walking On A Dream,12,6,1006689,1,0,0,0,1,6,0,1,0,0,4,0,1,0,0,1,5,0,0,0,5
spotify:track:0vg4WnUWvze6pBOJDTq99k,You're Beautiful,James Blunt,Back to Bedlam,12,10,563352,0,0,0,0,0,6,0,1,1,0,4,0,0,0,0,2,7,0,0,1,2
spotify:track:4yNk9iz9WVJikRFle3XEvn,golden hour,JVKE,this is what falling in love feels like (554Hz),12,7,887063,1,0,0,0,0,3,0,5,1,0,3,0,1,0,0,4,3,0,0,0,4
spotify:track:38bARlnKCEPZvng2g35dxI,Vento D'Estate,Niccolò Fabi,Niccolò Fabi,12,9,836983,0,0,0,0,0,5,0,3,0,0,4,0,0,0,0,3,6,0,0,0,3
spotify:track:561jH07mF1jHuk7KlaeF0s,Mockingbird,Eminem,Encore,12,10,515349,0,0,0,0,0,9,0,1,0,0,2,0,0,0,0,1,8,0,0,1,2
spotify:track:23hpOtox5sIuRqVBVVJxsO,Stanza Singola (feat. Tommaso Paradiso),Franco126,Stanza Singola,12,6,1090474,1,0,0,0,1,6,0,1,0,0,4,0,1,0,0,2,4,0,0,0,5
spotify:track:4BHSjbYylfOH5WAGusDyni,YAH.,Kendrick Lamar,DAMN.,12,9,381884,0,0,0,0,0,9,0,3,0,0,0,0,0,0,0,3,5,0,0,1,3
spotify:track:3ZIkmxpH72lBkAXq9C4pb2,Like My Shit,Eminem,The Death of Slim Shady (Coup De Grâce): Expanded Mourner’s Edition,12,8,832209,0,0,0,0,1,5,0,2,0,0,4,0,2,0,0,3,5,0,0,0,2
spotify:track:1CDQzbCz4KSQxHe7LMEgRM,Houdini,Eminem,The Death of Slim Shady (Coup De Grâce),12,12,272487,0,1,0,0,0,9,0,1,0,0,2,0,0,0,0,3,8,0,0,1,0
spotify:track:33ZXjLCpiINn8eQIDYEPTD,"Shook Ones, Pt. II",Mobb Deep,The Infamous,11,10,498103,0,0,0,0,0,9,0,1,0,0,1,0,0,0,0,2,7,0,0,1,1
spotify:track:4DxU9yKktJVQXhcLxjh67j,Dedicato A Te,Le Vibrazioni,Le Vibrazioni,11,5,1203940,1,0,0,0,1,1,0,6,0,0,3,0,1,0,0,3,2,0,0,0,5
spotify:track:4zMxWSP2qZUy5CBCH5PdzZ,Crown,Kendrick Lamar,Mr. Morale & The Big Steppers,11,11,296147,0,1,0,0,0,5,0,4,1,0,1,0,0,0,0,5,6,0,0,0,0
spotify:track:3vkQ5DAB1qQMYO4Mr9zJN6,Gimme! Gimme! Gimme! (A Man After Midnight),ABBA,Voulez-Vous,11,7,1410404,0,0,0,0,0,6,0,0,1,0,4,0,0,0,0,1,6,0,0,0,4
spotify:track:25mwJPzWVmS2yronBNQJF1,School Spirit Skit 1,Kanye West,The College Dropout,11,11,137564,0,0,0,0,0,8,0,0,0,0,3,0,0,0,0,1,9,0,0,1,0
spotify:track:4HSAJpNocVNJbwbQvtCMdO,Signs,Snoop Dogg,R&G (Rhythm & Gangsta): The Masterpiece,11,10,315454,0,0,0,0,0,9,0,2,0,0,0,0,0,0,0,2,8,0,0,0,1
spotify:track:1BV0m40U0M4t1SLIsDnwZl,1973,James Blunt,All the Lost Souls,11,5,1695907,0,0,0,0,0,2,0,3,0,0,6,0,0,0,0,3,1,0,0,1,6
spotify:track:432hUIl3ISDeytYW5XBQ5h,Wolves,Kanye West,The Life Of Pablo,11,10,317190,0,0,0,0,1,0,0,8,0,0,2,0,1,0,0,7,3,0,0,0,0
spotify:track:1REVvAphiSTJyKQ1fDpHa4,Purple Hearts,Kendrick Lamar,Mr. Morale & The Big Steppers,11,9,962411,0,2,0,0,0,5,0,3,0,0,3,0,0,0,0,3,4,0,0,2,2
spotify:track:64BbK9SFKH2jk86U3dGj2P,Otherside,Red Hot Chili Peppers,Californication,11,6,1692396,0,0,0,0,0,4,0,2,0,0,5,0,0,0,0,1,5,0,0,0,5
spotify:track:1r3cH3Y1QGe8VseL8GEvn2,Shit Hits The Fan,Obie Trice,Cheers,11,11,218011,0,0,0,0,0,5,0,2,0,0,4,0,0,0,0,2,8,0,0,1,0
spotify:track:2Im64pIz6m0EJKdUe6eZ8r,Lost In The World,Kanye West,My Beautiful Dark Twisted Fantasy,11,11,60191,0,0,0,0,0,0,0,10,0,0,1,0,0,0,0,10,1,0,0,0,0
spotify:track:7lIr3vVhpDkU5mQEDcnA0S,Intro,Kanye West,The College Dropout,11,10,21703,0,0,0,0,0,1,0,10,0,0,0,0,0,0,0,8,2,0,0,0,1
spotify:track:3LZOfhvPNSkRYWFTTSxMvr,The Kids,Eminem,The Marshall Mathers LP,11,7,1392299,0,0,0,0,0,5,0,3,0,0,3,0,0,0,0,3,4,0,0,0,4
spotify:track:5txoZyuAmtCfmDjUCEphWm,Somebody To Love,Queen,Bohemian Rhapsody,11,7,1213298,0,0,0,0,0,5,0,1,0,0,5,0,0,0,0,1,6,0,0,0,4
spotify:track:0CQGTqRcp8OS8wAO1BqWHU,Never Had A Friend Like Me,2Pac,Gridlock'd (The Soundtrack),11,6,1294424,0,0,0,0,1,6,0,0,1,0,3,0,1,0,0,0,5,0,0,1,4
spotify:track:0X1q9dp4z8MYFYaUDm2unn,Solo 3 min,Negramaro,Mentre Tutto Scorre,11,8,797644,0,0,0,0,0,6,0,1,0,0,4,0,0,0,0,1,6,0,0,1,3
spotify:track:3F14hbIqy1JKKLTb1mzdYV,My Dad's Gone Crazy,Eminem,The Eminem Show,11,6,1371300,0,0,0,0,0,3,0,1,1,0,6,0,0,0,0,1,3,0,0,2,5
spotify:track:6dMvLEipqRW6vh8Bt5PbOg,Tribale,Elodie,Tribale,11,10,378893,0,0,0,0,0,4,0,3,0,0,4,0,0,0,0,3,7,0,0,0,1
spotify:track:0KbIwqCAHmXWu7hrszXY6j,Party We Will Throw Now!,Warren G,Party We Will Throw Now! - Single,11,9,438453,0,0,0,0,0,6,0,3,0,0,2,0,0,0,0,4,4,0,0,1,2
spotify:track:6SwRhMLwNqEi6alNPVG00n,LOYALTY. FEAT. RIHANNA.,Kendrick Lamar,DAMN.,11,7,465042,0,0,0,0,1,6,0,1,1,0,2,0,2,0,0,2,5,0,0,0,2
spotify:track:6KIKRz9eSTXdNsGUnomdtW,Straight Outta Compton,N.W.A.,Straight Outta Compton,11,11,262439,0,0,0,0,0,4,0,4,0,0,3,0,0,0,0,2,9,0,0,0,0
spotify:track:2w3eXFL86RgxGtDr8bzwgK,A Message,Coldplay,X&Y,11,11,59982,0,0,0,0,0,5,0,3,1,0,2,0,0,0,0,5,6,0,0,0,0
spotify:track:4VqPOruhp5EdPBeR92t6lQ,Uprising,Muse,The Resistance,11,11,529727,0,0,0,0,0,4,0,2,1,0,4,0,0,0,0,5,6,0,0,0,0
spotify:track:4NpIbjh8rOLs4sRTCGUHAM,Under The Influence,Eminem,The Marshall Mathers LP,11,9,1133737,0,0,0,0,0,6,0,2,0,0,3,0,0,0,0,2,6,0,0,1,2
spotify:track:086myS9r57YsLbJpU0TgK9,Why'd You Only Call Me When You're High?,Arctic Monkeys,AM,11,8,523789,0,0,0,0,0,1,0,7,0,0,3,0,0,0,0,7,1,0,0,0,3
spotify:track:5nXbL8xBhUeudTnsAQnB5r,Check Yo Self,Ice Cube,Featuring...Ice Cube,11,7,768649,0,0,0,0,0,7,0,2,0,0,2,0,1,0,0,2,4,0,0,1,3
spotify:track:4EaLtMfbUpse9yzsxVYicz,Make It Right,FDVM,Make It Right,11,10,236598,0,0,0,0,0,6,0,1,3,0,1,0,0,0,0,1,8,0,0,1,1
spotify:track:5Tl0HJvynZtKdSUMKbFVVX,Hard Knock Life (Ghetto Anthem),JAY-Z,Vol.2... Hard Knock Life,11,11,455172,0,0,0,0,0,6,0,2,0,0,3,0,0,0,0,2,9,0,0,0,0
spotify:track:6RUpJeXT6U4SPEafnr9Wr7,Where The Hood At,DMX,Grand Champ,11,10,315352,0,0,0,0,0,7,0,4,0,0,0,0,0,0,0,4,5,0,0,1,1
spotify:track:6NDt5z8GKIHub37hBQ4x18,Tearing Me Up,Bob Moses,Days Gone By,11,7,1549930,0,0,0,0,1,2,0,4,0,0,4,0,2,0,0,4,3,0,0,0,2
spotify:track:4llK75pXNWZz6KAho2Gp16,She Will Be Loved - Radio Mix,Maroon 5,Songs About Jane: 10th Anniversary Edition,11,9,691839,0,0,0,0,0,3,0,6,0,0,2,0,0,0,0,6,3,0,0,0,2
spotify:track:5IVuqXILoxVWvWEPm82Jxr,Crazy In Love (feat. Jay-Z),Beyoncé,Dangerously In Love,11,8,910240,0,0,0,0,1,5,0,0,1,0,4,0,1,0,0,0,8,0,0,0,2
spotify:track:6t180YbVeK9MWrj2zjMr5Z,World Hold On - FISHER Rework,Bob Sinclar,World Hold On,11,8,569589,0,0,0,0,0,7,0,2,0,0,2,0,0,0,0,2,6,0,0,0,3
spotify:track:0N3W5peJUQtI4eyR6GJT5O,King Kunta,Kendrick Lamar,To Pimp A Butterfly,11,11,29427,0,0,0,0,0,5,0,6,0,0,0,0,0,0,0,6,5,0,0,0,0
spotify:track:0xEgDBXYO9gGzmxCFWKxNg,CRUDELIA - I nervi,Marracash,Persona,11,5,1230932,0,0,0,0,0,7,0,0,0,0,4,0,1,0,0,0,4,0,0,1,5
spotify:track:2PpruBYCo4H7WOBJ7Q2EwM,Hey Ya!,Outkast,Speakerboxxx/The Love Below,11,7,819528,0,0,0,0,1,1,0,5,0,0,4,0,1,0,0,6,1,0,0,0,3
spotify:track:0vjeOZ3Ft5jvAi9SBFJm1j,Superhero (Heroes & Villains) [with Future & Chris Brown],Metro Boomin,HEROES & VILLAINS,11,11,50363,0,0,0,0,0,4,0,5,0,0,2,0,0,0,0,4,6,0,0,1,0
spotify:track:7lQ8MOhq6IN2w8EYcFNSUk,Without Me,Eminem,The Eminem Show,11,7,1222644,0,0,0,0,0,5,0,1,0,0,5,0,0,0,0,1,6,0,0,0,4
spotify:track:0lc70Jh2s1iOMuv9XIEhFy,Castle,Eminem,Revival,11,10,413751,0,0,0,0,0,6,0,2,1,0,2,0,0,0,0,2,8,0,0,0,1
spotify:track:2wGSgTmgSF3xjRrHkTc25R,Hate It Or Love It,The Game,The Documentary,11,11,145028,0,0,0,0,0,8,0,0,2,0,1,0,0,0,0,1,9,0,0,1,0
spotify:track:3Y6XWs8xMlCngyIxNOFnsp,Sound of da Police,KRS-One,Return of the Boom Bap,11,10,345073,0,0,0,0,0,8,0,1,0,0,2,0,0,0,0,1,9,0,0,0,1
spotify:track:49FYlytm3dAAraYgpoJZux,Umbrella,Rihanna,Good Girl Gone Bad: Reloaded,11,9,938672,1,1,0,0,0,5,0,2,1,0,3,0,0,0,0,2,7,0,0,0,2
spotify:track:3drdWsJKiVCSQ2gKhd9BDT,Savior,Kendrick Lamar,Mr. Morale & The Big Steppers,11,10,313589,0,1,0,0,0,7,0,3,0,0,1,0,0,0,0,3,7,0,0,0,1
spotify:track:7ySUcLPVX7KudhnmNcgY2D,S&M,Rihanna,Loud,11,7,984401,0,0,0,0,0,3,0,2,1,0,5,0,1,0,0,2,4,0,0,1,3
spotify:track:2lPE6W6ONJKmBE6hLjpIYo,Zeus (feat. White Gold),Eminem,Music To Be Murdered By - Side B,10,8,712522,0,0,0,0,0,6,0,2,0,0,2,0,0,0,0,3,5,0,0,0,2
spotify:track:2nBI3iWLhupR7LyAJ5GGkE,Champions,Kanye West,Champions,10,9,70845,0,0,0,0,1,5,0,3,0,0,1,0,1,0,0,2,7,0,0,0,0
spotify:track:3GCdLUSnKSMJhs4Tj6CV3s,All The Stars (with SZA),Kendrick Lamar,Black Panther The Album Music From And Inspired By,10,10,285195,0,0,0,0,0,3,0,3,0,0,4,0,0,0,0,4,6,0,0,0,0
spotify:track:75IN3CtuZwTHTnZvYM4qnJ,My Name Is,Eminem,The Slim Shady LP,10,9,281135,0,0,0,0,0,8,0,0,0,0,2,0,0,0,0,0,9,0,0,0,1
spotify:track:5B5eTk7DF8KVp1zpQoY1XY,The Reason,Hoobastank,The Reason,10,6,1317801,0,0,0,0,0,5,0,2,0,0,3,0,0,0,0,2,4,1,0,0,3
spotify:track:10Nmj3JCNoMeBQ87uw5j8k,Dani California,Red Hot Chili Peppers,Stadium Arcadium,10,8,897629,0,0,0,0,0,3,0,2,1,0,4,0,0,0,0,1,6,0,0,1,2
spotify:track:7utC1F1aaearq1u9qS9kQT,Deja Vu,Eminem,Relapse,10,5,1719173,0,0,0,0,0,6,0,2,0,0,2,0,0,0,0,1,4,0,0,0,5
spotify:track:7vWFaMq63AwkFDhS2OAg5u,The Time (Dirty Bit),Black Eyed Peas,The Beginning,10,8,1183849,0,0,0,0,0,3,0,2,1,0,4,0,0,0,0,3,5,0,0,0,2
spotify:track:2z3joGXrdGL2iEjIKQTiN1,Ville Mentality,J. Cole,4 Your Eyez Only,10,8,312342,0,0,0,0,0,3,0,4,1,0,2,0,1,0,0,1,7,0,0,0,1
spotify:track:7gKgd0P3dAAePiSQQBqrlf,Break Ya Neck,Busta Rhymes,Genesis,10,5,1173421,0,0,0,0,0,3,0,2,0,0,5,0,0,0,0,2,3,0,0,0,5
spotify:track:1xzi1Jcr7mEi9K2RfzLOqS,CUFF IT,Beyoncé,RENAISSANCE,10,5,1084008,0,0,0,0,0,3,0,1,0,0,6,0,0,0,0,2,3,1,0,0,4
spotify:track:3xGD5KhnizETt7KQwxtUAc,Senza Di Me (feat. Venerus & Franco126),Gemitaiz,Senza Di Me,10,5,1193308,0,0,0,0,0,6,0,0,0,0,4,0,0,0,0,0,5,0,0,0,5
spotify:track:40riOy7x9W7GXjyGp4pjAv,Hotel California - 2013 Remaster,Eagles,Hotel California,10,6,1768998,0,0,0,0,0,4,0,2,0,0,4,0,0,0,0,3,3,0,0,0,4
spotify:track:3E7ZwUMJFqpsDOJzEkBrQ7,Can't Get You out of My Head,Kylie Minogue,Fever,10,9,467976,0,0,0,0,0,3,0,3,0,0,4,0,0,0,0,3,6,0,0,0,1
spotify:track:4euAGZTszWPrriggYK0HG9,Lay All Your Love On Me,ABBA,Super Trouper,10,7,910966,0,0,0,0,0,2,0,4,0,0,4,0,0,0,0,5,2,0,0,0,3
spotify:track:1v2zyAJrChw5JnfafSkwkJ,Shiny Happy People,R.E.M.,Out Of Time,10,9,292427,0,0,0,0,0,3,0,2,0,0,5,0,0,0,0,2,7,0,0,0,1
spotify:track:43cgG8MwilYEmsYvqom2bJ,The Way I Am,Eminem,The Marshall Mathers LP,10,9,513069,0,0,0,0,0,6,0,1,0,0,3,0,0,0,0,3,6,0,0,0,1
spotify:track:6ECp64rv50XVz93WvxXMGF,This Love,Maroon 5,Songs About Jane: 10th Anniversary Edition,10,8,287276,0,0,0,0,0,3,0,4,0,0,3,0,1,0,0,4,4,0,0,0,1
spotify:track:5ubHAQtKuFfiG4FXfLP804,Lego House,Ed Sheeran,+,10,5,1043817,0,0,0,0,0,3,0,2,0,0,5,0,0,0,0,1,3,0,0,1,5
spotify:track:66mVPWmFvXPFf8pjK5ttOW,Worldwide Steppers,Kendrick Lamar,Mr. Morale & The Big Steppers,10,8,579231,0,0,0,0,0,5,0,2,1,0,2,0,0,0,0,2,6,0,0,0,2
spotify:track:49X0LAl6faAusYq02PRAY6,Lady - Hear Me Tonight,Modjo,Modjo,10,5,2218320,0,0,0,0,0,3,0,2,0,0,5,0,0,0,0,2,3,0,0,0,5
spotify:track:6ju5Ntn5pYksvkKxVkjEPK,Never Going Home,Kungs,Club Azur,10,5,906198,1,0,0,0,1,3,0,3,0,0,3,0,1,0,0,2,3,0,0,0,4
spotify:track:2LTlO3NuNVN70lp2ZbVswF,FEEL.,Kendrick Lamar,DAMN.,10,8,605650,0,0,0,0,0,4,0,2,0,0,4,0,0,0,0,2,6,0,0,0,2
spotify:track:55tyosB2p2BRx1yEGG0V80,Kill You,Eminem,The Marshall Mathers LP,10,9,492694,0,0,0,0,0,5,0,1,0,0,4,0,0,0,0,2,7,0,0,0,1
spotify:track:3bp0Zuc7LMxgjqsQ6q3E8y,Evil Deeds,Eminem,Encore,10,9,667217,0,0,0,0,0,3,0,3,1,0,3,0,0,0,0,4,5,0,0,0,1
spotify:track:3bhyo2ED5Yd4RLydQBDtD6,Good Night,Kanye West,Graduation,10,8,429583,0,0,0,0,0,6,0,2,0,0,2,0,0,0,0,8,0,0,0,0,2
spotify:track:4BhwlQ9mTwhFGXpQvP9JTV,Lil Jimmy Skit,Kanye West,The College Dropout,10,8,129058,0,0,0,0,0,6,0,0,1,0,3,0,0,0,0,1,7,0,0,0,2
spotify:track:4AE7Lj39VnSZNOmGH2iZaq,Do For Love,2Pac,R U Still Down? [Remember Me],10,7,885209,0,0,0,0,0,5,0,1,1,0,3,0,0,0,0,2,4,0,0,1,3
spotify:track:60Z57Wdrn0pEVpHI7d7GAX,Stepping Stone,Eminem,Kamikaze,10,8,921469,0,0,0,0,0,7,0,0,2,0,1,0,0,0,0,1,6,0,0,1,2
spotify:track:4biH2V0bFSyfMB4nIUTFIf,NEON - Le Ali,Marracash,Persona,10,5,1398013,1,0,0,0,0,4,0,0,0,0,6,0,0,0,0,3,2,0,0,0,5
spotify:track:17larILaMHwsprsMFnYI77,Big Poppa - 2005 Remaster,The Notorious B.I.G.,Bad Boy's 10th Anniversary- The Hits,10,8,818758,0,0,0,0,0,4,0,3,0,0,3,0,0,0,0,3,5,0,0,0,2
spotify:track:4T7nI6RllPyFPXJtIAtC7l,Pleasantville,Nitro,Suicidol,10,7,568681,0,0,0,0,1,6,0,1,1,0,1,0,2,0,0,2,5,0,0,0,1
spotify:track:2aXZp30TocFnABRPF1Isrl,In My Place,Coldplay,In My Place,10,7,712463,0,0,0,0,0,7,0,2,0,0,1,0,0,0,0,2,4,0,0,1,3
spotify:track:1ZgMsA55GIY7ICkQh5MILA,Space Song,Beach House,Depression Cherry,10,7,1291192,0,0,0,0,0,4,0,3,0,0,3,0,0,0,0,4,3,0,0,0,3
spotify:track:6ztstiyZL6FXzh4aG46ZPD,Boogie Wonderland,"Earth, Wind & Fire",I Am,10,8,857474,0,0,0,0,0,4,0,2,0,0,4,0,0,0,0,2,6,0,0,0,2
spotify:track:2kQuhkFX7uSVepCD3h29g5,Smack That,Akon,Konvicted,10,8,462603,0,0,0,0,0,4,0,1,1,0,4,0,0,0,0,1,7,0,0,0,2
spotify:track:4HMUrFl8y6rQCzEbaGEkcj,Somebody Save Me,Eminem,The Death of Slim Shady (Coup De Grâce),10,8,461119,0,1,0,0,0,2,0,8,0,0,0,0,1,0,0,7,1,0,0,0,1
spotify:track:3JvKfv6T31zO0ini8iNItO,Another Love,Tom Odell,Long Way Down (Deluxe),10,8,518426,0,0,0,0,0,5,0,2,0,0,3,1,0,0,0,2,6,0,0,0,1
spotify:track:1xsYj84j7hUDDnTTerGWlH,Dream On,Aerosmith,Aerosmith,9,6,547940,0,0,0,0,2,5,0,1,0,0,1,0,1,0,1,1,5,0,0,0,1
spotify:track:3lzUeaCbcCDB5IXYfqWRlF,Silent Hill,Kendrick Lamar,Mr. Morale & The Big Steppers,9,8,326609,0,1,0,0,0,6,0,3,0,0,0,0,0,0,0,2,5,0,0,1,1
spotify:track:0LWkaEyQRkF0XAms8Bg1fC,Party Up,DMX,...And Then There Was X,9,9,34066,0,0,0,0,0,4,0,5,0,0,0,0,0,0,0,5,4,0,0,0,0
spotify:track:0y9uTzK9cNKSAEHnpeRG8C,DUCKWORTH.,Kendrick Lamar,DAMN.,9,7,677890,0,0,0,0,0,4,0,4,0,0,1,0,0,0,0,5,2,0,0,0,2
spotify:track:4nrPB8O7Y7wsOCJdgXkthe,"Shakira: Bzrp Music Sessions, Vol. 53",Bizarrap,"Shakira: Bzrp Music Sessions, Vol. 53",9,4,1131509,0,0,0,0,0,1,0,3,0,0,5,0,0,0,0,2,2,0,0,0,5
spotify:track:4siAbkWXFyu7yMrpAvlVJt,Been Through The Storm,Busta Rhymes,The Big Bang,9,8,283652,0,0,0,0,0,4,0,3,0,0,2,0,0,0,0,3,5,0,0,0,1
spotify:track:0PG5rPYaf19GiTf05urOBo,'97 Bonnie & Clyde,Eminem,The Slim Shady LP,9,7,643555,0,0,0,0,0,5,0,2,0,0,2,0,0,0,0,2,5,0,0,0,2
spotify:track:2Y0iGXY6m6immVb2ktbseM,Little Dark Age,MGMT,Little Dark Age,9,7,418809,2,0,0,0,0,3,0,2,1,0,3,0,1,0,0,5,2,0,0,0,1
spotify:track:3qtuOAI0YyfoBM1s7Tvm46,La Nuova Stella Di Broadway,Cesare Cremonini,La Teoria Dei Colori,9,6,586007,0,0,0,0,0,6,0,0,0,0,3,0,0,0,1,0,5,0,0,1,2
spotify:track:52riputZ4Vo5PG9MOSy6r5,I Got Love,Nate Dogg,Music and Me,9,7,491851,0,0,0,0,0,4,0,3,0,0,2,0,0,0,0,3,4,0,0,0,2
spotify:track:346SJSEbB6pNZMpwovxDiu,Mother I Sober (feat. Beth Gibbons of Portishead),Kendrick Lamar,Mr. Morale & The Big Steppers,9,8,369562,0,0,0,0,1,4,0,2,0,0,2,0,1,0,0,3,5,0,0,0,0
spotify:track:35KV2Nuib6jPMVN00O8iba,No Mistakes,Kanye West,ye,9,7,399748,0,0,0,0,0,3,0,2,3,0,1,0,0,0,0,2,5,0,0,0,2
spotify:track:41FusdKMoGstfNPq7TXjXX,Rotten,Nitro,Suicidol,9,7,463935,0,0,0,0,0,1,0,6,0,0,2,0,1,0,0,6,1,0,0,0,1
spotify:track:6mcu7D7QuABVwUGDwovOEh,If I Can't,50 Cent,Get Rich Or Die Tryin',9,6,626978,0,0,0,0,0,6,0,0,0,0,3,0,0,0,0,0,5,0,0,1,3
spotify:track:0KQx6HOpJueiSkztcS0r7D,Fallin',Alicia Keys,Songs In A Minor,9,6,579348,0,0,0,0,0,5,0,1,0,0,3,0,1,0,0,1,5,0,0,0,2
spotify:track:6hHNTFRDaeESkMpbBsFITS,Follow My Lead,50 Cent,Curtis,9,8,267738,0,0,0,0,0,6,0,1,0,0,2,0,0,0,0,1,7,0,0,0,1
spotify:track:6PJiaxg1lFSJFdMJrW7avo,'97 Bonnie & Clyde,Eminem,The Slim Shady LP,9,8,392361,0,0,0,0,0,6,0,1,0,0,2,0,0,0,0,1,6,0,0,1,1
spotify:track:4k6Uh1HXdhtusDW5y8Gbvy,Bad Habit,Steve Lacy,Gemini Rights,9,5,887230,0,0,0,0,1,2,0,3,0,0,3,0,1,0,0,5,0,0,0,0,3
spotify:track:2k1yPYf9WGA4LiqcLVwtzn,Another One Bites The Dust,Queen,Bohemian Rhapsody,9,6,671036,0,0,0,0,1,4,0,2,0,0,2,0,1,0,0,2,4,0,0,0,2
spotify:track:5ac5PpvqGeVo3oAq26aobC,Crack A Bottle,Eminem,Relapse [Deluxe],9,6,726255,0,0,0,0,0,5,0,1,0,0,3,0,1,0,0,2,4,0,0,0,2
spotify:track:7rPzEczIS574IgPaiPieS3,"Another Brick In The Wall, Pt. 2 - 2011 Remastered Version",Pink Floyd,The Wall (Remastered),9,5,1097994,0,0,0,0,0,3,0,2,0,0,4,0,0,0,0,2,3,0,0,0,4
spotify:track:4ITThXIauLMI2RrmFIT41x,Mentre Tutto Scorre,Negramaro,Mentre Tutto Scorre,9,6,470440,0,0,0,0,0,7,0,0,0,0,2,0,1,0,0,1,5,0,0,0,2
spotify:track:15JINEqzVMv3SvJTAXAKED,Love The Way You Lie,Eminem,Recovery,9,7,358312,1,0,0,0,0,5,0,1,1,0,2,0,1,0,0,0,7,0,0,0,1
spotify:track:4Mg3aeA9ZrEZrhL4ANs23u,Hello,Ice Cube,Greatest Hits,9,8,525838,0,0,0,0,0,4,0,3,0,0,2,0,0,0,0,3,5,0,0,0,1
spotify:track:4ESFr6EFK19L20Wfq5hHC2,"Keep on Hustlin' (feat. Young Jeezy, Bun B, Nate Dogg)",Warren G,Regulate... G Funk Era Part II The EP,9,7,460883,0,0,0,0,0,1,0,5,0,0,3,0,0,0,0,4,3,1,0,0,1
spotify:track:0BCPKOYdS2jbQ8iyB56Zns,Clocks,Coldplay,A Rush of Blood to the Head,9,9,214356,0,0,0,0,0,2,0,4,0,0,3,0,0,0,0,3,6,0,0,0,0
spotify:track:5YSR0sWUZk7NuIbkycxndu,NUOVO RANGE (con SFERA EBBASTA),Rkomi,TAXI DRIVER,9,6,603083,1,0,0,0,0,2,0,3,0,0,4,0,0,0,0,3,3,0,0,0,3
spotify:track:5MAY7XyW322jMwLDtBQgsZ,School Spirit Skit 2,Kanye West,The College Dropout,9,6,175967,0,0,0,0,0,5,0,0,0,0,4,0,0,0,0,0,6,0,0,0,3
spotify:track:2YZkw3wc0uDMSOnJaIXykX,S.A.L.M.O.,Salmo,Midnite (Deluxe Version),9,8,272326,0,0,0,0,0,6,0,0,0,0,3,0,0,0,0,0,7,0,0,1,1
spotify:track:2aibwv5hGXSgw7Yru8IYTO,Snow (Hey Oh),Red Hot Chili Peppers,Stadium Arcadium,9,9,69996,0,0,0,0,0,6,0,1,0,0,2,0,0,0,0,1,7,0,0,1,0
spotify:track:4PmMVdIFpJTB9WQbmILf4p,How We Do,The Game,The Documentary,9,5,1119927,0,0,0,0,0,5,0,0,0,0,4,0,0,0,0,0,4,0,0,1,4
spotify:track:4RCWB3V8V0dignt99LZ8vH,Hey There Delilah,Plain White T's,All That We Needed,9,7,398216,0,0,0,0,1,4,0,2,0,0,2,0,1,0,0,2,5,0,0,0,1
spotify:track:6oYcyS6salzWI1ysjEScFh,LA CODA DEL DIAVOLO (con ELODIE),Rkomi,TAXI DRIVER,9,7,553248,0,0,0,0,0,5,0,1,0,0,3,0,0,0,0,1,5,0,0,1,2
spotify:track:6or1bKJiZ06IlK0vFvY75k,Rap God,Eminem,The Marshall Mathers LP2,9,8,567078,0,0,0,0,0,4,0,2,0,0,3,0,0,0,0,1,6,0,0,1,1
spotify:track:4bJygwUKrRgq1stlNXcgMg,All The Things She Said,t.A.T.u.,200 KM/H In The Wrong Lane,9,6,554040,0,0,0,0,0,6,0,2,0,0,1,0,1,0,0,2,4,0,0,0,2
spotify:track:4XHQyvbrBsQaaBUW1VvmsL,My Band,D12,D-12 World,9,6,938814,0,0,0,0,0,5,0,1,1,0,2,0,0,0,0,2,4,0,0,0,3
spotify:track:4jDmJ51x1o9NZB5Nxxc7gY,Careless Whisper,George Michael,Ladies And Gentlemen... The Best Of George Michael,9,6,1376682,0,0,0,0,0,5,0,3,0,0,1,0,0,0,0,3,3,0,0,0,3
spotify:track:3HGwI9qwq5XqBDeZBV3zti,World Hold On (Children of the Sky) - Radio Edit,Bob Sinclar,World Hold On (Children of the Sky),9,6,670239,0,0,0,0,0,6,0,0,0,0,3,0,0,0,0,0,6,0,0,0,3
spotify:track:4hBy3nZVzQV4F3jxe1wWL1,420 (Blaze Up),Snoop Dogg,Neva Left,9,8,554460,0,0,0,0,0,5,0,4,0,0,0,0,0,0,0,4,4,0,0,0,1
spotify:track:69pkT3GewmjhQf6vQWcK2L,"Sing About Me, I'm Dying Of Thirst",Kendrick Lamar,"good kid, m.A.A.d city",9,8,137213,0,0,0,0,0,3,0,3,1,0,2,0,1,0,0,4,3,0,0,1,0
spotify:track:0UvCh63URrLFcPkKt99hHd,Don't Look Back in Anger - Remastered,Oasis,(What's The Story) Morning Glory?,9,4,1366319,0,0,0,0,0,2,0,1,0,0,6,0,1,0,0,1,2,0,0,1,4
spotify:track:2FDTHlrBguDzQkp7PVj16Q,Sprinter,Dave,Sprinter,9,5,999090,0,0,0,0,0,2,0,3,0,0,4,0,0,0,0,3,2,0,0,0,4
spotify:track:1qDrWA6lyx8cLECdZE7TV7,Somebody That I Used To Know,Gotye,Making Mirrors,9,8,318591,0,0,0,0,0,3,0,3,0,0,3,0,0,0,0,3,5,0,0,0,1
spotify:track:66TRwr5uJwPt15mfFkzhbi,Crank That (Soulja Boy),Soulja Boy,souljaboytellem.com,9,9,274972,0,0,0,0,0,6,0,0,0,0,3,0,0,0,0,0,9,0,0,0,0
spotify:track:7EZC6E7UjZe63f1jRmkWxt,Zombie,The Cranberries,No Need To Argue (The Complete Sessions 1994-1995),9,7,642167,0,0,0,0,0,3,0,4,0,0,2,0,0,0,0,4,3,0,0,0,2
spotify:track:3USxtqRwSYz57Ewm6wWRMp,Heat Waves,Glass Animals,Dreamland,9,7,501336,0,0,0,0,0,5,0,2,0,0,2,0,0,0,0,2,5,0,0,0,2
spotify:track:7IdFdRlCjUi6kkhbPoRfnw,99 Problems,JAY-Z,The Black Album,9,8,269759,0,0,0,0,0,5,0,0,1,0,3,0,1,0,0,0,8,0,0,0,0
spotify:track:7DDxxhExUBH53SFJqXDz4i,Beautiful,Eminem,Relapse,9,8,431036,0,0,0,0,0,5,0,1,1,0,2,0,0,0,0,2,5,0,0,1,1
spotify:track:7yNK27ZTpHew0c55VvIJgm,Dark Fantasy,Kanye West,My Beautiful Dark Twisted Fantasy,9,9,293513,0,0,0,0,0,1,0,8,0,0,0,0,0,0,0,6,3,0,0,0,0
spotify:track:1wPVBFSy3rs8dcgt5SrmYz,I Am Electric,Heaven's Basement,Filthy Empire (Explicit),9,7,655033,0,0,0,0,0,3,0,1,3,0,2,0,0,0,0,1,3,0,0,3,2
spotify:track:02rlDATSROFtjqmvs1dBKr,Snitch,Obie Trice,Second Rounds On Me,8,6,541166,0,0,0,0,0,5,0,1,0,0,2,0,0,0,0,1,5,0,0,0,2
spotify:track:1ymWIr4E5x6xORlDO0bXlP,Tobey (feat. Big Sean and BabyTron),Eminem,The Death of Slim Shady (Coup De Grâce),8,7,304259,0,1,0,0,0,3,0,4,0,0,1,0,0,0,0,4,3,0,0,0,1
spotify:track:7nd1mwoAAFtJjmjfdyOUwg,Estate,Negramaro,Mentre Tutto Scorre,8,7,210787,0,0,0,0,0,4,0,1,1,0,2,0,0,0,0,1,5,0,0,1,1
spotify:track:3ZOEytgrvLwQaqXreDs2Jx,Can't Stop,Red Hot Chili Peppers,By the Way,8,7,301983,0,0,0,0,0,5,0,2,0,0,1,0,0,0,0,2,5,0,0,0,1
spotify:track:3bN5O5WRbA9yEvBzAudLgC,Non esco mai,Salmo,"Machete Mixtape, Vol. 3",8,6,733868,0,0,0,0,0,5,0,2,0,0,1,0,0,0,0,2,4,0,0,0,2
spotify:track:3UAqUwt7AEStMHsJI9Ht9G,Violet Hill,Coldplay,Viva La Vida (Prospekt's March Edition),8,5,867907,0,0,0,0,0,3,0,1,0,0,4,0,0,0,0,2,3,0,0,0,3
spotify:track:3Tt9CEnGYd69ZrUGpiTe2Z,Get It (feat. Missy Elliott & Kelly Rowland),Busta Rhymes,Get It (feat. Missy Elliott & Kelly Rowland),8,8,106660,0,0,0,0,0,6,0,1,0,0,1,0,0,0,0,1,7,0,0,0,0
spotify:track:13yEuYLJYxPCLJR0KNOqpk,High,James Blunt,Back to Bedlam,8,6,302454,0,0,0,0,1,3,0,1,0,0,3,0,1,0,0,1,5,0,0,0,1
spotify:track:19FsxX4RthRMZGfXkImdCb,Notorious Thugs - 2014 Remaster,The Notorious B.I.G.,Life After Death,8,8,249043,0,0,0,0,0,5,0,0,1,0,2,0,0,0,0,0,8,0,0,0,0
spotify:track:3PA9dH8cT0wR5UW4XkC44Y,Get Money (feat. Junior M.A.F.I.A.) - 2007 Remaster,The Notorious B.I.G.,Greatest Hits,8,7,582553,0,0,0,0,0,3,0,1,0,0,4,0,0,0,0,1,6,0,0,0,1
spotify:track:16EJNayKtC09M0Fi7Py47s,Finché Non Mi Seppelliscono,BLANCO,Blu Celeste,8,7,254265,0,0,0,0,0,4,0,3,0,0,1,0,0,0,0,3,4,0,0,0,1
spotify:track:3JA9Jsuxr4xgHXEawAdCp4,Just Can’t Get Enough,Black Eyed Peas,The Beginning,8,7,469328,0,0,0,0,0,2,0,3,0,0,3,0,0,0,0,3,3,0,0,1,1
spotify:track:3w3y8KPTfNeOKPiqUTakBh,Locked out of Heaven,Bruno Mars,Unorthodox Jukebox,8,6,492858,0,0,0,0,0,4,0,1,0,0,3,0,0,0,0,1,5,0,0,0,2
spotify:track:11kDth1aKUEUMq9r1pqyds,5% TINT,Travis Scott,ASTROWORLD,8,7,395475,0,0,0,0,0,5,0,2,0,0,1,0,0,0,0,2,5,0,0,0,1
spotify:track:3EyZw5sCXxOkE8EWsOIkB1,Open Bar,Il Pagante,Open Bar,8,4,762454,1,0,0,0,0,4,0,0,0,0,4,0,1,0,0,0,4,0,0,0,3
spotify:track:3sNVsP50132BTNlImLx70i,Bound 2,Kanye West,Yeezus,8,8,58904,0,0,0,0,0,2,0,5,0,0,1,0,0,0,0,7,1,0,0,0,0
spotify:track:3stOygN0I7CIvkEB2LJGbv,Survival,Eminem,The Marshall Mathers LP2,8,7,400586,0,0,0,0,0,7,0,0,0,0,1,0,0,0,0,0,7,0,0,0,1
spotify:track:2EqlS6tkEnglzr7tkKAAYD,Come Together - Remastered 2009,The Beatles,Abbey Road,8,6,802899,0,0,0,0,0,4,0,1,0,0,3,0,1,0,0,1,5,0,0,0,1
spotify:track:2Foc5Q5nqNiosCNqttzHof,Get Lucky (Radio Edit) [feat. Pharrell Williams and Nile Rodgers],Daft Punk,Get Lucky (Radio Edit) [feat. Pharrell Williams and Nile Rodgers],8,5,756524,0,0,0,0,0,2,0,3,0,0,3,0,0,0,0,2,3,0,0,0,3
spotify:track:0EtirusGt3LivUmALXSMVe,Role Model,Eminem,The Slim Shady LP,8,7,350689,0,0,0,0,0,5,0,1,0,0,2,0,0,0,0,1,5,0,0,1,1
spotify:track:7CxLQIq4kIq8P8UwemcKfX,Bella,Ernia,Come Uccidere Un Usignolo,8,5,666713,1,0,0,0,0,3,0,2,0,0,3,0,0,0,0,2,3,0,0,0,3
spotify:track:7KZs2C1UGjrIfVXXuvtb20,Talking To My Diary,Dr. Dre,Compton,8,8,184931,0,0,0,0,0,6,0,1,1,0,0,0,0,0,0,1,7,0,0,0,0
spotify:track:7DSAEUvxU8FajXtRloy8M0,Flowers,Miley Cyrus,Endless Summer Vacation,8,6,326325,0,0,0,0,1,4,0,1,0,0,2,0,1,0,0,1,2,0,0,3,1
spotify:track:5kqIPrATaCc2LqxVWzQGbk,7 Years,Lukas Graham,Lukas Graham,8,5,731163,1,0,0,0,0,3,0,3,0,0,2,0,0,0,0,3,2,0,0,0,3
spotify:track:60PAzFNW3vAiAiVK6DRJfB,Day 'N' Nite (Nightmare),Kid Cudi,Man On The Moon: The End Of Day,8,6,618365,0,0,0,0,0,2,0,4,0,0,2,0,0,0,0,4,2,0,0,0,2
spotify:track:5ubvP9oKmxLUVq506fgLhk,Stayin Alive,Bee Gees,How Can You Mend A Broken Heart,8,7,460902,0,0,0,0,0,5,0,1,0,0,2,0,0,0,0,1,5,0,0,1,1
spotify:track:2cm5JHPVzXyrWPtIZZi1Gh,Encore/Curtains Down,Eminem,Encore,8,8,428407,0,0,0,0,0,4,0,2,0,0,2,0,0,0,0,3,4,0,0,1,0
spotify:track:2Ygs64z9ywJGakuKU8tr6o,Clocks,Coldplay,Clocks,8,5,950785,0,0,0,0,0,1,0,4,0,0,3,0,0,0,0,3,2,0,0,0,3
spotify:track:6cS9PmLky2NhLOhpIsUlow,Gnat,Eminem,Music To Be Murdered By - Side B,8,7,388169,0,0,0,0,0,4,0,4,0,0,0,0,0,0,0,4,3,0,0,0,1
spotify:track:6bz6uA8IhrNNvfCI4a5k3C,Calma e sangue freddo,Luca Dirisio,Luca Dirisio,8,5,726330,1,0,0,0,0,3,0,0,1,0,4,0,0,0,0,0,5,0,0,0,3
spotify:track:2xLMifQCjDGFmkHkpNLD9h,SICKO MODE,Travis Scott,ASTROWORLD,8,8,145330,0,0,0,0,0,4,0,2,0,0,2,0,0,0,0,2,6,0,0,0,0
spotify:track:1jJci4qxiYcOHhQR247rEU,Kids,MGMT,Oracular Spectacular,8,5,1134112,1,0,0,0,0,2,0,3,0,0,3,0,0,0,0,4,1,0,0,0,3
spotify:track:2gQPv5jvVPqU2a9HhMNO1v,Toxic,BoyWithUke,Toxic,8,5,516176,0,0,0,0,0,5,0,1,0,0,2,0,0,0,0,1,4,0,0,0,3
spotify:track:5fVZC9GiM4e8vu99W0Xf6J,How to Save a Life,The Fray,How To Save A Life,8,8,228772,0,0,0,0,0,4,0,2,0,0,2,0,0,0,0,2,6,0,0,0,0
spotify:track:2nvC4i2aMo4CzRjRflysah,In My Place,Coldplay,A Rush of Blood to the Head,8,4,691881,0,0,0,0,0,4,0,2,0,0,2,0,1,0,0,1,2,0,0,1,3
spotify:track:5SiZJoLXp3WOl3J4C8IK0d,Darkness,Eminem,Music To Be Murdered By,8,7,542439,0,0,0,0,1,2,0,2,0,0,3,0,1,0,0,3,4,0,0,0,0
spotify:track:5Z9KJZvQzH6PFmb8SNkxuk,INDUSTRY BABY (feat. Jack Harlow),Lil Nas X,MONTERO,8,7,38572,0,0,0,0,1,5,0,1,0,0,1,0,1,0,0,2,4,0,0,1,0
spotify:track:5Tbpp3OLLClPJF8t1DmrFD,"Nuthin' But A ""G"" Thang",Dr. Dre,The Chronic,8,7,357834,0,0,0,0,0,2,0,3,0,0,3,0,0,0,0,3,4,0,0,0,1
spotify:track:5bfTQCLA1asTt8dGiAh564,Insane,Eminem,Relapse,8,7,285345,0,0,0,0,0,7,0,0,0,0,1,0,0,0,0,1,6,0,0,0,1
spotify:track:5H43dazn2x2O9dkDVvaiDS,Black (feat. Norah Jones),Danger Mouse,Rome,8,5,722104,0,0,0,0,0,4,0,3,0,0,1,0,0,0,0,3,2,0,0,0,3
spotify:track:0mHC3BK9vFGoEU0EcGPWRZ,CENERE,Lazza,SIRIO,8,6,616803,1,0,0,0,0,2,0,3,0,0,3,0,0,0,0,4,2,0,0,0,2
spotify:track:34d7sGX6WUqq8f04e7CSNF,Marsh,Eminem,Music To Be Murdered By,8,7,373179,0,0,0,0,1,5,0,2,0,0,0,0,0,0,1,2,5,0,0,0,0
spotify:track:5CwFNjik3qxA7SPNMF093f,Old Time's Sake,Eminem,Relapse [Deluxe],8,7,553766,0,0,0,0,1,4,0,1,0,0,2,0,1,0,0,1,6,0,0,0,0
spotify:track:58q2HKrzhC3ozto2nDdN4z,I Like It,Cardi B,Invasion of Privacy,8,4,1050940,0,0,0,0,0,2,0,1,1,0,4,0,0,0,0,1,3,0,0,0,4
spotify:track:5880eYQmXx3c3oD22IljIt,Why We Thugs,Ice Cube,"Laugh Now, Cry Later",8,7,250032,0,0,0,0,0,4,0,2,0,0,2,0,0,0,0,2,4,0,0,1,1
spotify:track:5Bdoo7LrNuTlOPYx6w7ORW,No Apologies,Eminem,Eminem Presents The Re-Up,8,5,1005304,0,0,0,0,0,5,0,0,0,0,3,0,0,0,0,1,4,0,0,0,3
spotify:track:5CM4UuQ9Gnd6K2YyKGPMoK,Bad Habit,Steve Lacy,Bad Habit,8,4,952120,0,0,0,0,0,3,0,1,0,0,4,0,0,0,0,1,3,0,0,0,4
spotify:track:5HQVUIKwCEXpe7JIHyY734,"Young, Wild & Free (feat. Bruno Mars)",Snoop Dogg,"Young, Wild & Free (feat. Bruno Mars)",8,4,654869,0,0,0,0,0,1,0,3,0,0,4,0,1,0,0,2,2,0,0,0,3
spotify:track:30cSNer6TV8x2utjULVeQ5,SOS,Rihanna,A Girl Like Me,8,6,504133,0,0,0,0,0,2,0,3,1,0,2,0,0,0,0,2,4,0,0,0,2
spotify:track:1dHJETCn2X1R1YwVlMvSza,Wanna Get To Know You,G-Unit,Beg For Mercy,8,8,85344,0,0,0,0,0,6,0,1,0,0,1,0,0,0,0,1,7,0,0,0,0
spotify:track:4nvsA575k8HrEjdQ78Ymvi,Certi Giorni (feat. Nitro),Ernia,68,8,5,785296,0,0,0,0,0,3,0,0,0,0,5,0,0,0,0,2,3,0,0,0,3
spotify:track:4sIN6uj1QdAQd18Fc4umgg,Last Thoughts,Napkey,42,8,7,246627,0,0,0,0,0,4,0,2,0,0,2,0,0,0,0,2,5,0,0,0,1
spotify:track:4rfaoyaZvNa60cj3OKSQV9,Migraine,Twenty One Pilots,Vessel,8,8,21023,0,0,0,0,0,6,0,2,0,0,0,0,0,0,0,2,6,0,0,0,0
spotify:track:4u7EnebtmKWzUH433cf5Qv,Bohemian Rhapsody - Remastered 2011,Queen,A Night At The Opera,8,4,1556575,0,0,0,0,1,1,0,1,0,0,5,0,1,0,0,1,3,0,0,0,3
spotify:track:4gXdMZkBN1neE9nX6yRALa,Ass Like That,Eminem,Encore,8,5,380646,0,0,0,0,0,3,0,1,1,0,3,0,2,0,0,1,4,0,0,0,1
spotify:track:7FIWs0pqAYbP91WWM0vlTQ,Godzilla (feat. Juice WRLD),Eminem,Music To Be Murdered By,8,7,304975,0,0,0,0,0,3,0,4,0,0,1,0,0,0,0,4,3,0,0,0,1
spotify:track:7kK2m2KDEL0W8oFq6fuOcf,PERDONAMI,Salmo,PERDONAMI,8,7,266725,0,0,0,0,0,6,0,0,0,0,2,0,0,0,0,0,5,0,0,2,1
spotify:track:2374M0fQpWi3dLnB54qaLX,Africa,TOTO,Toto IV,8,5,922578,1,0,0,0,0,3,0,3,0,0,2,0,0,0,0,3,2,0,0,0,3
spotify:track:08ti9NvrGlNdcuEp0RbkVa,Shake That (Remix),Nate Dogg,Eminem Presents The Re-Up,8,5,496335,0,0,0,0,0,3,0,1,0,0,4,0,1,0,0,1,4,0,0,0,2
spotify:track:7iee007QypdrTXbLVF5KuF,Love Generation - Edit,Bob Sinclar,Love Generation,8,8,9779,0,0,0,0,0,5,0,2,1,0,0,0,0,0,0,2,5,0,0,1,0
spotify:track:23khhseCLQqVMCIT1WMAns,Magic,Coldplay,Ghost Stories,8,7,560050,0,0,0,0,0,2,0,3,0,0,3,0,0,0,0,3,4,0,0,0,1
spotify:track:1pLQoF3VeG6KwNJRys3eq3,You Don't Know,Eminem,Eminem Presents The Re-Up,8,6,713622,0,0,0,0,0,4,0,1,0,0,3,0,0,0,0,1,4,0,0,1,2
spotify:track:7KHMklkErvqLB4Sc3ERvNI,Cocaina,Busta Rhymes,The Big Bang,8,6,526775,0,0,0,0,0,5,0,1,1,0,1,0,0,0,0,1,5,0,0,0,2
spotify:track:1uY1X8YeBixs1FdQ3fQ7d4,Auntie Diaries,Kendrick Lamar,Mr. Morale & The Big Steppers,7,6,386615,0,1,0,0,0,4,0,2,0,0,1,0,0,0,0,1,5,0,0,0,1
spotify:track:0AhrTX6TszxuoDjfOSprlz,Stan,Eminem,The Marshall Mathers LP,7,7,253899,0,0,0,0,0,6,0,1,0,0,0,0,0,0,0,1,6,0,0,0,0
spotify:track:2L9bD3V2w3kxTZIgtaMNtA,QUELLI CHE NON PENSANO - Il cervello,Marracash,Persona,7,4,579695,0,0,0,0,0,5,0,0,0,0,2,0,0,0,0,1,3,0,0,0,3
spotify:track:72DuDVv06ZtKDceAlq40f2,Calm Down (feat. Eminem),Busta Rhymes,Calm Down (feat. Eminem) - Single,7,5,733115,0,0,0,0,0,4,0,0,0,0,3,0,0,0,0,0,4,0,0,1,2
spotify:track:6REbwUNlppTfcnV4d4ZoZi,Swimming Pools (Drank),Kendrick Lamar,Swimming Pools (Drank),7,6,325739,0,0,0,0,0,3,0,4,0,0,0,0,0,0,0,5,1,0,0,0,1
spotify:track:6yDXmurL5FA9Rjn94cRp2g,Spirits,The Strumbellas,Hope,7,6,214553,0,0,0,0,0,4,0,2,0,0,1,0,0,0,0,2,4,0,0,0,1
spotify:track:5masKPHeAOVNgxdLebIcK7,Stole the Show,Kygo,Cloud Nine,7,5,626733,0,0,0,0,0,3,0,1,0,0,3,0,0,0,0,1,4,0,0,0,2
spotify:track:377CxyNgbVwLNkFMcw8cL2,No Apologies,Eminem,Eminem Presents The Re-Up,7,2,1394431,0,0,0,0,0,3,0,1,0,0,3,0,0,0,0,1,1,0,0,0,5
spotify:track:2gsNpSn7VvvJuSrIDfRoYy,Kamikaze,Eminem,Kamikaze,7,5,504651,0,0,0,0,0,4,0,0,0,0,3,0,0,0,0,1,4,0,0,0,2
spotify:track:5itF66zYn38tEXTAvFPqIk,Down By The River,Milky Chance,Sadnecessary,7,7,358174,0,0,0,0,0,3,0,2,0,0,2,0,0,0,0,3,4,0,0,0,0
spotify:track:0fYVliAYKHuPmECRs1pbRf,Renegades,X Ambassadors,VHS,7,4,608310,0,0,0,0,0,3,0,2,0,0,2,0,0,0,0,2,2,0,0,0,3
spotify:track:5bYINUZAHhHaC4J0sdeWnl,MARLA,Salmo,FLOP,7,5,505437,0,0,0,0,1,3,0,1,1,0,1,0,1,0,0,1,4,0,0,0,1
spotify:track:0g6Wn9gocuOVr72Yaf8UBF,Must Be The Ganja,Eminem,Relapse,7,5,585969,0,0,0,0,0,2,0,1,1,0,3,0,0,0,0,1,3,0,0,1,2
spotify:track:2sXaZphe2LlqAyZVKvHbU1,Bang Bang,Dr. Dre,2001,7,4,676268,0,0,0,0,0,1,0,3,0,0,3,0,0,0,0,3,1,0,0,0,3
spotify:track:5hVghJ4KaYES3BFUATCYn0,EARFQUAKE,"Tyler, The Creator",IGOR,7,6,500973,0,0,0,0,0,2,0,1,1,0,3,0,0,0,0,1,5,0,0,0,1
spotify:track:15pyFQHCTVp6T7vaWctSgO,Rich - Interlude,Kendrick Lamar,Mr. Morale & The Big Steppers,7,7,92691,0,1,0,0,0,4,0,0,1,0,2,0,0,0,0,0,6,0,0,1,0
spotify:track:3rCNmRonlHN1TXQLcG3dSk,Hell Of A Life,Kanye West,My Beautiful Dark Twisted Fantasy,7,7,40085,0,0,0,0,0,1,0,5,0,0,1,0,0,0,0,6,1,0,0,0,0
spotify:track:3z8h0TU7ReDPLIbEnYhWZb,Bohemian Rhapsody,Queen,Bohemian Rhapsody,7,6,557213,0,0,0,0,0,4,0,1,0,0,2,0,0,0,0,1,5,0,0,0,1
spotify:track:44ut2KJnt0HQMnUaMlDv9W,Untitled,Eminem,Recovery,7,4,622920,0,0,0,0,0,5,0,1,0,0,1,0,0,0,0,1,3,0,0,0,3
spotify:track:4CeeEOM32jQcH3eN9Q2dGj,Smells Like Teen Spirit,Nirvana,Nevermind,7,6,339778,0,0,0,0,0,2,0,4,0,0,1,0,0,0,0,3,3,0,0,0,1
spotify:track:4UTpObwAYO67yymOoCeXwS,Framed,Eminem,Revival,7,4,664474,0,0,0,0,1,1,0,3,0,0,2,0,1,0,0,3,1,0,0,0,2
spotify:track:18AXbzPzBS8Y3AkgSxzJPb,In The Air Tonight - 2015 Remastered,Phil Collins,Face Value (Deluxe Editon),7,7,190765,0,0,0,0,0,2,0,1,0,0,4,0,0,0,0,2,5,0,0,0,0
spotify:track:4UQDZlZhGUDoYMohwrY28v,Virtual Insanity - Remastered 2006,Jamiroquai,Driving Songs,7,6,298418,0,0,0,0,0,3,0,2,0,0,2,0,0,0,0,2,4,0,0,0,1
spotify:track:0x60P5taxdI5pcGbqbap6S,Business,Eminem,The Eminem Show,7,6,409686,0,0,0,0,0,4,0,1,0,0,2,0,0,0,0,1,5,0,0,0,1
spotify:track:06FCvd7rrRcF3DdvWH5Isp,LUST.,Kendrick Lamar,DAMN.,7,7,47709,0,0,0,0,0,3,0,2,0,0,2,0,0,0,0,4,3,0,0,0,0
spotify:track:7qiZfU4dY1lWllzX7mPBI3,Shape of You,Ed Sheeran,÷,7,6,251848,0,0,0,0,0,6,0,1,0,0,0,0,0,0,0,1,5,0,0,0,1
spotify:track:40SBS57su9xLiE1WqkXOVr,Afraid To Feel,LF SYSTEM,Afraid To Feel,7,6,439437,0,0,0,0,0,2,0,3,0,0,2,0,0,0,0,3,3,0,0,0,1
spotify:track:1RjU7UhRICmdFPKxCucLgq,Hell on Earth (Front Lines),Mobb Deep,Hell On Earth,7,6,259408,0,0,0,0,0,1,1,3,0,0,2,0,0,0,0,3,3,1,0,0,0
spotify:track:3ZFTkvIE7kyPt6Nu3PEa7V,Hips Don't Lie (feat. Wyclef Jean),Shakira,"Oral Fixation, Vol. 2 (Expanded Edition)",7,3,880461,1,0,0,0,0,2,0,2,0,0,3,0,0,0,0,1,2,0,0,0,4
spotify:track:3VIJBrMpvimHEw5wtPh2wB,Money,The Drums,Portamento,7,6,257725,0,0,0,0,0,3,0,2,0,0,2,0,0,0,0,2,4,0,0,0,1
spotify:track:6uzesxG4dlBg3faZmzL6Qs,The Setup,Obie Trice,Cheers,7,7,249823,0,0,0,0,0,2,0,2,1,0,2,0,0,0,0,2,5,0,0,0,0
spotify:track:0SsUOrXUM2gZxVLYizZfQZ,PANICO (feat. Takagi & Ketra),Lazza,SIRIO,7,5,385801,0,0,0,0,0,5,0,1,0,0,1,0,0,0,0,1,4,0,0,0,2
spotify:track:6ZFbXIJkuI1dVNWvzJzown,Time,Hans Zimmer,Inception,7,7,344784,0,0,0,0,0,3,0,2,0,0,2,0,0,0,0,2,5,0,0,0,0
spotify:track:2LFMWAOFyVJypKBgOFfdok,CALIFORNIA (the OC theme),Phantom Planet,CALIFORNIA (the OC theme),7,4,587961,0,0,0,0,0,3,0,2,0,0,2,0,0,0,0,3,1,0,0,0,3
spotify:track:2QjOHCTQ1Jl3zawyYOpxh6,Sweater Weather,The Neighbourhood,I Love You.,7,5,502520,2,1,0,0,0,0,0,5,0,0,2,0,0,0,0,5,0,0,0,0,2
spotify:track:2MEvYNn2tRvFDAucAtAKVq,Just Don't Give A Fuck,Eminem,The Slim Shady LP,7,6,255028,0,0,0,0,0,5,0,1,0,0,1,0,1,0,0,3,3,0,0,0,0
spotify:track:69bHJ9qs5FrUJbKP8xU8uZ,Disco Inferno,50 Cent,The Massacre,7,7,33624,0,0,0,0,0,6,0,0,0,0,1,0,0,0,0,0,7,0,0,0,0
spotify:track:6XaqawNmeeScjVLAv4Fx6l,Beautiful,Eminem,Relapse [Deluxe],7,4,1383211,0,0,0,0,0,1,0,2,0,0,4,0,0,0,0,2,2,0,0,0,3
spotify:track:0pqnGHJpmpxLKifKRmU6WP,Believer,Imagine Dragons,Evolve,7,3,837930,1,0,0,0,0,1,0,2,0,0,4,0,0,0,0,2,1,0,0,0,4
spotify:track:0xmjwnQ3FNE6HuWCt2nHdZ,Where Is The Love?,Black Eyed Peas,Elephunk,7,4,1076225,1,0,0,0,0,0,0,3,0,0,4,0,0,0,0,3,1,0,0,0,3
spotify:track:0sTlGEld0h8kIPZaKDYUf4,Notion,The Rare Occasions,Notion,7,5,469117,0,0,0,0,0,2,0,3,0,0,2,0,0,0,0,4,1,0,0,0,2
spotify:track:1XQvMjA9IiIx1lAiTHSxQi,Spigoli,Carl Brave,Spigoli,7,6,264913,0,0,0,0,0,6,0,1,0,0,0,0,0,0,0,1,4,0,0,1,1
spotify:track:5ByAIlEEnxYdvpnezg7HTX,Juicy - 2005 Remaster,The Notorious B.I.G.,Ready to Die,7,6,327410,0,0,0,0,0,4,0,1,0,0,2,0,0,0,0,1,5,0,0,0,1
spotify:track:2zUxeDhvav0P5aNIrKT3yr,Amityville,Eminem,The Marshall Mathers LP,7,6,15526,0,0,0,0,0,1,0,3,1,0,2,0,0,0,0,4,2,0,0,0,1
spotify:track:4xkOaSrkexMciUUogZKVTS,Till I Collapse,Eminem,The Eminem Show,7,6,365288,0,0,0,0,0,4,0,1,0,0,2,0,0,0,0,1,5,0,0,0,1
spotify:track:5CQ30WqJwcep0pYcV4AMNc,Stairway to Heaven - Remaster,Led Zeppelin,Led Zeppelin IV,7,3,1938492,0,0,0,0,0,3,0,2,0,0,2,0,0,0,0,2,1,0,0,0,4
spotify:track:0vjKXtFLt6Ti08Y3JCnRKB,Backseat Freestyle,Kendrick Lamar,"good kid, m.A.A.d city",7,7,93912,0,0,0,0,0,3,0,4,0,0,0,0,0,0,0,3,4,0,0,0,0
spotify:track:1csiTxDSvzHB5Nwd2dxC3u,Storia di un defunto artista,Nitro,Suicidol,7,5,525954,0,0,0,0,0,5,0,1,0,0,1,0,0,0,0,1,3,0,0,1,2
spotify:track:3Rmv3h4ovgt9xVgWOfMlLx,Toradol,Gemitaiz,QVC8 – Singles,6,4,374626,0,0,0,0,0,3,0,0,0,0,3,0,0,0,0,0,4,0,0,0,2
spotify:track:1xKQbqQtQWrtQS47fUJBtl,Piece of My Heart,Big Brother & The Holding Company,Cheap Thrills,6,4,867612,0,0,0,0,0,3,0,0,0,0,3,0,0,0,0,1,3,0,0,0,2
spotify:track:1M2nd8jNUkkwrc1dgBPTJz,Angels,Robbie Williams,Life Thru A Lens,6,3,804580,0,0,0,0,0,2,0,1,0,0,3,0,0,0,0,1,1,0,0,1,3
spotify:track:1JSTJqkT5qHq8MDJnJbRE1,Every Breath You Take,The Police,Synchronicity - Remastered 2003,6,5,321633,0,0,0,0,0,2,0,2,0,0,2,0,0,0,0,2,3,0,0,0,1
spotify:track:07K4GcCDSTiXUF5ssyTRUM,The Sweet Escape,Gwen Stefani,The Sweet Escape,6,4,523897,0,0,0,0,0,1,0,3,0,0,2,0,0,0,0,3,1,0,0,0,2
spotify:track:7ngRS53kqxLcEt9Pythc5d,You Don't Own Me,Lesley Gore,Lesley Gore Sings Of Mixed-Up Hearts,6,4,355010,0,0,0,0,0,0,0,0,1,1,4,0,0,0,0,1,2,0,0,1,2
spotify:track:3Vo4wInECJQuz9BIBMOu8i,Finesse - Remix; feat. Cardi B,Bruno Mars,Finesse (Remix) [feat. Cardi B],6,3,679633,0,0,0,0,0,2,0,0,0,0,4,0,0,0,0,0,3,0,0,0,3
spotify:track:3ZffCQKLFLUvYM59XKLbVm,Wake Me up When September Ends,Green Day,American Idiot,6,3,1257189,0,0,0,0,0,0,0,1,0,0,5,0,0,0,0,1,2,0,0,0,3
spotify:track:12dU3vAh6AFoJkisorfoUl,Don't Look Back In Anger - Remastered,Oasis,(What's The Story) Morning Glory? (Deluxe Remastered Edition),6,4,589688,0,0,0,0,0,3,0,1,0,0,2,0,0,0,0,1,3,0,0,0,2
spotify:track:4Y7XAxTANhu3lmnLAzhWJW,Fireball (feat. John Ryan),Pitbull,Globalization,6,6,330869,0,0,0,0,0,2,0,3,0,0,1,0,0,0,0,3,3,0,0,0,0
spotify:track:4YQOXRAa8Fo0f0QjRVOTfb,Nulla Accade,Marracash,Santeria,6,5,239536,0,0,0,0,0,5,0,0,0,0,1,0,0,0,0,0,5,0,0,0,1
spotify:track:0wwPcA6wtMf6HUMpIRdeP7,Hotline Bling,Drake,Views,6,4,551950,0,0,0,0,0,3,0,1,0,0,2,0,0,0,0,1,3,0,0,0,2
spotify:track:3FNy4yzOhHhFBeA5p4ofoq,"Young, Wild & Free (feat. Bruno Mars)",Snoop Dogg,"Young, Wild & Free (feat. Bruno Mars)",6,4,436187,0,0,0,0,0,4,0,1,0,0,1,0,0,0,0,1,2,0,0,1,2
spotify:track:3HG58pNCGOB5f9qZFZY405,68,Ernia,68,6,4,495501,0,0,0,0,0,2,0,1,0,0,3,0,0,0,0,1,3,0,0,0,2
spotify:track:4E5IFAXCob6QqZaJMTw5YN,Poppin' Them Thangs,G-Unit,Beg For Mercy,6,4,488008,0,0,0,0,0,2,0,1,0,0,3,0,1,0,0,1,3,0,0,0,1
spotify:track:4EndPA8b6FDWYp1RgsnLEB,Blame Game,Kanye West,My Beautiful Dark Twisted Fantasy,6,6,32310,0,0,0,0,0,1,0,5,0,0,0,0,0,0,0,6,0,0,0,0,0
spotify:track:3wPPWcVuinAU7dXcJXtCID,La La La,Naughty Boy,Hotel Cabana,6,6,246498,0,0,0,0,0,2,0,4,0,0,0,0,0,0,0,4,2,0,0,0,0
spotify:track:19a3JfW8BQwqHWUMbcqSx8,Famous,Kanye West,The Life Of Pablo,6,6,44031,0,0,0,0,0,1,0,5,0,0,0,0,0,0,0,6,0,0,0,0,0
spotify:track:1I8tHoNBFTuoJAlh4hfVVE,Firestone,Kygo,Cloud Nine,6,4,549939,1,0,0,0,0,3,0,1,0,0,2,0,0,0,0,1,2,0,0,1,2
spotify:track:3s7MCdXyWmwjdcWh7GWXas,Violent Crimes,Kanye West,ye,6,6,60056,0,0,0,0,0,0,0,5,0,0,1,0,0,0,0,6,0,0,0,0,0
spotify:track:3fTB8VGBXPr77dFxpPEdpa,VIENI DALLA BADDIE - interlude,ANNA,VERA BADDIE,6,6,40000,0,0,0,0,0,1,0,4,0,0,1,0,0,0,0,5,0,0,0,1,0
spotify:track:3fYptFSlH8Xs7Uoybytyrm,Arose,Eminem,Revival,6,6,55602,0,0,0,0,0,2,0,4,0,0,0,0,0,0,0,5,0,0,0,1,0
spotify:track:3gdewACMIVMEWVbyb8O9sY,"Rocket Man (I Think It's Going To Be A Long, Long Time)",Elton John,Honky Chateau,6,4,631378,0,0,0,0,0,3,0,1,0,0,2,0,0,0,0,1,2,0,0,1,2
spotify:track:2nYiV2T51JuBHmxnYPUcGQ,In Una Notte D'Estate,Le Vibrazioni,Le Vibrazioni,6,4,395869,0,0,0,0,0,2,0,2,0,0,2,0,0,0,0,3,1,0,0,0,2
spotify:track:54eZmuggBFJbV7k248bTTt,A Horse with No Name,America,America,6,4,515078,0,0,0,0,0,3,0,1,0,0,2,0,0,0,0,2,2,0,0,0,2
spotify:track:0u0k7qQ5F5lzTf5rsnWY8v,My Mom,Eminem,Relapse [Deluxe],6,5,442760,0,0,0,0,0,3,0,1,0,0,2,0,0,0,0,1,4,0,0,0,1
spotify:track:39lO45AM0W7e2joynDxZAM,BABAGANOUSH (feat. Pinguini Tattici Nucleari),Madame,MADAME,6,2,753162,0,0,0,0,0,2,0,0,0,0,4,0,0,0,0,0,2,0,0,0,4
spotify:track:4dfAUJI1QesmK5HfK9gtYs,Wicked Ways,Eminem,The Marshall Mathers LP2,6,5,404865,0,0,0,0,0,4,0,0,0,0,2,0,0,0,0,0,5,0,0,0,1
spotify:track:1fewSx2d5KIZ04wsooEBOz,Space Cadet (feat. Gunna),Metro Boomin,NOT ALL HEROES WEAR CAPES,6,4,465577,0,0,0,0,0,5,0,1,0,0,0,0,0,0,0,1,3,0,0,0,2
spotify:track:5aVrh0V1bpJ4YEGXfCD3Yz,3 a.m.,Eminem,Relapse [Deluxe],6,5,524492,0,0,0,0,0,1,0,3,0,0,2,0,0,0,0,3,2,0,0,0,1
spotify:track:0eK5y1c7WDyWwx6k9SFjbT,Renegade,JAY-Z,The Blueprint,6,4,714481,0,0,0,0,0,0,0,4,1,0,1,0,0,0,0,3,1,0,0,0,2
spotify:track:5M6ARntRsBgfp9YINgRHrH,Cold Wind Blows,Eminem,Recovery,6,4,611439,0,0,0,0,0,3,0,1,1,0,1,0,0,0,0,1,3,0,0,0,2
spotify:track:2v4kWcQ7LWML8TEQmLDAEO,MI SENTO BENE,Salmo,FLOP,6,5,260317,0,0,0,0,0,3,0,0,1,0,2,0,0,0,0,1,3,0,0,1,1
spotify:track:0lXVWzLwDnKB7Ro5p0AJPg,COME UN TUONO (feat. Guè),Rose Villain,RADIO SAKURA,6,5,110247,0,0,0,0,0,2,0,4,0,0,0,0,1,0,0,3,2,0,0,0,0
spotify:track:5G4uLkFKdEZLcuNyeomQmE,Savior - Interlude,Kendrick Lamar,Mr. Morale & The Big Steppers,6,5,243018,0,1,0,0,0,5,0,0,0,0,1,0,0,0,0,1,4,0,0,0,1
spotify:track:5EvF8OdvwB2CQy9Un7eiiI,The Real Slim Shady,Eminem,The Marshall Mathers LP,6,5,305920,0,0,0,0,0,3,0,2,0,0,1,0,0,0,0,2,3,0,0,0,1
spotify:track:5T8EDUDqKcs6OSOwEsfqG7,Don't Stop Me Now - Remastered 2011,Queen,Jazz,6,5,337169,0,0,0,0,0,2,0,3,0,0,1,0,0,0,0,3,2,0,0,0,1
spotify:track:32SFvZODywPBVDYSYtqxCj,Ruff Ryders' Anthem - Re-Recorded,DMX,Greatest Hits with a Twist - Deluxe Edition,6,6,106899,0,0,0,0,0,3,0,2,0,0,1,0,0,0,0,2,4,0,0,0,0
spotify:track:3590AAEoqH50z4UmhMIY85,Torna a casa,Måneskin,Il ballo della vita,6,5,237090,0,0,0,0,0,5,0,0,0,0,1,0,0,0,0,0,5,0,0,0,1
spotify:track:5ArQzSBevAdXTxRY6Ulhbq,Mama Said,Lukas Graham,Lukas Graham,6,2,842348,0,0,0,0,0,2,0,0,0,0,4,0,0,0,0,0,2,0,0,0,4
spotify:track:5mqPg2dyqb1gBNyg9ycGcT,Party And Bullshit,The Notorious B.I.G.,Whos The Man ? Soundtrack,6,6,220302,0,0,0,0,0,2,0,1,0,0,3,0,0,0,0,2,4,0,0,0,0
spotify:track:5odlY52u43F5BjByhxg7wg,golden hour,JVKE,this is what ____ feels like (Vol. 1-4),6,2,843058,0,0,0,0,0,3,0,2,0,0,1,0,0,0,0,2,0,0,0,0,4
spotify:track:5qII2n90lVdPDcgXEEVHNy,Sunday Morning,Maroon 5,Songs About Jane: 10th Anniversary Edition,6,5,260141,0,0,0,0,0,3,0,2,0,0,1,0,0,0,0,2,3,0,0,0,1
spotify:track:1jDJFeK9x3OZboIAHsY9k2,I'm Still Standing,Elton John,Too Low For Zero,6,4,493746,0,0,0,0,0,2,0,3,1,0,0,0,0,0,0,3,1,0,0,0,2
spotify:track:6XfxmT5QNCXvpZA6PKfWVL,Sorry Seems To Be The Hardest Word,Elton John,Blue Moves,6,4,548464,0,0,0,0,0,3,0,1,0,0,2,0,0,0,0,1,3,0,0,0,2
spotify:track:1lguQJjlNrIOoOylYVZN3M,The Judge,Twenty One Pilots,Blurryface,6,5,329180,0,0,0,0,0,3,0,1,0,0,2,0,0,0,0,2,2,0,0,1,1
spotify:track:6RtPijgfPKROxEzTHNRiDp,Rude,MAGIC!,Don't Kill the Magic,6,5,294994,0,0,0,0,0,1,0,3,0,0,2,0,0,0,0,4,1,0,0,0,1
spotify:track:6Ct1AsE9oTWUg1rmvIWJKM,Let's Get It Started - Spike Mix,Black Eyed Peas,Let's Get It Started,6,3,657989,0,0,0,0,0,3,0,0,0,0,3,0,0,0,0,0,3,0,0,0,3
spotify:track:69uxyAqqPIsUyTO8txoP2M,Adventure of a Lifetime,Coldplay,A Head Full of Dreams,6,4,477576,0,0,0,0,1,3,0,1,0,0,1,0,1,0,0,1,3,0,0,0,1
spotify:track:5qqabIl2vWzo9ApSC317sa,Wonderwall - Remastered,Oasis,(What's The Story) Morning Glory?,6,1,1299035,0,0,0,0,0,1,0,2,0,0,3,0,0,0,0,1,0,0,0,0,5
spotify:track:5ujx6AOCwO30cymvkX8KdK,Killer Game (feat. Gemitaiz & Madman),Salmo,Midnite (Deluxe Version),6,4,531525,0,0,0,0,0,4,0,0,1,0,1,0,0,0,0,1,3,0,0,0,2
spotify:track:0TDXeyH0hdiz0SZQo5w1nm,Breaking News - skit,Eminem,The Death of Slim Shady (Coup De Grâce),6,6,13080,0,0,0,0,0,6,0,0,0,0,0,0,0,0,0,0,6,0,0,0,0
spotify:track:2epbL7s3RFV81K5UhTgZje,Lemon Tree,Fools Garden,Dish of the Day,6,4,247266,0,0,0,0,0,2,0,1,0,0,3,0,1,0,0,1,2,0,0,1,1
spotify:track:62aP9fBQKYKxi7PDXwcUAS,ily (i love you baby) (feat. Emilee),Surf Mesa,ily (i love you baby) (feat. Emilee),6,6,60277,0,0,0,0,0,2,0,2,0,0,2,0,0,0,0,2,4,0,0,0,0
spotify:track:2YnfotbZGTfV27GHMUeC5r,Gas Gas,Goran Bregović,Karmen (With A Happy End),6,2,526535,0,0,0,0,0,1,0,3,0,0,2,0,2,0,0,1,1,0,0,0,2
spotify:track:0OU4v07h5oT26f4zmxzddH,1984,Salmo,Hellvisback,6,6,186033,0,0,0,0,0,4,0,2,0,0,0,0,0,0,0,1,3,0,0,2,0
spotify:track:6hyruZsp4aAmCNHoumdoHS,Il Comico (Sai Che Risate),Cesare Cremonini,La Teoria Dei Colori,6,5,334385,1,0,0,0,0,2,0,1,0,0,3,0,0,0,0,1,3,0,0,1,1
spotify:track:6UN73IYd0hZxLi8wFPMQij,Players,Coi Leray,Players,6,4,315314,0,0,0,0,0,3,0,1,0,0,2,0,0,0,0,1,2,0,0,1,2
spotify:track:6C781pluv3BPxGHHCUJNYc,Patiently Waiting,50 Cent,Get Rich Or Die Tryin',6,6,173831,0,0,0,0,0,5,0,0,0,0,1,0,0,0,0,0,6,0,0,0,0
spotify:track:70FCugJxa7XW04Np6iYJdI,21 Questions,50 Cent,Get Rich Or Die Tryin',6,6,199458,0,0,0,0,0,4,0,0,0,0,2,0,0,0,0,0,6,0,0,0,0
spotify:track:70ATm56tH7OrQ1zurYssz0,I Need A Doctor,Dr. Dre,I Need A Doctor,6,6,5310,0,0,0,0,0,4,0,1,1,0,0,0,0,0,0,1,5,0,0,0,0
spotify:track:6yaNNYWPjkWHbh1jADEyJO,KUMITE,Salmo,FLOP,6,6,98601,0,0,0,0,0,4,0,1,0,0,1,0,0,0,0,1,4,0,0,1,0
spotify:track:6pWgRkpqVfxnj3WuIcJ7WP,Cornfield Chase,Hans Zimmer,Interstellar (Original Motion Picture Soundtrack),6,6,159024,0,0,0,0,0,3,0,2,0,0,1,0,0,0,0,2,4,0,0,0,0
spotify:track:6r8aMKGEu5abEOtO2Edghr,Per Me È Importante,Tiromancino,In Continuo Movimento,6,4,533272,0,0,0,0,0,3,0,1,0,0,2,0,0,0,0,2,1,0,0,1,2
spotify:track:776AftMmFFAWUIEAb3lHhw,ZITTI E BUONI,Måneskin,Teatro d'ira - Vol. I,6,4,408945,0,0,0,0,0,3,0,0,0,0,3,0,0,0,0,0,4,0,0,0,2
spotify:track:7Ie9W94M7OjPoZVV216Xus,Not Afraid,Eminem,Recovery,6,3,766537,0,0,0,0,0,2,0,0,0,0,4,0,0,0,0,0,3,0,0,0,3
spotify:track:7GfXjqXD9aBvDoBdZ7EwPH,Veleno 6,MadMan,MM Vol. 2,6,5,210502,0,0,0,0,0,3,0,2,0,0,1,0,0,0,0,2,3,0,0,0,1
spotify:track:7GQU2ONiftn9FIYczNtfgx,Holla,Busta Rhymes,Genesis,6,5,704949,0,0,0,0,0,3,0,0,0,0,3,0,0,0,0,0,5,0,0,0,1
spotify:track:7exHT4swWOKL5addPeqkLP,THE LONELIEST,Måneskin,RUSH!,6,3,810452,0,0,0,0,0,2,0,0,0,0,4,0,0,0,0,0,3,0,0,0,3
spotify:track:7cM9Kqto11iJpY2RwgVJSq,Flare Guns,Quinn XCII,The Story of Us,6,4,724868,0,0,0,0,0,3,0,2,0,0,1,0,0,0,0,1,3,0,0,0,2
spotify:track:7uWVT3UkCAZyANvv0bdyQn,These Walls,Kendrick Lamar,To Pimp A Butterfly,6,5,645941,0,0,0,0,0,3,0,2,0,0,1,0,0,0,0,1,4,0,0,0,1
spotify:track:7ylOCfpjsuxM6w7W7b3W91,I See You (feat. Billy Raffoul),Kygo,Kids in Love,6,5,243897,0,0,0,0,0,4,0,1,0,0,1,0,0,0,0,1,4,0,0,0,1
spotify:track:7wC76LWyNxaP3hjGzbWOcN,CABRIOLET (feat. Sfera Ebbasta),Salmo,Playlist,5,3,373383,0,0,0,0,0,4,0,0,0,0,1,0,0,0,0,0,3,0,0,0,2
spotify:track:0YJW8OXw8G1xDfkzaID3vv,DON'T YOU WORRY,Black Eyed Peas,ELEVATION,5,4,298333,0,0,0,0,0,2,0,0,0,0,3,0,0,0,0,0,4,0,0,0,1
spotify:track:6XjDF6nds4DE2BBbagZol6,Gata Only,FloyyMenor,Gata Only,5,5,26231,0,0,0,0,0,0,0,5,0,0,0,0,0,0,0,5,0,0,0,0,0
spotify:track:7Ezwtgfw7khBrpvaNPtMoT,All The Way Up (feat. Infared),Fat Joe,Plata O Plomo,5,4,204120,0,0,0,0,0,4,0,0,0,0,1,0,0,0,0,0,3,0,0,1,1
spotify:track:6ocbgoVGwYJhOv1GgI9NsF,7 rings,Ariana Grande,"thank u, next",5,2,537914,0,0,0,0,0,2,0,0,1,0,2,0,0,0,0,0,2,0,0,0,3
spotify:track:2MYm1yy4bYba3mGF9Ou6Yo,Real,Kendrick Lamar,"good kid, m.A.A.d city",5,5,23184,0,0,0,0,0,3,0,1,1,0,0,0,0,0,0,1,3,0,0,1,0
spotify:track:5W8YXBz9MTIDyrpYaCg2Ky,Last Resort,Papa Roach,Infest,5,4,71648,0,0,0,0,1,0,0,4,0,0,0,0,1,0,0,4,0,0,0,0,0
spotify:track:6pSspi3xtrbXr8LqvJ9BJN,Careless Whisper - Remastered,George Michael,Twenty Five,5,5,283427,0,0,0,0,0,3,0,1,0,0,1,0,0,0,0,1,4,0,0,0,0
spotify:track:5RzFJd6W40SDTyZkX6xx45,I Know You Want Me (Calle Ocho),Pitbull,Pitbull Starring In Rebelution,5,5,113541,0,0,0,0,0,5,0,0,0,0,0,0,0,0,0,1,3,0,0,1,0
spotify:track:0MsrWnxQZxPAcov7c74sSo,Holiday / Boulevard of Broken Dreams,Green Day,American Idiot,5,3,1026051,0,0,0,0,0,1,0,1,0,0,3,0,0,0,0,1,2,0,0,0,2
spotify:track:0FNPiAAdWdWaGr7JOnlKmi,Imagine,Snoop Dogg,Tha Blue Carpet Treatment,5,5,24143,0,0,0,0,0,1,0,2,2,0,0,0,0,0,0,2,3,0,0,0,0
spotify:track:6Xy7bkDe5xz2f7vtlUIjQE,Another Day in Paradise,Quinn XCII,Change of Scenery,5,5,50600,0,0,0,0,0,2,0,3,0,0,0,0,0,0,0,3,2,0,0,0,0
spotify:track:0b18g3G5spr4ZCkz7Y6Q0Q,Rasputin,Majestic,Rasputin,5,3,324592,0,0,0,0,0,2,0,2,0,0,1,0,1,0,0,2,1,0,0,0,1
spotify:track:6hcUMWNYcoRygbg7cdxrZL,POLKA,Rosa Chemical,FOREVER,5,3,426570,0,0,0,0,0,1,0,0,0,0,4,0,0,0,0,1,2,0,0,0,2
spotify:track:4lO57zZGFcj7vSY4QhfVDq,She's The One,Robbie Williams,I've Been Expecting You,5,3,724023,0,0,0,0,0,2,0,1,0,0,2,0,0,0,0,1,2,0,0,0,2
spotify:track:1vxw6aYJls2oq3gW0DujAo,Crazy,Gnarls Barkley,St. Elsewhere,5,2,407686,0,0,0,0,0,3,0,1,0,0,1,0,1,0,0,2,0,0,0,0,2
spotify:track:4D6TpthzUVNTjWQqfBW5Kb,All Of The Lights (Interlude),Kanye West,My Beautiful Dark Twisted Fantasy,5,4,72084,0,0,0,0,0,0,0,4,0,0,1,0,0,0,0,4,0,0,0,0,1
spotify:track:6ho0GyrWZN3mhi9zVRW7xi,Losing It,FISHER,Losing It,5,5,115722,0,0,0,0,0,1,0,3,0,0,1,0,0,0,0,3,2,0,0,0,0
spotify:track:6tp27J7xy18DQiQXut3GsF,Don't Lie,Black Eyed Peas,Monkey Business,5,5,32013,0,0,0,0,0,3,0,2,0,0,0,0,0,0,0,3,2,0,0,0,0
spotify:track:2rgOAX5Cj3pk8JFnaPwJbd,STAI ZITTO (feat. Fabri Fibra),Salmo,Playlist,5,2,614834,2,0,0,0,0,0,0,2,0,0,3,0,0,0,0,2,0,0,0,0,3
spotify:track:0NWtAf6HtnfA5KFCaX6Wtz,Bitch Please II,Eminem,The Marshall Mathers LP,5,5,7562,0,0,0,0,0,2,0,2,0,0,1,0,0,0,0,3,1,0,0,1,0
spotify:track:3fCRPhzGYSd4y6K1qjFcIp,Groundhog Day,Eminem,The Marshall Mathers LP2,5,3,362784,0,0,0,0,0,2,0,1,0,0,2,0,1,0,0,1,2,0,0,0,1
spotify:track:22PJPy3Xf2EruWEeqNEOFH,Old Time's Sake,Eminem,Relapse,5,5,75050,0,0,0,0,0,4,0,1,0,0,0,0,0,0,0,2,3,0,0,0,0
spotify:track:1vePC77pxGSUXLErDHuGtH,The Message,Grandmaster Flash,"Grandmaster Flash, Grandmaster Melle-Mel & The Furious Five: The Greatest Hits",5,5,67434,0,0,0,0,0,2,0,1,0,0,2,0,0,0,0,1,4,0,0,0,0
spotify:track:1BKT2I9x4RGKaKqW4up34s,Ruff Ryders' Anthem,DMX,It's Dark And Hell Is Hot,5,5,10700,0,0,0,0,0,0,0,5,0,0,0,0,0,0,0,5,0,0,0,0,0
spotify:track:2ixsaeFioXJmMgkkbd4uj1,Budapest,George Ezra,Wanted on Voyage,5,5,102893,0,0,0,0,0,1,0,2,1,0,1,0,0,0,0,2,2,0,0,1,0
spotify:track:0eO8MW9YSTK3CjdaTYKlhF,Who Am I (What’s My Name)?,Snoop Dogg,Doggystyle,5,5,23723,0,0,0,0,0,1,0,4,0,0,0,0,0,0,0,4,1,0,0,0,0
spotify:track:1v54pVfqtSC7KbTu2C2pnM,You’re Never Over,Eminem,Recovery,5,5,16436,0,0,0,0,0,5,0,0,0,0,0,0,0,0,0,1,4,0,0,0,0
spotify:track:4qsVPnhbvEooD1bSNqvvh0,Let It Be - Remastered 2015,The Beatles,1,5,4,240587,0,0,0,0,0,2,0,1,0,0,2,0,0,0,0,1,3,0,0,0,1
spotify:track:5CsDo9j3N4yFZNCN1h9loS,Never Enough,Eminem,Encore,5,5,90201,0,0,0,0,0,2,0,2,0,0,1,0,0,0,0,3,1,0,0,1,0
spotify:track:6sy3LkhNFjJWlaeSMNwQ62,Counting Stars,OneRepublic,Native,5,4,277826,0,0,0,0,0,3,0,0,0,0,2,0,0,0,0,0,3,0,0,1,1
spotify:track:3sgLS1bQj1rjSXbsYAVLfk,Will Do,TV On The Radio,Nine Types of Light,5,2,692272,0,0,0,0,0,2,0,2,0,0,1,0,0,0,0,2,0,0,0,0,3
spotify:track:6cii6vbf1gITzGEpDrc5BP,Dandelions - slowed + reverb,Ruth B.,Dandelions,5,3,512073,0,0,0,0,0,4,0,1,0,0,0,0,1,0,0,1,2,0,0,0,1
spotify:track:6nek1Nin9q48AVZcWs9e9D,Paradise,Coldplay,Mylo Xyloto,5,3,592844,0,0,0,0,0,2,0,1,1,0,1,0,0,0,0,1,2,0,0,0,2
spotify:track:3eekarcy7kvN4yt5ZFzltW,HIGHEST IN THE ROOM,Travis Scott,HIGHEST IN THE ROOM,5,4,319404,0,0,0,0,0,2,0,2,0,0,1,0,0,0,0,2,2,0,0,0,1
spotify:track:6oNJqGeekJO8rADd2Mktvi,ALTALENE (feat. Mara Sattei & Coez),BLOODY VINYL,BV3,5,4,188404,5,0,0,0,0,0,0,5,0,0,0,0,0,0,0,4,0,0,0,0,1
spotify:track:3NRql0A1Ef4RCvT473iqgD,Hell N Back,Bakar,Hell N Back,5,2,718779,0,0,0,0,0,1,0,1,0,0,3,0,0,0,0,1,1,0,0,0,3
spotify:track:6K07Ahf6V7CAQn0ikrOztl,So Appalled,Kanye West,My Beautiful Dark Twisted Fantasy,5,5,13850,0,0,0,0,0,0,0,4,0,0,1,0,0,0,0,4,1,0,0,0,0
spotify:track:6EXi6ZqTITKGtVBKqbphjL,Porcelain,Moby,Play,5,4,250173,0,0,0,0,0,3,0,2,0,0,0,0,0,0,0,2,2,0,0,0,1
spotify:track:2Z8WuEywRWYTKe1NybPQEW,Ride,Twenty One Pilots,Blurryface,5,4,334216,0,0,0,0,0,2,0,2,1,0,0,0,0,0,0,2,2,0,0,0,1
spotify:track:4WgvTITBJbEfCJHguiE7QS,The Monster,Eminem,The Marshall Mathers LP2,5,5,14435,0,0,0,0,0,4,0,1,0,0,0,0,0,0,0,1,4,0,0,0,0
spotify:track:3F9ByoUqu31xU0I3G5xfVg,Meet Me Halfway,Black Eyed Peas,THE E.N.D. (THE ENERGY NEVER DIES),5,4,403875,1,0,0,0,0,2,0,1,0,0,2,0,0,0,0,2,2,0,0,0,1
spotify:track:6CjtS2JZH9RkDz5UVInsa9,Thrift Shop (feat. Wanz),Macklemore & Ryan Lewis,The Heist,5,4,177156,0,0,0,0,0,2,0,2,0,0,1,0,1,0,0,2,2,0,0,0,0
spotify:track:19XpFsce28aByvCC4g89tJ,Too Sweet,Hozier,Unreal Unearth: Unaired,5,1,1012071,1,0,0,0,0,0,0,1,0,0,4,0,0,0,0,1,0,0,0,0,4
spotify:track:68rcszAg5pbVaXVvR7LFNh,One Day / Reckoning Song (Wankelmut Remix) - Radio Edit,Asaf Avidan,One Day / Reckoning Song (Wankelmut Remix),5,4,308054,0,0,0,0,0,2,0,1,0,0,2,0,0,0,0,1,3,0,0,0,1
spotify:track:4nva9EpKntUTs6CRSGBCn9,Just A Lil Bit,50 Cent,The Massacre,5,3,508098,0,0,0,0,0,2,0,0,0,0,3,0,0,0,0,0,3,0,0,0,2
spotify:track:2dLLR6qlu5UJ5gk0dKz0h3,Royals,Lorde,Pure Heroine,5,3,411720,0,0,0,0,0,1,0,1,0,0,3,0,0,0,0,2,1,0,0,0,2
spotify:track:63SevszngYpZOwf63o61K4,Nevermind,Dennis Lloyd,Nevermind,5,3,342394,0,0,0,0,0,0,0,2,0,0,3,0,0,0,0,2,1,0,0,0,2
spotify:track:44Du2IM1bGY7dicmLfXbUs,Final Fantasy,Drake,Scorpion,5,4,239812,0,0,0,0,0,3,0,0,0,0,2,0,0,0,0,0,4,0,0,0,1
spotify:track:2bLqfJjuC5syrsgDsZfGmn,The Way I Are,Timbaland,Shock Value,5,4,229689,0,0,0,0,0,2,0,2,0,0,1,0,0,0,0,2,2,0,0,0,1
spotify:track:0y1QJc3SJVPKJ1OvFmFqe6,Way down We Go,KALEO,A/B,5,2,684198,0,0,0,0,0,1,0,2,0,0,2,0,0,0,0,2,0,0,0,0,3
spotify:track:18TtVZgD09HpU7lUXR0kPI,When I'm Gone,Eminem,Curtain Call: The Hits,5,3,745283,0,0,0,0,0,3,0,0,0,0,2,0,0,0,0,0,3,0,0,0,2
spotify:track:0qcjuYtMWhBjXg0Xwt5SzS,Just Lose It,Eminem,Encore,5,4,259011,0,0,0,0,0,3,0,1,0,0,1,0,0,0,0,1,3,0,0,0,1
spotify:track:3YqJ0iaDWM0aqEDQExd2j3,Don't Like.1,Kanye West,G.O.O.D.,5,5,41239,0,0,0,0,0,3,0,1,1,0,0,0,0,0,0,1,4,0,0,0,0
spotify:track:0XRbYXQUymj9SJkrr8YK5B,Keep Ya Head Up,2Pac,Strictly 4 My N.I.G.G.A.Z...,5,5,16707,0,0,0,0,0,2,0,3,0,0,0,0,0,0,0,3,2,0,0,0,0
spotify:track:363rtOZlRspu9BYriTeJ5c,Angeli e Demoni (feat. Mina),Mondo Marcio,UOMO!,5,5,9810,0,0,0,0,0,4,0,1,0,0,0,0,0,0,0,1,3,0,0,1,0
spotify:track:5mJDKaEsF02C8BOZoJ14rl,ANTIPATICO,Salmo,FLOP,5,3,243669,0,0,0,0,0,3,0,1,0,0,1,0,0,0,0,0,3,0,0,0,2
spotify:track:2Ih217RCGAmyQR68Nn7Cqo,You Know How We Do It,Ice Cube,Lethal Injection,5,2,721924,0,0,0,0,0,2,0,2,0,0,1,0,0,0,0,2,0,0,0,0,3
spotify:track:2IGMVunIBsBLtEQyoI1Mu7,Paint The Town Red,Doja Cat,Paint The Town Red,5,3,540886,0,0,0,0,0,0,0,1,0,0,4,0,0,0,0,1,2,0,0,0,2
spotify:track:003vvx7Niy0yvhvHt4a68B,Mr. Brightside,The Killers,Hot Fuss,5,5,25630,0,0,0,0,0,0,0,5,0,0,0,0,0,0,0,5,0,0,0,0,0
spotify:track:504zDSdLx2f15jBAoSrmFp,Jimmy Crack Corn,Eminem,Eminem Presents The Re-Up,5,5,140514,0,0,0,0,0,4,0,0,0,0,1,0,0,0,0,0,5,0,0,0,0
spotify:track:51LIqkda3pTeECZUhMnool,Straightjacket,Quinn XCII,The Story of Us,5,3,754656,0,0,0,0,0,1,0,2,0,0,2,0,0,0,0,1,2,0,0,0,2
spotify:track:4cWrKV5SN7AknqPy4ryBDG,Casa Mia,Ghali,Casa Mia,5,4,233939,0,0,0,0,0,0,0,4,0,0,1,0,0,0,0,4,0,0,0,0,1
spotify:track:7lgvU7WnwcNZ8dbGUz8yhP,Bitch Please II,Eminem,The Marshall Mathers LP,5,5,115018,0,0,0,0,0,2,0,2,0,0,1,0,0,0,0,4,1,0,0,0,0
spotify:track:7gY3qneACKqhzMD5jBo6Zq,Lucifero (prod. Yazee),Nitro,Lucifero (prod. Yazee),5,0,902270,0,0,0,0,0,1,0,0,0,0,4,0,1,0,0,0,0,0,0,0,4
spotify:track:7hU3IHwjX150XLoTVmjD0q,MONEY,LISA,LALISA,5,4,428522,0,0,0,0,0,1,0,1,0,0,3,0,0,0,0,1,3,0,0,0,1
spotify:track:2KFg8kjYy0rYjWsXGhEQHN,Who Shot Ya? - 2005 Remaster,The Notorious B.I.G.,Ready to Die,5,5,56252,0,0,0,0,0,0,0,5,0,0,0,0,0,0,0,5,0,0,0,0,0
spotify:track:0B5kY9i9bmP7554oU4jRoO,Funkytown - Single Version,Lipps Inc.,'80s Pop #1's,5,3,526480,0,0,0,0,0,3,0,2,0,0,0,0,0,0,0,2,1,0,0,0,2
spotify:track:2TwfqpwieYnr3B2xKCxTQB,Ma Chérie - DJ Antoine & Mad Mark 2K12 Radio Edit,DJ Antoine,2010,4,2,428419,1,0,0,0,0,1,0,1,0,0,2,0,0,0,0,1,1,0,0,0,2
spotify:track:20qlAd6sHAYjc7TrrM5VeY,che t'o dico a fa',Angelina Mango,che t'o dico a fa',4,4,41456,0,0,0,0,0,0,0,4,0,0,0,0,0,0,0,4,0,0,0,0,0
spotify:track:6dGnYIeXmHdcikdzNNDMm2,Here Comes The Sun - Remastered 2009,The Beatles,Abbey Road,4,4,60470,0,0,0,0,0,2,0,1,0,0,1,0,0,0,0,1,3,0,0,0,0
spotify:track:5YPKiDLejR1JhnX6w2lhro,Spigoli (feat. Mara Sattei & thasup),Carl Brave,Coraggio,4,3,370417,0,0,0,0,0,1,0,2,0,0,1,0,0,0,0,2,1,0,0,0,1
spotify:track:6dOtVTDdiauQNBQEDOtlAB,BIRDS OF A FEATHER,Billie Eilish,HIT ME HARD AND SOFT,4,4,25866,0,0,0,0,0,0,0,4,0,0,0,0,0,0,0,3,1,0,0,0,0
spotify:track:3SImXx6qmobDK2q7MKeR1Z,"Bitch, Don’t Kill My Vibe - Remix",Kendrick Lamar,"good kid, m.A.A.d city",4,4,58642,0,0,0,0,0,2,0,2,0,0,0,0,0,0,0,3,1,0,0,0,0
spotify:track:1GVkrFVc94CTjm9bdSmGjp,Feet Don't Fail Me Now,Joy Crookes,Feet Don't Fail Me Now,4,4,7831,0,0,0,0,0,3,0,1,0,0,0,0,0,0,0,1,3,0,0,0,0
spotify:track:1u73tmG4xQschbK8cXxSD9,Love Tonight,Shouse,Love Tonight,4,4,26978,0,0,0,0,0,1,0,2,0,0,1,0,0,0,0,2,2,0,0,0,0
spotify:track:1WQxLQxEDMDwuaAmRXDHIw,PARE (feat. Madame),Ghali,Sensazione ultra,4,2,333508,0,0,0,0,0,1,0,0,0,0,3,0,0,0,0,1,1,0,0,0,2
spotify:track:3eTMWHfAxwRop0mAl1uOe5,Changes,PNAU,Changa,4,3,351432,0,0,0,0,0,0,0,2,0,0,2,0,0,0,0,2,1,0,0,0,1
spotify:track:3INsYP1Y8GG4qJvBsKCdXC,Don't Stop Me Now - ...Revisited,Queen,Bohemian Rhapsody,4,4,126157,0,0,0,0,0,2,0,1,0,0,1,0,0,0,0,1,2,0,0,1,0
spotify:track:3eMsgWDRq5dKl5SBTYGv2J,Higher,Eminem,Music To Be Murdered By - Side B,4,4,6276,0,0,0,0,0,0,0,4,0,0,0,0,0,0,0,4,0,0,0,0,0
spotify:track:4JKwW0A2OQeAUpYZd99Lfo,Let's Ride,The Game,Doctor's Advocate,4,4,17847,0,0,0,0,0,3,0,1,0,0,0,0,0,0,0,1,3,0,0,0,0
spotify:track:6WVSjBksHbfBVhvZew41iY,VOCE,Madame,MADAME,4,3,160302,0,0,0,0,0,3,0,0,0,0,1,0,1,0,0,0,3,0,0,0,0
spotify:track:0gPQTLaqHDgdupKEok7J2x,7 Days,Craig David,Born to Do It,4,2,487636,0,0,0,0,0,0,0,1,0,0,3,0,0,0,0,1,1,0,0,0,2
spotify:track:5RBOcBpJXaNnHCGViJmYhh,The Perfect Girl,Mareux,The Perfect Girl,4,4,45453,0,0,0,0,0,2,0,2,0,0,0,0,0,0,0,2,2,0,0,0,0
spotify:track:0mUyMawtxj1CJ76kn9gIZK,Bad Day,Daniel Powter,Daniel Powter,4,4,232850,0,0,0,0,0,2,0,1,0,0,1,0,0,0,0,1,3,0,0,0,0
spotify:track:303ccTay2FiDTZ9fZ2AdBt,Music Sounds Better With You,Stardust,Music Sounds Better With You,4,3,599234,0,0,0,0,0,2,0,1,0,0,1,0,0,0,0,2,1,0,0,0,1
spotify:track:17OqI90oTFZ3J8PVu6j07V,Voulez-Vous,ABBA,Voulez-Vous,4,1,760067,0,0,0,0,1,0,0,1,0,1,1,0,1,0,0,1,0,0,0,0,2
spotify:track:2O7jON0xYyTaSkWj9wZXCJ,Sinceramente,Annalisa,Sinceramente,4,4,109270,0,0,0,0,0,0,0,4,0,0,0,0,0,0,0,3,1,0,0,0,0
spotify:track:47wZfF4OdME3xkIPhhpSSF,Gimme Some More,Busta Rhymes,Extinction Level Event: The Final World Front,4,3,172682,0,0,0,0,0,2,0,1,0,0,1,0,0,0,0,1,2,0,0,0,1
spotify:track:6IvespQWGW4USXwexlVKDm,Untouchable,Eminem,Revival,4,4,10496,0,0,0,0,0,0,0,4,0,0,0,0,0,0,0,4,0,0,0,0,0
spotify:track:7CyPwkp0oE8Ro9Dd5CUDjW,"One Of The Girls (with JENNIE, Lily Rose Depp)",The Weeknd,The Idol Episode 4,4,4,25514,0,0,0,0,0,0,0,4,0,0,0,0,0,0,0,4,0,0,0,0,0
spotify:track:2aqe2NgAwmMlPgtf1MnGoy,Gotta Have It,JAY-Z,Watch The Throne,4,4,23554,0,0,0,0,0,2,0,2,0,0,0,0,0,0,0,2,2,0,0,0,0
spotify:track:7EM7aTxoicXDjIy3gK6Pnu,A Volte Esagero,Marracash,Status,4,2,473348,3,0,0,0,0,0,0,1,0,0,3,0,0,0,0,1,1,0,0,0,2
spotify:track:3FtYbEfBqAlGO46NUDQSAt,Electric Feel,MGMT,Oracular Spectacular,4,4,25300,0,0,0,0,0,0,0,4,0,0,0,0,0,0,0,4,0,0,0,0,0
spotify:track:4rhcqdXTzNX9uZRZybj3UP,Make It Rain,Ed Sheeran,x - Wembley Edition,4,4,184181,0,0,0,0,0,1,0,2,0,0,1,0,0,0,0,2,1,0,0,1,0
spotify:track:0ZjxK3xSqyFEDKMMnA7fyl,MIU MIU,Tony Effe,ICON,4,4,22891,0,0,0,0,0,0,0,4,0,0,0,0,0,0,0,4,0,0,0,0,0
spotify:track:2ygMBIctKIAfbEBcT9065L,Pump It,Black Eyed Peas,Monkey Business,4,4,25440,0,0,0,0,0,1,0,3,0,0,0,0,0,0,0,3,1,0,0,0,0
spotify:track:4b93D55xv3YCH5mT4p6HPn,Ocean Drive,Duke Dumont,Duality,4,3,216541,0,0,0,0,0,4,0,0,0,0,0,0,0,0,0,2,1,0,0,0,1
spotify:track:6GyFP1nfCDB8lbD2bG0Hq9,Midnight City,M83,"Hurry up, We're Dreaming",4,4,26676,0,0,0,0,0,1,0,2,0,0,1,0,0,0,0,2,2,0,0,0,0
spotify:track:2tIyoiGw4F82z2C8zb7eZB,TU MI HAI CAPITO (feat. Sfera Ebbasta),Madame,MADAME,4,2,428354,0,0,0,0,0,2,0,0,1,0,1,0,0,0,0,0,2,0,0,0,2
spotify:track:0muEgLSADRCBEIBzoivkqS,Bro (feat. Tedua),Ernia,68,4,2,275420,0,0,0,0,0,0,0,3,0,0,1,0,1,0,0,2,0,0,0,0,1
spotify:track:0C9rBeWAsPhmBeaYKZLN5m,Figli Delle Stelle,Alan Sorrenti,Figli Delle Stelle,4,1,791979,0,0,0,0,0,0,0,2,0,0,2,0,1,0,0,1,0,0,0,0,2
spotify:track:76cEI7LczlKZ1yLAHIoPBJ,NEON - Le Ali (feat. Elisa),Marracash,Persona,4,1,818644,0,0,0,0,0,0,0,0,0,0,4,0,1,0,0,1,0,0,0,0,2
spotify:track:2Xr1dTzJee307rmrkt8c0g,love nwantiti (ah ah ah),CKay,CKay The First,4,3,227503,0,0,0,0,0,1,0,1,0,0,2,0,0,0,0,1,2,0,0,0,1
spotify:track:4aVuWgvD0X63hcOCnZtNFA,Hold the Line,TOTO,Toto,4,4,8043,0,0,0,0,0,1,0,3,0,0,0,0,0,0,0,3,1,0,0,0,0
spotify:track:4M8filny20Mwlc2gnvtcgU,P.E.S.,Club Dogo,Noi Siamo Il Club (Reloaded Edition),4,1,691038,0,0,0,0,0,0,0,1,0,0,3,0,0,0,0,1,0,0,0,0,3
spotify:track:4nS6mZBLYgtksYyXsuXgBw,"Si, ah",Frah Quintale,Regardez moi,4,2,359530,1,0,0,0,0,0,0,2,0,0,2,0,0,0,0,2,0,0,0,0,2
spotify:track:654Jxp6rUFgPckixlIusRJ,TUTA GOLD,Mahmood,TUTA GOLD,4,4,29258,0,0,0,0,0,0,0,4,0,0,0,0,0,0,0,3,1,0,0,0,0
spotify:track:4SBqydJCEhcroni09XgT2c,ID - Ultra Music Festival Anthem,Kygo,ID,4,4,82917,0,0,0,0,0,2,0,1,0,0,1,0,0,0,0,1,3,0,0,0,0
spotify:track:0nKZeSrqH9u31NLoTUsYBR,You Don't Know,Eminem,Eminem Presents The Re-Up,4,4,4675,0,0,0,0,0,3,0,0,0,0,1,0,0,0,0,0,4,0,0,0,0
spotify:track:3yrSvpt2l1xhsV9Em88Pul,Brown Eyed Girl,Van Morrison,Blowin' Your Mind!,4,4,46010,0,0,0,0,0,2,0,1,1,0,0,0,0,0,0,0,3,0,0,1,0
spotify:track:4Ljs6Dvpz7Arf9Ac8RN7tn,Stereo Hearts (feat. Adam Levine),Gym Class Heroes,The Papercut Chronicles II,4,3,215356,0,0,0,0,0,2,0,2,0,0,0,0,0,0,0,1,2,0,0,0,1
spotify:track:4hfIVhq0F0zFUcrbecsYmo,Let's Get It Started - Spike Mix,Black Eyed Peas,Elephunk,4,2,461120,0,0,0,0,0,2,0,2,0,0,0,0,0,0,0,2,0,0,0,0,2
spotify:track:6xc77qJbTNh3yQzSopZEuw,Portofino,Il Pagante,Portofino,4,1,498372,1,0,0,0,0,1,0,0,0,0,3,0,0,0,0,0,1,0,0,0,3
spotify:track:0Thqjtu54vKMP06pwZkAWp,G.O.M.D,J. Cole,2014 Forest Hills Drive,4,4,31704,0,0,0,0,0,2,0,0,1,0,1,0,0,0,0,1,2,0,0,1,0
spotify:track:0Fv6CfegUbD5Egs0dj8CVB,My Name Is,Eminem,The Slim Shady LP,4,4,164039,0,0,0,0,0,0,0,3,0,0,1,0,0,0,0,3,1,0,0,0,0
spotify:track:4lJNen4SMTIJMahALc3DcB,"Thunderclouds (feat. Sia, Diplo, and Labrinth)",Sia,"LABRINTH, SIA & DIPLO PRESENT... LSD",4,2,379913,0,0,0,0,0,2,0,0,0,0,2,0,0,0,0,0,2,0,0,0,2
spotify:track:0zxvemE96KZ4xBrFolkL1Y,In Radio,Marracash,Status,4,3,225404,0,0,0,0,0,3,0,0,0,0,1,0,1,0,0,0,3,0,0,0,0
spotify:track:5BqUbKq9rCMrCkRtAiz8XA,Settimana Bianca,Il Pagante,Paninaro 2.0,4,3,166659,0,0,0,0,0,1,0,2,0,0,1,0,0,0,0,1,2,0,0,0,1
spotify:track:4kLLWz7srcuLKA7Et40PQR,I Gotta Feeling,Black Eyed Peas,THE E.N.D. (THE ENERGY NEVER DIES),4,1,638075,1,0,0,0,0,1,0,1,0,0,2,0,1,0,0,1,0,0,0,0,2
spotify:track:6vB49BJ70zBpDrrAPwdaB8,Drive Slow,Kanye West,Late Registration,4,4,38803,0,0,0,0,0,0,0,4,0,0,0,0,0,0,0,4,0,0,0,0,0
spotify:track:1VNARx6Sm6ZYAsDMCGiU1B,LUNEDI',Salmo,Playlist,4,3,213611,0,0,0,0,0,2,0,0,0,0,2,0,0,0,0,1,2,0,0,0,1
spotify:track:63T7DJ1AFDD6Bn8VzG6JE8,"Paint It, Black",The Rolling Stones,Aftermath,4,4,6438,0,0,0,0,0,2,0,2,0,0,0,0,0,0,0,2,2,0,0,0,0
spotify:track:5yV5BnOqM941OwWF5Tx6Yv,SUPREME - L'ego,Marracash,Persona,4,3,435214,0,0,0,0,0,2,0,0,0,0,2,0,0,0,0,0,2,0,0,1,1
spotify:track:2G7V7zsVDxg1yRsu7Ew9RJ,In My Feelings,Drake,Scorpion,4,3,499705,0,0,0,0,0,1,0,0,0,0,3,0,0,0,0,0,3,0,0,0,1
spotify:track:31rWRFlQyMpmF6hfN4vUFj,SIMPLY THE BEST,Black Eyed Peas,ELEVATION,4,4,161758,0,0,0,0,0,2,0,2,0,0,0,0,0,0,0,3,1,0,0,0,0
spotify:track:7w87IxuO7BDcJ3YUqCyMTT,Pumped Up Kicks,Foster The People,Torches,4,4,19670,0,0,0,0,0,1,0,2,1,0,0,0,0,0,0,3,1,0,0,0,0
spotify:track:0yhxBvedRdGxsPZHJNI4VA,I Thought About Killing You,Kanye West,ye,4,4,110815,0,0,0,0,0,0,0,4,0,0,0,0,0,0,0,3,1,0,0,0,0
spotify:track:6sCtddSFg3foJn4K2pIhfQ,Hail Mary,Makaveli,The Don Killuminati: The 7 Day Theory,4,4,19541,0,0,0,0,0,0,0,4,0,0,0,0,0,0,0,4,0,0,0,0,0
spotify:track:2grjqo0Frpf2okIBiifQKs,September,"Earth, Wind & Fire","The Best Of Earth, Wind & Fire Vol. 1",4,2,435729,0,0,0,0,0,2,0,1,0,0,1,0,0,0,0,1,1,0,0,0,2
spotify:track:0pMUgJwp0a7Wxypy8xfmMO,Yellow Brick Road,Eminem,Encore,4,3,358068,0,0,0,0,0,1,0,2,0,0,1,0,0,0,0,1,2,0,0,0,1
spotify:track:1MCSc1ZxlwV5muFXKocAnW,Barrio,Mahmood,Barrio,4,3,181055,0,0,0,0,0,0,0,3,0,0,1,0,0,0,0,3,0,0,0,0,1
spotify:track:5eyL6waluu7hXrRrWewBFU,30ºC,ANNA,30ºC,4,4,23958,0,0,0,0,0,0,0,4,0,0,0,0,0,0,0,2,2,0,0,0,0
spotify:track:5uQ7de4EWjb3rkcFxyEOpu,Belong Together,Mark Ambor,Belong Together,4,4,17731,0,0,0,0,0,0,0,4,0,0,0,0,0,0,0,4,0,0,0,0,0
spotify:track:02fHDy3xEetr1EX6qw3Cas,Vai!,Alfa,Vai!,4,4,59378,0,0,0,0,0,3,0,1,0,0,0,0,0,0,0,1,3,0,0,0,0
spotify:track:37L7CN8VlbcLZIpWLG2QiU,BABY GODDAMN,Tananai,"RAVE, ECLISSI",4,4,11988,0,0,0,0,0,0,0,4,0,0,0,0,0,0,0,4,0,0,0,0,0
spotify:track:6sf35vqrEAN8fOFzrKmv9A,Fire Squad,J. Cole,2014 Forest Hills Drive,4,4,88654,0,0,0,0,0,2,0,0,2,0,0,0,0,0,0,1,3,0,0,0,0
spotify:track:1qsHYUd2c1wFGcn7e63QmG,Yikes,Kanye West,ye,4,4,25881,0,0,0,0,0,1,0,3,0,0,0,0,0,0,0,3,1,0,0,0,0
spotify:track:2ihCaVdNZmnHZWt0fvAM7B,Little Talks,Of Monsters and Men,My Head Is An Animal,4,4,12486,0,0,0,0,0,1,0,2,0,0,1,0,0,0,0,2,2,0,0,0,0
spotify:track:0VjIjW4GlUZAMYd2vXMi3b,Blinding Lights,The Weeknd,After Hours,4,1,417017,1,0,0,0,0,1,0,1,0,0,2,0,1,0,0,0,1,0,0,0,2
spotify:track:1zzxoZVylsna2BQB65Ppcb,X Gon' Give It To Ya,DMX,The Definition Of X: Pick Of The Litter,4,4,3026,0,0,0,0,0,2,0,2,0,0,0,0,0,0,0,2,2,0,0,0,0
spotify:track:5aCfe1vmMzmCc916WKWar3,Mafia Del Boom Bap,Club Dogo,Club Dogo,4,4,33342,0,0,0,0,0,1,0,3,0,0,0,0,0,0,0,4,0,0,0,0,0
spotify:track:3LtpKP5abr2qqjunvjlX5i,Doja,Central Cee,Doja,4,4,23036,0,0,0,0,0,3,0,1,0,0,0,0,0,0,0,1,3,0,0,0,0
spotify:track:6ogACNVtzSJHzqLhzUegaf,Offended,Eminem,Revival,4,4,23343,0,0,0,0,0,1,0,3,0,0,0,0,0,0,0,3,1,0,0,0,0
spotify:track:57iDDD9N9tTWe75x6qhStw,Bitter Sweet Symphony - Remastered 2016,The Verve,Urban Hymns,4,4,12138,0,0,0,0,0,2,0,2,0,0,0,0,0,0,0,2,2,0,0,0,0
spotify:track:4Dub4JaxFLCeb2NqFsLiZ2,Salvador Dalì,Marracash,Santeria,4,2,521224,2,0,0,0,0,1,0,1,0,0,2,0,0,0,0,1,1,0,0,0,2
spotify:track:0J2u6TAolef5gZEVy1HErU,Ed-Ucation,Dr. Dre,2001,4,4,17591,0,0,0,0,0,2,0,1,0,0,1,0,0,0,0,2,1,0,0,1,0
spotify:track:11Yp4S3WZA7yqWIbUmMJSd,Catch & Release - Deepend Remix,Matt Simons,Catch & Release,4,2,497288,0,0,0,0,0,0,0,1,0,0,3,0,0,0,0,1,1,0,0,0,2
spotify:track:7u02ZUejB2uhTw1WuFXrlf,Piango Sulla Lambo (feat. Rose Villain),Guè,GVESVS,4,3,218231,0,0,0,0,0,3,0,0,0,0,1,0,0,0,0,0,3,0,0,0,1
spotify:track:5mgTRXPQquTqhRcBZiQXVg,Steve Berman,Eminem,The Marshall Mathers LP,4,2,67723,0,0,0,0,0,1,0,3,0,0,0,0,0,0,0,1,1,0,0,0,2
spotify:track:3rUGC1vUpkDG9CZFHMur1t,greedy,Tate McRae,greedy,4,4,12678,0,0,0,0,0,0,0,4,0,0,0,0,0,0,0,4,0,0,0,0,0
spotify:track:7yq4Qj7cqayVTp3FF9CWbm,Riptide,Vance Joy,Dream Your Life Away,4,4,47450,0,0,0,0,0,0,0,4,0,0,0,0,0,0,0,4,0,0,0,0,0
spotify:track:4iYRa2btalAzPZoSYfROqF,XXX. FEAT. U2.,Kendrick Lamar,DAMN.,4,4,16199,0,0,0,0,0,3,0,1,0,0,0,0,0,0,0,3,1,0,0,0,0
spotify:track:4xigPf2sigSPmuFH3qCelB,"Genius (feat. Sia, Diplo, and Labrinth)",Sia,"LABRINTH, SIA & DIPLO PRESENT... LSD",4,1,789158,2,0,0,0,0,2,0,0,0,0,2,0,0,0,0,0,1,0,0,0,3
spotify:track:2UbVnbE5FH6008mAm6Mmgw,Run,OneRepublic,Run,4,3,28456,0,0,0,0,0,2,0,1,0,0,1,0,1,0,0,0,3,0,0,0,0
spotify:track:7sj9VfVtmcEZBDbRAsVXWY,TT LE GIRLZ (feat. Niky Savage),ANNA,VERA BADDIE,4,4,71743,0,0,0,0,0,0,0,4,0,0,0,0,0,0,0,4,0,0,0,0,0
spotify:track:04F42oEuKrRComYJfJuyVR,Backyard Boy,Claire Rosinkranz,Backyard Boy,4,2,263230,0,0,0,0,0,1,0,1,0,0,2,0,0,0,0,1,1,0,0,0,2
spotify:track:5nujrmhLynf4yMoMtj8AQF,Levitating (feat. DaBaby),Dua Lipa,Future Nostalgia,4,1,735936,0,0,0,0,0,3,0,0,0,0,1,0,0,0,0,0,1,0,0,0,3
spotify:track:1ofhfV90EnYhEr7Un2fWiv,Changes,2Pac,Greatest Hits,4,4,75499,0,0,0,0,0,3,0,1,0,0,0,0,0,0,0,1,3,0,0,0,0
spotify:track:1odExI7RdWc4BT515LTAwj,Daylight,David Kushner,Daylight,4,3,331377,0,0,0,0,0,2,0,1,0,0,1,0,0,0,0,1,2,0,0,0,1
spotify:track:4fbaKWFRghusXd4bSBvvfN,Toxic,Britney Spears,Mother's Day Songs,4,4,7510,0,0,0,0,0,3,0,1,0,0,0,0,0,0,0,1,2,0,0,1,0
spotify:track:4cG7HUWYHBV6R6tHn1gxrl,Friday (feat. Mufasa & Hypeman) - Dopamine Re-Edit,Riton,Friday (feat. Mufasa & Hypeman),4,3,337098,0,0,0,0,0,2,0,1,0,0,1,0,0,0,0,2,1,0,0,0,1
spotify:track:7q6lr1W6cmGWijl5kCv5RG,Real Muthaphuckkin G's,Eazy-E,It's On (Dr. Dre) 187um Killa,4,4,32643,0,0,0,0,0,0,0,4,0,0,0,0,0,0,0,4,0,0,0,0,0
spotify:track:4ZRVI6xwgbjgW5SgJB468n,I LOVE IT (feat. Artie 5ive),ANNA,VERA BADDIE,4,4,121833,0,0,0,0,0,2,0,2,0,0,0,0,0,0,0,3,1,0,0,0,0
spotify:track:7m9OqQk4RVRkw9JJdeAw96,Jocelyn Flores,XXXTENTACION,17,4,3,125695,0,0,0,0,0,2,0,1,0,0,1,0,0,0,0,1,2,0,0,0,1
spotify:track:086LXfSk4U5XEALardCE7k,These Demons (feat. MAJ),Eminem,Music To Be Murdered By - Side B,4,4,18431,0,0,0,0,0,1,0,3,0,0,0,0,0,0,0,3,1,0,0,0,0
spotify:track:3qx10Bm7Io0ZA8n4YChNrJ,Ready or Not,Fugees,"Hip Hop 100 Hits - Urban rap & R n B anthems inc. Jay Z, A$ap Rocky, Wu-Tang Clan & Nas",4,4,41813,0,0,0,0,0,1,0,3,0,0,0,0,0,0,0,4,0,0,0,0,0
spotify:track:3zp0YPZ5jA8XS9UPmA3O5j,BACIO DI GIUDA (feat. Mida & VillaBanks),AVA,BACIO DI GIUDA (feat. Mida & VillaBanks),4,4,17940,0,0,0,0,0,0,0,4,0,0,0,0,0,0,0,4,0,0,0,0,0
spotify:track:0tBbt8CrmxbjRP0pueQkyU,Wolves,Selena Gomez,Wolves,4,2,399152,4,0,0,0,0,0,0,3,0,0,1,0,0,0,0,2,0,0,0,0,2
spotify:track:0cyN7uQYxTlqwgyh6rm1IH,Guess Who’s Back - skit,Eminem,The Death of Slim Shady (Coup De Grâce),4,4,3003,0,0,0,0,0,2,0,2,0,0,0,0,0,0,0,2,2,0,0,0,0
spotify:track:2U8g9wVcUu9wsg6i7sFSv8,Every Teardrop Is a Waterfall,Coldplay,Mylo Xyloto,4,3,1870,0,0,0,0,1,1,0,1,0,0,1,0,1,0,0,1,1,0,0,1,0
spotify:track:6huNf4dutXRjJyGn7f5BPS,Pray For Me,The Weeknd,The Highlights,4,2,262871,0,0,0,0,1,0,0,2,0,0,1,0,1,0,0,1,1,0,0,0,1
spotify:track:7ccTcabbJlCJiIqtrSSwBk,Premonition - Intro,Eminem,Music To Be Murdered By,4,4,209016,0,0,0,0,0,0,0,4,0,0,0,0,0,0,0,4,0,0,0,0,0
spotify:track:1fvikpeE5fxGHp6c4WQdDX,Waltz Of the Flowers,London Symphony Orchestra,Firelight 20 Classical Masterpieces,3,2,33062,0,0,0,0,0,0,0,3,0,0,0,0,1,0,0,2,0,0,0,0,0
spotify:track:1fu5IQSRgPxJL2OTP7FVLW,I See Fire,Ed Sheeran,The Hobbit: The Desolation of Smaug (Original Motion Picture Soundtrack),3,3,424490,0,0,0,0,0,1,0,1,1,0,0,0,0,0,0,1,1,0,0,1,0
spotify:track:0pMwYi530x7tcTl8CKnwMX,Trankilo (feat. Nitro),Vegas Jones,Chic Nisello,3,0,720003,0,0,0,0,0,0,0,0,0,0,3,0,0,0,0,0,0,0,0,0,3
spotify:track:1SM95qTgtKZ20w5sw3OAXc,My Darling,Eminem,Relapse [Deluxe],3,3,1233,0,0,0,0,0,1,0,2,0,0,0,0,0,0,0,2,1,0,0,0,0
spotify:track:2tTmW7RDtMQtBk7m2rYeSw,"Quevedo: Bzrp Music Sessions, Vol. 52",Bizarrap,"Quevedo: Bzrp Music Sessions, Vol. 52",3,3,19526,0,0,0,0,0,0,0,3,0,0,0,0,0,0,0,3,0,0,0,0,0
spotify:track:0mflMxspEfB0VbI1kyLiAv,Stick Season,Noah Kahan,Stick Season,3,3,6785,0,0,0,0,0,0,0,3,0,0,0,0,0,0,0,3,0,0,0,0,0
spotify:track:5GZupy8zByqFmXvpwZ4JOC,STORIE BREVI,Tananai,STORIE BREVI,3,3,25612,0,0,0,0,0,1,0,2,0,0,0,0,0,0,0,2,1,0,0,0,0
spotify:track:01BCvCKQNDmFQQQSjrzPnm,GHIGLIOTTINA - feat. Noyz Narcos,Salmo,FLOP,3,3,337394,0,0,0,0,0,1,0,1,0,0,1,0,0,0,0,1,2,0,0,0,0
spotify:track:01Lhwz9MYE6hu58oLQjOxh,Un Altro Mondo (con Tananai & Marracash),Merk & Kremont,Un Altro Mondo (con Tananai & Marracash),3,3,10783,0,0,0,0,0,1,0,2,0,0,0,0,0,0,0,2,1,0,0,0,0
spotify:track:5G1sTBGbZT5o4PNRc75RKI,Lonely Boy,The Black Keys,El Camino,3,3,6900,0,0,0,0,0,0,0,3,0,0,0,0,0,0,0,3,0,0,0,0,0
spotify:track:5MhsZlmKJG6X5kTHkdwC4B,I'm an Albatraoz,AronChupa,I'm an Albatraoz,3,3,9430,0,0,0,0,0,1,0,2,0,0,0,0,0,0,0,2,1,0,0,0,0
spotify:track:4Nc1FDBI1NUiN48MjTiXEi,HO PAURA DI USCIRE,Salmo,Playlist,3,1,274869,1,0,0,0,1,0,0,0,0,0,2,0,1,0,0,0,1,0,0,0,1
spotify:track:5LrN7yUQAzvthd4QujgPFr,Here With Me,d4vd,Petals to Thorns,3,3,64781,0,0,0,0,0,1,0,1,0,0,1,0,0,0,0,1,2,0,0,0,0
spotify:track:1QV6tiMFM6fSOKOGLMHYYg,Poker Face,Lady Gaga,The Fame,3,1,253724,0,0,0,0,0,0,0,2,0,0,1,0,1,0,0,1,0,0,0,0,1
spotify:track:5QD28FqaM3jTfsqWwvRZwv,Soldier,Eminem,The Eminem Show,3,3,34152,0,0,0,0,0,1,0,2,0,0,0,0,0,0,0,2,1,0,0,0,0
spotify:track:5PQmSHzWnlgG4EBuIqjac2,If I Ruled the World (Imagine That) (feat. Lauryn Hill),Nas,It Was Written,3,3,14390,0,0,0,0,0,1,0,2,0,0,0,0,0,0,0,2,1,0,0,0,0
spotify:track:5NORWMFC27ywGSZxi8uquP,Ophelia,The Lumineers,Cleopatra,3,3,27452,0,0,0,0,0,1,0,1,0,0,1,0,0,0,0,1,2,0,0,0,0
spotify:track:5S2Bshrq6Bh4zHZoXkUtvf,Malibu (feat. Gemitaiz),Carl Brave,Notti Brave,3,2,230476,0,0,0,0,0,0,0,2,0,0,1,0,0,0,0,2,0,0,0,0,1
spotify:track:2qSkIjg1o9h3YT9RAgYN75,Espresso,Sabrina Carpenter,Espresso,3,3,36684,0,0,0,0,0,1,0,2,0,0,0,0,0,0,0,2,1,0,0,0,0
spotify:track:5WBMQUD0mhKXR4IvlUrsZQ,Castle,Eminem,Revival,3,3,8012,0,0,0,0,0,3,0,0,0,0,0,0,0,0,0,0,3,0,0,0,0
spotify:track:5VqSAZujDWDJkQ11Laf9W1,Bad Meets Evil,Eminem,The Slim Shady LP,3,3,1531,0,0,0,0,0,0,0,3,0,0,0,0,0,0,0,3,0,0,0,0,0
spotify:track:3skn2lauGk7Dx6bVIt5DVj,Starlight,Muse,Black Holes and Revelations,3,3,10170,0,0,0,0,0,1,0,2,0,0,0,0,0,0,0,2,1,0,0,0,0
spotify:track:0dbTQYW3Ad1FTzIA9t90E8,Mona Lisa (feat. Kendrick Lamar),Lil Wayne,Tha Carter V,3,2,294252,0,0,0,0,0,0,0,1,0,0,2,0,1,0,0,0,2,0,0,0,0
spotify:track:5ZduaRci3iNUiDfJbBfAaf,Give It To Me - Full Vocal Mix,Matt Sassari,Give It To Me,3,3,7363,0,0,0,0,0,1,0,2,0,0,0,0,0,0,0,2,1,0,0,0,0
spotify:track:0dcuGoAIPAT7OrP5CGSVBA,Leftovers,Dennis Lloyd,Leftovers,3,1,197059,0,0,0,0,0,0,0,2,0,0,1,0,2,0,0,1,0,0,0,0,0
spotify:track:5lLNBIyjp72btcnrjBG751,t h e . c l i m b . b a c k,J. Cole,The Off-Season,3,3,45350,0,0,0,0,0,0,0,2,0,0,1,0,0,0,0,3,0,0,0,0,0
spotify:track:4BP3uh0hFLFRb5cjsgLqDh,Fortunate Son,Creedence Clearwater Revival,Willy And The Poor Boys,3,3,20380,0,0,0,0,0,2,0,1,0,0,0,0,0,0,0,1,2,0,0,0,0
spotify:track:5jHilrZDaP1vJMZfdN1He3,The Recipe - Bonus Track,Kendrick Lamar,"good kid, m.A.A.d city",3,2,43237,0,0,0,0,0,1,0,1,0,0,1,0,1,0,0,0,2,0,0,0,0
spotify:track:0ZQfn5nh2TnVE6Q0AT8eXr,Down,Marian Hill,ACT ONE,3,1,399556,0,0,0,0,0,1,0,1,0,0,1,0,0,0,0,1,0,0,0,0,2
spotify:track:5sNESr6pQfIhL3krM8CtZn,Numb / Encore,JAY-Z,Numb / Encore: MTV Ultimate Mash-Ups Presents Collision Course,3,3,89488,0,0,0,0,0,0,0,2,0,0,1,0,0,0,0,3,0,0,0,0,0
spotify:track:5qykEZTHAcplCLrynoLRnN,In Your Head,Eminem,Revival,3,3,4183,0,0,0,0,0,1,0,2,0,0,0,0,0,0,0,2,1,0,0,0,0
spotify:track:3rSnjrrh5EVlPIrd8w16Ad,Il Terrone Va Di Moda,Il Pagante,Il Terrone Va Di Moda,3,1,354368,0,0,0,0,0,1,0,0,0,0,2,0,0,0,0,0,1,0,0,0,2
spotify:track:0WbMK4wrZ1wFSty9F7FCgu,"Good Luck, Babe!",Chappell Roan,"Good Luck, Babe!",3,3,57740,0,0,0,0,0,1,0,2,0,0,0,0,0,0,0,3,0,0,0,0,0
spotify:track:5vfjUAhefN7IjHbTvVCT4Z,Holiday,Green Day,Holiday,3,3,5520,0,0,0,0,0,1,0,2,0,0,0,0,0,0,0,2,1,0,0,0,0
spotify:track:5vdp5UmvTsnMEMESIF2Ym7,Another One Bites The Dust - Remastered 2011,Queen,The Game,3,2,330313,0,0,0,0,0,1,0,0,0,0,2,0,0,0,0,0,2,0,0,0,1
spotify:track:5uvwJAheJJEkgu88t3Wqf5,Remind Me,Eminem,Revival,3,3,7392,0,0,0,0,0,0,0,3,0,0,0,0,0,0,0,3,0,0,0,0,0
spotify:track:2tpWsVSb9UEmDRxAl1zhX1,Counting Stars,OneRepublic,Native,3,1,515412,0,0,0,0,0,0,0,1,0,0,2,0,0,0,0,1,0,0,0,0,2
spotify:track:60uesDF4UyLUs61FgiDkdp,Hello,Ice Cube,War & Peace Vol. 2 (The Peace Disc),3,3,9794,0,0,0,0,0,1,0,2,0,0,0,0,0,0,0,2,1,0,0,0,0
spotify:track:48i055G1OT5KxGGftwFxWy,"Oh, Pretty Woman",Roy Orbison,"Oh, Pretty Woman",3,3,104070,0,0,0,0,0,3,0,0,0,0,0,0,0,0,0,0,2,0,0,1,0
spotify:track:5yfE6GXTuJaAlepKoE0wJE,Ringo Starr,Pinguini Tattici Nucleari,Fuori dall'Hype Ringo Starr,3,2,188893,0,0,0,0,0,1,0,2,0,0,0,0,0,0,0,2,0,0,0,0,1
spotify:track:62KeM7jbmYvzT5FycdiQeS,Wake Up Mr. West,Kanye West,Late Registration,3,3,5992,0,0,0,0,0,0,0,3,0,0,0,0,0,0,0,3,0,0,0,0,0
spotify:track:4U6qrE2SSWYGVKCnT6VbmF,Shorty Wanna Be A Thug,2Pac,All Eyez On Me,3,3,4235,0,0,0,0,0,1,0,2,0,0,0,0,0,0,0,2,1,0,0,0,0
spotify:track:69kOkLUCkxIZYexIgSG8rq,Get Lucky (feat. Pharrell Williams and Nile Rodgers),Daft Punk,Random Access Memories,3,2,381762,0,0,0,0,0,1,0,1,0,0,1,0,0,0,0,1,1,0,0,0,1
spotify:track:1eQBEelI2NCy7AUTerX0KS,Ultralight Beam,Kanye West,The Life Of Pablo,3,3,18730,0,0,0,0,0,0,0,3,0,0,0,0,0,0,0,3,0,0,0,0,0
spotify:track:22skzmqfdWrjJylampe0kt,Can't Hold Us (feat. Ray Dalton),Macklemore & Ryan Lewis,The Heist,3,3,16006,0,0,0,0,0,1,0,2,0,0,0,0,0,0,0,2,1,0,0,0,0
spotify:track:695AOnYHYnvHIMaTNKjkA5,Felicità puttana,Thegiornalisti,LOVE,3,1,445602,0,0,0,0,0,0,0,1,0,0,2,0,0,0,0,1,0,0,0,0,2
spotify:track:66ezChUOWvgzRQAi3Ay1wt,Go To Sleep,Eminem,Cradle 2 The Grave,3,3,48499,0,0,0,0,0,1,0,2,0,0,0,0,0,0,0,2,1,0,0,0,0
spotify:track:6BdYOvKVbLsNFg674QJbRF,We As Americans,Eminem,Encore,3,3,65872,0,0,0,0,0,0,0,3,0,0,0,0,0,0,0,3,0,0,0,0,0
spotify:track:6B2ERbVUDfIiUNXCWhjzFG,Need Me (feat. Pink),Eminem,Revival,3,3,6968,0,0,0,0,0,1,0,2,0,0,0,0,0,0,0,2,1,0,0,0,0
spotify:track:0SML6wWerD0yI2Xd4OUC1R,"Better Off (Alone, Pt. III)",Alan Walker,Walkerworld,3,3,6149,0,0,0,0,0,0,0,3,0,0,0,0,0,0,0,3,0,0,0,0,0
spotify:track:70LcF31zb1H0PyJoS1Sx1r,Creep,Radiohead,Pablo Honey,3,2,37188,0,0,0,0,1,0,0,2,0,0,0,0,1,0,0,2,0,0,0,0,0
spotify:track:6F0xxEWmHIiC9Qnij5hVCr,Fenomeno,Fabri Fibra,Fenomeno,3,0,399080,1,0,0,0,1,0,0,0,0,0,2,0,1,0,0,0,0,0,0,0,2
spotify:track:6K5tKYr2xhvHXSAVwhMEcu,Dam,Il Pagante,Entro in pass,3,3,7103,0,0,0,0,0,1,0,2,0,0,0,0,0,0,0,2,1,0,0,0,0
spotify:track:6LBpGdlukUARutol7VgWIS,January 28th,J. Cole,2014 Forest Hills Drive,3,3,78503,0,0,0,0,0,1,0,2,0,0,0,0,0,0,0,0,3,0,0,0,0
spotify:track:0PnIaRhEUne93rWxeHgV70,BBE (feat. Lazza),ANNA,BBE (feat. Lazza),3,3,19634,0,0,0,0,0,0,0,3,0,0,0,0,0,0,0,3,0,0,0,0,0
spotify:track:6PyxrogMU9imKqVtKx6840,Fragile,Kygo,Cloud Nine,3,2,235476,0,0,0,0,0,1,0,1,0,0,1,0,0,0,0,1,1,0,0,0,1
spotify:track:0Lw6aQcBFWTQ9m4MSwwwes,Homicide,Logic,Homicide,3,3,146010,0,0,0,0,0,2,0,0,0,0,1,0,0,0,0,0,3,0,0,0,0
spotify:track:6Z8R6UsFuGXGtiIxiD8ISb,Safe And Sound,Capital Cities,In A Tidal Wave Of Mystery - Deluxe Edition,3,3,6030,0,0,0,0,0,0,0,3,0,0,0,0,0,0,0,3,0,0,0,0,0
spotify:track:6cy3ki60hLwimwIje7tALf,RITMO (Bad Boys For Life),Black Eyed Peas,RITMO (Bad Boys For Life),3,3,82051,0,0,0,0,0,1,0,1,0,0,1,0,0,0,0,0,3,0,0,0,0
spotify:track:6swHvavSroD4ur3Q18MjYz,Una volta ancora (feat. Ana Mena),Fred De Palma,Uebe,3,1,350352,0,0,0,0,0,0,0,2,0,0,1,0,0,0,0,1,0,0,0,0,2
spotify:track:6rwUlhBm0kdavivjZ2b3sT,Boyz-N-The-Hood,Eazy-E,ドライブが楽しくなる洋楽ヒッツ！80年代 Hip Hop,3,3,10449,0,0,0,0,0,0,0,3,0,0,0,0,0,0,0,3,0,0,0,0,0
spotify:track:23pOXfm1f8MYAYdZ5fWqqd,I'm Back,Eminem,The Marshall Mathers LP,3,3,4715,0,0,0,0,0,1,0,2,0,0,0,0,0,0,0,2,1,0,0,0,0
spotify:track:6tZdL3Zp8JgrfDbsSeSV1S,You Really Got Me,The Kinks,Kinks,3,2,143233,0,0,0,0,0,1,0,1,0,0,1,0,0,0,0,1,1,0,0,0,1
spotify:track:0HhSB4nAJpI5expWnZL199,∞ LOVE (feat. Guè),Marracash,"NOI, LORO, GLI ALTRI",3,3,9213,0,0,0,0,0,1,0,2,0,0,0,0,0,0,0,3,0,0,0,0,0
spotify:track:0GgIXlhkacCRh30t2Se92q,SEXY SHOP,Fedez,SEXY SHOP,3,3,42249,0,0,0,0,0,1,0,2,0,0,0,0,0,0,0,3,0,0,0,0,0
spotify:track:2zYzyRzz6pRmhPzyfMEC8s,Highway to Hell,AC/DC,Highway to Hell,3,3,10650,0,0,0,0,0,3,0,0,0,0,0,0,0,0,0,1,2,0,0,0,0
spotify:track:6yIjtVtnOBeC8SwdVHzAuF,Heard 'Em Say,Kanye West,Late Registration,3,3,24247,0,0,0,0,0,0,0,3,0,0,0,0,0,0,0,2,1,0,0,0,0
spotify:track:2AT8iROs4FQueDv2c8q2KE,R U Mine?,Arctic Monkeys,AM,3,3,7650,0,0,0,0,0,0,0,3,0,0,0,0,0,0,0,3,0,0,0,0,0
spotify:track:74cyFjvgjyiFiQ3QxszFWq,TANGO,Tananai,"RAVE, ECLISSI",3,3,51381,0,0,0,0,0,0,0,3,0,0,0,0,0,0,0,3,0,0,0,0,0
spotify:track:3Vh7tuvp5J5jpLrCqAcosU,Get You Mad,Eminem,The Slim Shady LP,3,3,8948,0,0,0,0,0,0,0,3,0,0,0,0,0,0,0,3,0,0,0,0,0
spotify:track:73qINA7ccO03wxD8nsJalr,When The Music Stops,Eminem,The Eminem Show,3,3,32157,0,0,0,0,0,1,0,2,0,0,0,0,0,0,0,2,1,0,0,0,0
spotify:track:28FGV3ORH14MYORd7s5dlU,Not Alike (feat. Royce Da 5'9),Eminem,Kamikaze,3,1,577057,0,0,0,0,0,0,0,1,0,0,2,0,0,0,0,1,0,0,0,0,2
spotify:track:722tgOgdIbNe3BEyLnejw4,Black Skinhead,Kanye West,Yeezus,3,3,16824,0,0,0,0,0,0,0,3,0,0,0,0,0,0,0,3,0,0,0,0,0
spotify:track:3vNOZYQjvFlaV8V89u4tnn,Framed,Eminem,Revival,3,2,416986,0,0,0,0,0,2,0,0,0,0,1,0,0,0,0,1,1,0,0,0,1
spotify:track:0BUFqsMsqAmKQPhLBXnmv7,She Loves Me,Eminem,Music To Be Murdered By - Side B,3,3,16200,0,0,0,0,0,1,0,2,0,0,0,0,0,0,0,3,0,0,0,0,0
spotify:track:27mgDrExPa3obPAYXd3yQg,Square Dance,Eminem,The Eminem Show,3,3,7896,0,0,0,0,0,1,0,2,0,0,0,0,0,0,0,2,1,0,0,0,0
spotify:track:7EkWXAI1wn8Ii883ecd9xr,Freaks,Surf Curse,Freaks,3,3,7090,0,0,0,0,0,0,0,3,0,0,0,0,0,0,0,3,0,0,0,0,0
spotify:track:7EiZI6JVHllARrX9PUvAdX,Low Life (feat. The Weeknd),Future,EVOL,3,1,630437,2,0,0,0,0,1,0,0,0,0,2,0,0,0,0,0,1,0,0,0,2
spotify:track:7bywjHOc0wSjGGbj04XbVi,LUNA,Feid,FERXXOCALIPSIS,3,3,9047,0,0,0,0,0,0,0,3,0,0,0,0,0,0,0,3,0,0,0,0,0
spotify:track:7eJMfftS33KTjuF7lTsMCx,death bed (coffee for your head),Powfu,death bed (coffee for your head),3,2,182613,0,0,0,0,0,1,0,1,0,0,1,0,0,0,0,1,1,0,0,0,1
spotify:track:0B8drtTSp68pZdkmVrG9ZA,Twinz (feat. Fat Joe),Big Pun,Capital Punishment,3,3,10126,0,0,0,0,0,1,0,2,0,0,0,0,0,0,0,2,1,0,0,0,0
spotify:track:0ARK753YaiJbpLUk7z5yIM,Dilemma,Nelly,Nellyville,3,2,506760,0,0,0,0,0,1,0,1,0,0,1,0,0,0,0,1,1,0,0,0,1
spotify:track:08ir631EiCA7xIms7JDp15,Book of Rhymes (feat. DJ Premier),Eminem,Music To Be Murdered By - Side B,3,3,41881,0,0,0,0,0,0,0,3,0,0,0,0,0,0,0,2,1,0,0,0,0
spotify:track:2EEeOnHehOozLq4aS0n6SL,iSpy (feat. Lil Yachty),KYLE,iSpy (feat. Lil Yachty),3,1,512082,0,0,0,0,0,1,0,1,0,0,1,0,0,0,0,1,0,0,0,0,2
spotify:track:33k2G8hREO3QbEkWx3PC6G,DAM 2 (il ritorno),Il Pagante,Paninaro 2.0,3,1,335560,0,0,0,0,0,1,0,0,0,0,2,0,0,0,0,0,1,0,0,0,2
spotify:track:7gUvAzKQ651eGm16AqcTbP,Ophelia,The Lumineers,The Leading Ladies,3,1,321434,0,0,0,0,0,1,0,0,0,0,2,0,0,0,0,0,1,0,0,0,2
spotify:track:2DgdHcjWmO3qd50RzuBLgZ,House of Memories,Panic! At The Disco,Death of a Bachelor,3,3,13240,0,0,0,0,0,0,0,2,0,1,0,0,0,0,0,3,0,0,0,0,0
spotify:track:4DxybsoSiMUW0JI2oM0SSN,Patience,Take That,Beautiful World,3,3,154296,0,0,0,0,0,0,0,2,0,0,1,0,0,0,0,2,1,0,0,0,0
spotify:track:7fXPWrFoxtEGnoxu67ZjQa,Who Knew,Eminem,The Marshall Mathers LP,3,3,4876,0,0,0,0,0,1,0,1,0,0,1,0,0,0,0,2,1,0,0,0,0
spotify:track:7iAqvWLgZzXvH38lA06QZg,I Want To Break Free,Queen,Bohemian Rhapsody,3,3,20526,0,0,0,0,0,1,0,1,0,0,1,0,0,0,0,1,2,0,0,0,0
spotify:track:7hiBhOh4s8G0xmGYBAjyuw,Beautiful Pain,Eminem,The Marshall Mathers LP2,3,3,13164,0,0,0,0,0,2,0,1,0,0,0,0,0,0,0,1,2,0,0,0,0
spotify:track:7ntU619k40YVxcRvFNDTNn,Heat,Eminem,Revival,3,3,6058,0,0,0,0,0,1,0,2,0,0,0,0,0,0,0,2,1,0,0,0,0
spotify:track:2Fw5S2gaOSZzdN5dFoC2dj,A.D.H.D,Kendrick Lamar,Section.80,3,2,249349,0,0,0,0,0,0,0,3,0,0,0,0,0,0,0,2,0,0,0,0,1
spotify:track:7n9XPcL4sfqqNNcsNgi1a8,Marshall Mathers,Eminem,The Marshall Mathers LP,3,3,4325,0,0,0,0,0,1,0,2,0,0,0,0,0,0,0,2,1,0,0,0,0
spotify:track:3xkHsmpQCBMytMJNiDf3Ii,Beautiful Things,Benson Boone,Fireworks & Rollerblades,3,2,184609,0,0,0,0,0,0,0,2,0,0,1,0,0,0,0,2,0,0,0,0,1
spotify:track:7m97yKVzPpXV9Z4ezEziOD,Big Pimpin',JAY-Z,Vol. 3... Life And Times Of S. Carter,3,3,51211,0,0,0,0,0,0,0,3,0,0,0,0,0,0,0,3,0,0,0,0,0
spotify:track:7rbqd5c7Fg1CdLqQRab4YO,Salirò,Daniele Silvestri,Unò-Dué,3,1,478854,0,0,0,0,0,0,0,1,0,0,2,0,0,0,0,1,0,0,0,0,2
spotify:track:7rTcFU742aPIjmxwEnp7uh,LA CANZONE NOSTRA ⟁ ︎(con BLANCO & SALMO),MACE,OBE,3,2,34014,1,0,0,0,0,0,0,2,0,0,1,0,1,0,0,1,1,0,0,0,0
spotify:track:1rJM37Dd4OcSJvzI84yCcP,Fu-Gee-La,Fugees,The Score,3,3,17514,0,0,0,0,0,0,0,3,0,0,0,0,0,0,0,3,0,0,0,0,0
spotify:track:04YutdH0j1INpsva3gOipt,MAMACITA,Black Eyed Peas,TRANSLATION,3,2,123149,0,0,0,0,0,1,0,1,0,0,1,0,1,0,0,2,0,0,0,0,0
spotify:track:1qwMkkRiD5jqLeUUjfgblh,Lock It Up (feat. Anderson .Paak),Eminem,Music To Be Murdered By,3,3,2082,0,0,0,0,0,0,0,3,0,0,0,0,0,0,0,3,0,0,0,0,0
spotify:track:023H4I7HJnxRqsc9cqeFKV,I Got U,Duke Dumont,I Got U,3,2,291316,1,0,0,0,0,2,0,0,0,0,1,0,0,0,0,0,2,0,0,0,1
spotify:track:7ygpwy2qP3NbrxVkHvUhXY,Wonderwall - Remastered,Oasis,(What's The Story) Morning Glory? (Deluxe Remastered Edition),3,3,238604,0,0,0,0,0,1,0,1,0,0,1,0,0,0,0,1,2,0,0,0,0
spotify:track:7tqhbajSfrz2F7E1Z75ASX,Ain't No Mountain High Enough,Marvin Gaye,United,3,3,9100,0,0,0,0,0,2,0,0,0,0,1,0,0,0,0,0,3,0,0,0,0
spotify:track:2Ie7pnF3ZKNTde30TQWlWx,Like Home (feat. Alicia Keys),Eminem,Revival,3,3,5964,0,0,0,0,0,0,0,3,0,0,0,0,0,0,0,3,0,0,0,0,0
spotify:track:360TPORPNBas8DeQueJe67,Crack A Bottle,Eminem,Relapse,3,1,601928,0,0,0,0,0,0,0,1,0,0,2,0,0,0,0,1,0,0,0,0,2
spotify:track:35tzxthMBglBMjmZ7Fn1hj,Gloria,Umberto Tozzi,Gloria,3,1,541603,0,0,0,0,0,1,0,0,0,0,2,0,0,0,0,0,1,0,0,0,2
spotify:track:3w0w2T288dec0mgeZZqoNN,CARNIVAL,¥$,VULTURES 1,3,3,33213,0,0,0,0,0,0,0,3,0,0,0,0,0,0,0,3,0,0,0,0,0
spotify:track:2GYHyAoLWpkxLVa4oYTVko,Alors on danse - Radio Edit,Stromae,Cheese,3,2,228146,0,0,0,0,0,0,0,2,0,0,1,0,0,0,0,1,1,0,0,0,1
spotify:track:3dYD57lRAUcMHufyqn9GcI,Take Me To Church,Hozier,Hozier,3,3,10298,0,0,0,0,0,2,0,1,0,0,0,0,0,0,0,1,2,0,0,0,0
spotify:track:39KKZBAPkgKa4nqZBfkHJ5,Still Don't Give A Fuck,Eminem,The Slim Shady LP,3,3,3863,0,0,0,0,0,0,0,3,0,0,0,0,0,0,0,3,0,0,0,0,0
spotify:track:2Kf4t3sxt5OZ0BJxdo7H5L,Paul - Skit,"Paul ""Bunyan"" Rosenberg",The Marshall Mathers LP,3,2,13472,0,0,0,0,0,1,0,2,0,0,0,0,0,0,0,1,1,0,0,0,1
spotify:track:42mXfrjYc29YYIRUjtwuao,Kim,Eminem,The Marshall Mathers LP,3,3,4121,0,0,0,0,0,1,0,2,0,0,0,0,0,0,0,2,1,0,0,0,0
spotify:track:42VsgItocQwOQC3XWZ8JNA,FE!N (feat. Playboi Carti),Travis Scott,UTOPIA,3,3,34811,0,0,0,0,0,2,0,1,0,0,0,0,0,0,0,1,2,0,0,0,0
spotify:track:424DkevE18QJazwlljiTD4,Le Monde - From Talk to Me,Richard Carter,Talk to Me,3,3,37730,0,0,0,0,0,1,0,1,0,1,0,0,0,0,0,2,1,0,0,0,0
spotify:track:4FI0rdztOAYJZMupujL5Gp,Fuck You,Dr. Dre,2001,3,2,31631,0,0,0,0,0,0,0,1,1,0,1,0,0,0,0,1,1,0,0,0,1
spotify:track:40wUM3LFZOlUcZfxEIZrYK,Swimming Pools (Drank) - Extended Version,Kendrick Lamar,"good kid, m.A.A.d city",3,2,101785,0,0,0,0,0,1,0,1,0,0,1,0,1,0,0,2,0,0,0,0,0
spotify:track:3BNROrqgUOjZS7qjvEcYCZ,Sere Nere,Tiziano Ferro,TZN -The Best Of Tiziano Ferro - Deluxe,3,0,794799,1,0,0,0,0,0,0,0,0,0,3,0,0,0,0,0,0,0,0,0,3
spotify:track:3fl78noR9kt12JYKuTAP4a,Wisemen,James Blunt,Back to Bedlam,3,3,8530,0,0,0,0,0,2,0,1,0,0,0,0,0,0,0,1,2,0,0,0,0
spotify:track:3AjSfp5FDvwtMU9XBsbS8j,Push Up - Main Edit,Creeds,Push Up,3,3,15220,0,0,0,0,0,1,0,2,0,0,0,0,0,0,0,2,1,0,0,0,0
spotify:track:40nyeHVhvbuNarhqQW43Lk,"Rapture (Soldier Boy Rap) [From ""The Boys""]",Geek Music,"Rapture (Soldier Boy Rap) [From ""The Boys""]",3,2,43154,0,0,0,0,1,0,0,2,0,0,0,0,1,0,0,2,0,0,0,0,0
spotify:track:3EJSUFQGUaTm4Km2Zri1Zp,HO VOGLIA DI TE,JVLI,HO VOGLIA DI TE,3,3,26735,0,0,0,0,0,1,0,2,0,0,0,0,0,0,0,2,1,0,0,0,0
spotify:track:1ZMGp9MTXbtAPvcKa0U3zS,Brividi,Mahmood,Brividi,3,2,218179,0,0,0,0,0,0,0,2,0,0,1,0,0,0,0,2,0,0,0,0,1
spotify:track:2ToIksTPpJ4csKPEOdUEyM,Cool,Alesso,Forever,3,3,6450,0,0,0,0,0,3,0,0,0,0,0,0,0,0,0,0,3,0,0,0,0
spotify:track:3zU9rdflI65tK4dkkNSp77,Heroes (we could be),Alesso,Forever,3,3,10180,0,0,0,0,0,2,0,1,0,0,0,0,0,0,0,0,3,0,0,0,0
spotify:track:3eV2WT9YhfzkxbufnBF8wK,Creature (feat. Swae Lee),Pop Smoke,Shoot For The Stars Aim For The Moon,3,3,36223,0,0,0,0,0,0,0,3,0,0,0,0,0,0,0,3,0,0,0,0,0
spotify:track:1nGoy0cEj0extAwXYNYTWd,Wouldn't Leave,Kanye West,ye,3,2,282333,0,0,0,0,0,2,0,0,0,0,1,0,0,0,0,1,1,0,0,0,1
spotify:track:1mHRciKUBSGQml3mQFGMsf,Spend Some Time,Eminem,Encore,3,3,8715,0,0,0,0,0,1,0,2,0,0,0,0,0,0,0,2,1,0,0,0,0
spotify:track:13aKdwvdGjuZDv2OOKyvs7,Chloraseptic (feat. Phresher),Eminem,Revival,3,3,7040,0,0,0,0,0,0,0,3,0,0,0,0,0,0,0,3,0,0,0,0,0
spotify:track:3dz3R9jDrvHldvfnSSTz3p,Dress Code,Il Pagante,Dress Code,3,2,200840,0,0,0,0,0,2,0,0,0,0,1,0,0,0,0,1,1,0,0,0,1
spotify:track:0ufbpC56vK4nbSRAdiDbn1,Russell Crowe,Salmo,Midnite (Deluxe Version),3,2,180047,0,0,0,0,0,2,0,0,0,0,1,0,0,0,0,0,2,0,0,0,1
spotify:track:3kXoKlD84c6OmIcOLfrfEs,September,"Earth, Wind & Fire",September (sped up + slowed),3,1,433354,0,0,0,0,0,1,0,0,0,0,2,0,0,0,0,0,1,0,0,0,2
spotify:track:3GOjD8hwXOxbTF3apTqSqX,Bad Husband (feat. X Ambassadors),Eminem,Revival,3,3,2048,0,0,0,0,0,0,0,3,0,0,0,0,0,0,0,3,0,0,0,0,0
spotify:track:2aPTvyE09vUCRwVvj0I8WK,Sundress,A$AP Rocky,Sundress,3,3,154797,0,0,0,0,0,0,0,0,1,0,2,0,0,0,0,0,2,0,0,1,0
spotify:track:46TNZiKmSzvRguJ3sdlqUt,Boom Biddy Bye Bye - Fugees Mix,Cypress Hill,Boom Biddy Bye Bye,3,3,44961,0,0,0,0,0,0,0,3,0,0,0,0,0,0,0,3,0,0,0,0,0
spotify:track:3j1453KrdHjw7y4gnBj7nF,"I P’ ME, TU P’ TE",Geolier,"I P’ ME, TU P’ TE",3,3,7344,0,0,0,0,0,1,0,2,0,0,0,0,0,0,0,2,1,0,0,0,0
spotify:track:4dh34dyav8M5jCN3yidn8Z,Big Weenie,Eminem,Encore,3,3,3499,0,0,0,0,0,1,0,2,0,0,0,0,0,0,0,2,1,0,0,0,0
spotify:track:12aZLwY2ZTBKZxrEq0MVjw,The King and I (feat. CeeLo Green) - From the Original Motion Picture Soundtrack ELVIS,Eminem,Curtain Call 2,3,3,28300,0,0,0,0,0,1,0,2,0,0,0,0,0,0,0,3,0,0,0,0,0
spotify:track:2dGxjfhFXDIUX9h5ImyKkE,Sexy Bitch (feat. Akon),David Guetta,One More Love,3,2,203203,0,0,0,0,0,2,0,0,0,0,1,0,0,0,0,1,1,0,0,0,1
spotify:track:2cpZJsQFxwHvBF0KB5dCaB,Tutto Qui,Gazzelle,Tutto Qui,3,3,13457,0,0,0,0,0,0,0,3,0,0,0,0,0,0,0,3,0,0,0,0,0
spotify:track:2g8HN35AnVGIk7B8yMucww,Big Poppa - 2005 Remaster,The Notorious B.I.G.,Ready to Die,3,2,352745,0,0,0,0,0,1,0,1,0,0,1,0,0,0,0,1,1,0,0,0,1
spotify:track:4OssqCixV2Xsxd43wMIQyS,CARNIVAL,¥$,VULTURES 1,3,3,8254,0,0,0,0,0,0,0,3,0,0,0,0,0,0,0,3,0,0,0,0,0
spotify:track:1j9rezdE3YeC7yktZXC1em,I Want It All,Arctic Monkeys,AM,3,3,15280,0,0,0,0,0,0,0,3,0,0,0,0,0,0,0,3,0,0,0,0,0
spotify:track:3H7ihDc1dqLriiWXwsc2po,Breaking Me,Topic,Breaking Me,3,2,173113,0,0,0,0,0,2,0,1,0,0,0,0,0,0,0,1,1,0,0,0,1
spotify:track:2fkVZYFv9hOejIsLzZy8ad,IL CIELO NELLA STANZA (feat. NSTASIA),Salmo,Playlist,3,2,218963,1,0,0,0,0,1,0,1,0,0,1,0,0,0,0,1,1,0,0,0,1
spotify:track:2fZW7ByWe46rGih0FtP2XK,Nothing Left (feat. Will Heard),Kygo,Cloud Nine,3,3,7880,0,0,0,0,0,2,0,1,0,0,0,0,0,0,0,1,1,0,0,1,0
spotify:track:1ESa3YMv7iTLSD5IM2cSSU,Pettinero,Il Pagante,Entro in pass,3,1,519722,1,0,0,0,0,3,0,0,0,0,0,0,0,0,0,0,1,0,0,0,2
spotify:track:2jt2WxXMCD4zjACthkJQVE,The Ringer,Eminem,Kamikaze,3,2,396463,0,0,0,0,0,0,0,3,0,0,0,0,0,0,0,2,0,0,0,0,1
spotify:track:3M214U0mwSm041GsQR3nrO,Toxic,BoyWithUke,Serotonin Dreams,3,3,6900,0,0,0,0,0,2,0,1,0,0,0,0,0,0,0,1,2,0,0,0,0
spotify:track:119c93MHjrDLJTApCVGpvx,C.R.E.A.M. (Cash Rules Everything Around Me),Wu-Tang Clan,Enter The Wu-Tang (36 Chambers) [Expanded Edition],3,3,10890,0,0,0,0,0,0,0,3,0,0,0,0,0,0,0,2,1,0,0,0,0
spotify:track:3Hh0ZcGIqIkSiJVZGLcVLx,YOSHI (feat. Fabri Fibra) - prod. Strage,MACHETE,MACHETE MIXTAPE 4,3,1,435688,1,0,0,0,0,0,0,1,0,0,2,0,0,0,0,1,0,0,0,0,2
spotify:track:15qrWkkYCfmtu1uRpGf48L,White America,Eminem,The Eminem Show,3,2,156905,0,0,0,0,0,0,0,2,0,0,1,0,1,0,0,1,1,0,0,0,0
spotify:track:3QFInJAm9eyaho5vBzxInN,family ties (with Kendrick Lamar),Baby Keem,The Melodic Blue,3,2,274313,0,0,0,0,0,0,0,2,0,0,1,0,0,0,0,1,1,0,0,0,1
spotify:track:3QAU2pj4LUKf7yaTgANlQV,ITALODISCO,The Kolors,ITALODISCO,3,2,203808,0,0,0,0,0,0,0,2,0,0,1,0,0,0,0,2,0,0,0,0,1
spotify:track:3OZ7QMZ5wneoWSCuEj45jt,Faded,ZHU,Faded,3,3,134835,0,0,0,0,0,2,0,1,0,0,0,0,0,0,0,1,2,0,0,0,0
spotify:track:3Murbrz96zx9ngEmlN0bGu,Public Service Announcement 2000,Eminem,The Marshall Mathers LP,3,1,32353,0,0,0,0,0,0,0,3,0,0,0,0,0,0,0,1,0,0,0,0,2
spotify:track:4HlFJV71xXKIGcU3kRyttv,"Hey, Soul Sister",Train,"Save Me, San Francisco (Golden Gate Edition)",3,3,16612,0,0,0,0,0,1,0,1,0,0,1,0,0,0,0,2,1,0,0,0,0
spotify:track:31AOj9sFz2gM0O3hMARRBx,Losing My Religion,R.E.M.,Out Of Time,3,3,6020,0,0,0,0,0,1,0,2,0,0,0,0,0,0,0,2,1,0,0,0,0
spotify:track:4lbBiqC2alVR4ooruZSe0o,Summer's Back,Alok,Summer's Back,3,3,15080,0,0,0,0,0,0,0,3,0,0,0,0,0,0,0,3,0,0,0,0,0
spotify:track:4wEbikMfcSFAukCbbL06si,No Vaseline,Ice Cube,Death Certificate,3,3,28500,0,0,0,0,0,0,0,3,0,0,0,0,0,0,0,3,0,0,0,0,0
spotify:track:0trHOzAhNpGCsGBEu7dOJo,N.Y. State of Mind,Nas,Illmatic,3,3,17419,0,0,0,0,0,0,0,3,0,0,0,0,0,0,0,3,0,0,0,0,0
spotify:track:51ZQ1vr10ffzbwIjDCwqm4,we can't be friends (wait for your love),Ariana Grande,eternal sunshine,3,3,32265,0,0,0,0,0,0,0,3,0,0,0,0,0,0,0,3,0,0,0,0,0
spotify:track:5147DzKnamWyQdZwsYLHEJ,Violet Hill,Coldplay,Viva La Vida or Death and All His Friends,3,3,2800,0,0,0,0,0,2,0,0,1,0,0,0,0,0,0,0,2,0,0,1,0
spotify:track:1fm8sN1sVfrUHNyMWOAcGQ,La notte,Moda',Una canzone per te,2,0,407770,1,0,0,0,0,0,0,0,0,0,2,0,0,0,0,0,0,0,0,0,2
spotify:track:2tKJpsRSTxmGAe6TKcstR4,Remind Me (Intro),Eminem,Revival,2,2,781,0,0,0,0,0,0,0,2,0,0,0,0,0,0,0,2,0,0,0,0,0
spotify:track:00i2HU7TEzzftShjRrDSEF,Changes,2Pac,The Best of 2Pac,2,2,5404,0,0,0,0,0,1,0,1,0,0,0,0,0,0,0,1,1,0,0,0,0
spotify:track:3lMzT16MjAKKXF7pSZn13B,Tell Ur Girlfriend,Lay Bankz,Tell Ur Girlfriend,2,2,4232,0,0,0,0,0,0,0,2,0,0,0,0,0,0,0,2,0,0,0,0,0
spotify:track:01XexSX2HDgVDxnnHEBblB,Devastante,Olly,Devastante,2,2,9184,0,0,0,0,0,0,0,2,0,0,0,0,0,0,0,2,0,0,0,0,0
spotify:track:7xx7mUGAPcMd6gGqHzoec9,For Me... Formidable,Charles Aznavour,Qui ?,2,2,27362,0,0,0,0,0,0,0,2,0,0,0,0,0,0,0,2,0,0,0,0,0
spotify:track:4CKYscH2FY8iXrHehW9SHk,Shake That (Remix),Nate Dogg,Eminem Presents The Re-Up,2,2,800,0,0,0,0,0,0,0,2,0,0,0,0,0,0,0,2,0,0,0,0,0
spotify:track:2r73nMR6Lm2kJSwEe5JlBs,MILLE – feat. Orietta Berti,Fedez,DISUMANO,2,1,196203,0,0,0,0,0,0,0,1,0,0,1,0,0,0,0,1,0,0,0,0,1
spotify:track:3uUuGVFu1V7jTQL60S1r8z,Where Are You Now,Lost Frequencies,Where Are You Now,2,2,6493,0,0,0,0,0,0,0,2,0,0,0,0,0,0,0,2,0,0,0,0,0
spotify:track:3tyPOhuVnt5zd5kGfxbCyL,Where Have You Been,Rihanna,Talk That Talk,2,1,245040,0,0,0,0,0,0,0,1,0,0,1,0,0,0,0,1,0,0,0,0,1
spotify:track:3RiPr603aXAoi4GHyXx0uy,Hymn for the Weekend,Coldplay,A Head Full of Dreams,2,0,516532,0,0,0,0,0,1,0,0,0,0,1,0,0,0,0,0,0,0,0,0,2
spotify:track:4jxFPxTcL1UF89OU9t8P58,"Requiem, K. 626: Dies irae",Wolfgang Amadeus Mozart,Mozart: Requiem Realisations,2,2,86326,0,0,0,0,0,1,0,1,0,0,0,0,0,0,0,1,1,0,0,0,0
spotify:track:1zp4TEQ9zaNGXTjY6fsz1p,Soldi Arrotolati (feat. ANNA),Capo Plaza,FERITE,2,2,16770,0,0,0,0,0,0,0,2,0,0,0,0,0,0,0,2,0,0,0,0,0
spotify:track:1zi7xx7UVEFkmKfv06H8x0,One Dance,Drake,Views,2,1,181088,0,0,0,0,0,0,0,1,0,0,1,0,0,0,0,1,0,0,0,0,1
spotify:track:3QVHSV8YKYq4L8tI5rnFgj,Stepdad,Eminem,Music To Be Murdered By,2,2,1460,0,0,0,0,0,0,0,2,0,0,0,0,0,0,0,2,0,0,0,0,0
spotify:track:2wDBnfPlixUHdqrS1HvpvY,Angelina Jolie,Bresh,ORO BLU,2,1,172336,0,0,0,0,0,0,0,1,0,0,1,0,0,0,0,1,0,0,0,0,1
spotify:track:1yy2DlSDtEt90d54rPDPXz,I'll Be Missing You (feat. Faith Evans & 112) - 2014 Remaster,Diddy,No Way Out,2,2,12230,0,0,0,0,0,0,0,2,0,0,0,0,0,0,0,2,0,0,0,0,0
spotify:track:3rmo8F54jFF8OgYsqTxm5d,Bad Habits,Ed Sheeran,=,2,1,233396,0,0,0,0,0,2,0,0,0,0,0,0,0,0,0,0,1,0,0,0,1
spotify:track:4NZrZgrRoR4GwR7flWOXRI,Go Fuck Yourself,Two Feet,First Steps,2,2,64950,0,0,0,0,0,1,0,1,0,0,0,0,0,0,0,1,1,0,0,0,0
spotify:track:1x3Qb8np6S1UvpSLthwEJN,MI FAI IMPAZZIRE,BLANCO,MI FAI IMPAZZIRE,2,2,26685,0,0,0,0,0,1,0,1,0,0,0,0,0,0,0,1,1,0,0,0,0
spotify:track:4UJ1AKSbXAbPlPVFe66wK7,Gypsy Woman (She's Homeless) (La Da Dee La Da Da) - Radio Edit,Crystal Waters,Music For Girls Night Out,2,2,18958,0,0,0,0,0,0,0,2,0,0,0,0,0,0,0,2,0,0,0,0,0
spotify:track:22VdIZQfgXJea34mQxlt81,Can't Feel My Face,The Weeknd,Beauty Behind The Madness,2,1,219090,0,0,0,0,0,1,0,0,0,0,1,0,0,0,0,0,0,0,0,1,1
spotify:track:49tdZnvKAnJP6Xb3PUucPD,MALAVITA,Coma_Cose,MALAVITA,2,2,12729,0,0,0,0,0,0,0,1,0,0,1,0,0,0,0,1,1,0,0,0,0
spotify:track:4iWhqhnFfDaqdcAO88Am9M,Massimo il Boss,danknote,Massimo il Boss,2,1,29454,0,0,0,0,0,0,0,2,0,0,0,0,1,0,0,1,0,0,0,0,0
spotify:track:1HNkqx9Ahdgi1Ixy2xkKkL,Photograph,Ed Sheeran,x,2,1,260136,0,0,0,0,0,1,0,0,0,0,1,0,0,0,0,0,1,0,0,0,1
spotify:track:4d5aAIEtXySFDFxNuYbbZv,Walls,Quinn XCII,The Story of Us,2,2,6510,0,0,0,0,0,1,0,1,0,0,0,0,0,0,0,1,1,0,0,0,0
spotify:track:21Ay8mJRYQuOMZp7qyQXl6,50 Special,Lùnapop,...Squérez?,2,1,209010,0,0,0,0,0,0,0,1,0,0,1,0,0,0,0,1,0,0,0,0,1
spotify:track:1eThXFmkENeSkdeLO8S86F,HOODRAT,¥$,VULTURES 1,2,2,2984,0,0,0,0,0,0,0,2,0,0,0,0,0,0,0,2,0,0,0,0,0
spotify:track:22ptk2R45x9ccTd9pjH7O7,Miracle,Ottomix,"Afro World, Vol. 1",2,2,3810,0,0,0,0,0,2,0,0,0,0,0,0,0,0,0,0,1,0,0,1,0
spotify:track:1v7L65Lzy0j0vdpRjJewt1,Lose Yourself,Eminem,Just Lose It,2,1,323820,0,0,0,0,0,1,0,0,0,0,1,0,0,0,0,0,1,0,0,0,1
spotify:track:1BJJbSX6muJVF2AK7uH1x4,Move,Adam Port,Move,2,2,19085,0,0,0,0,0,0,0,2,0,0,0,0,0,0,0,2,0,0,0,0,0
spotify:track:1t6xoDooMgAqlYDOLTrsxj,QUALCOSA IN CUI CREDERE - Lo scheletro (feat. Guè),Marracash,Persona,2,0,424632,0,0,0,0,0,1,0,0,0,0,1,0,0,0,0,0,0,0,0,0,2
spotify:track:1t0Jmqg1pKVBbxjQFZebeR,Marea (we’ve lost dancing),Fred again..,Marea (we’ve lost dancing),2,2,5891,0,0,0,0,0,0,0,2,0,0,0,0,0,0,0,2,0,0,0,0,0
spotify:track:1dzQoRqT5ucxXVaAhTcT0J,Just Dance,Lady Gaga,The Fame,2,0,483866,0,0,0,0,0,2,0,0,0,0,0,0,0,0,0,0,0,0,0,0,2
spotify:track:3XVBdLihbNbxUwZosxcGuJ,If I Ain't Got You,Alicia Keys,The Diary Of Alicia Keys,2,2,8180,0,0,0,0,0,0,0,2,0,0,0,0,0,0,0,2,0,0,0,0,0
spotify:track:3XKIUb7HzIF1Vu9usunMzc,Maria Maria (feat. The Product G&B),Santana,Supernatural,2,1,36449,0,0,0,0,1,0,0,1,0,0,0,0,0,0,0,1,0,1,0,0,0
spotify:track:1AkuBv1KNXRwYbHX26CiQp,m12ano - feat. Mara Sattei,thasup,23 6451,2,1,190696,1,0,0,0,0,0,0,1,0,0,1,0,0,0,0,1,0,0,0,0,1
spotify:track:26TkOFSOucGIFYJ61JqWYO,DNA,Sophie and the Giants,DNA,2,2,7580,0,0,0,0,0,0,0,2,0,0,0,0,0,0,0,1,1,0,0,0,0
spotify:track:31mrcJ0tBECurR7v0G9QvC,Nowhere Fast (feat. Kehlani),Eminem,Curtain Call 2,2,2,6241,0,0,0,0,0,0,0,2,0,0,0,0,0,0,0,2,0,0,0,0,0
spotify:track:3W3nzPTQYLrG657gskb6V2,San Andreas Theme Song,Young Maylay,San Andreas Theme Song,2,2,2427,0,0,0,0,0,0,0,2,0,0,0,0,0,0,0,2,0,0,0,0,0
spotify:track:31L9yLXSj6LpCFupyMV6CR,Up&Up,Coldplay,A Head Full of Dreams,2,1,77323,0,0,0,0,1,0,0,0,0,0,1,0,1,0,0,0,1,0,0,0,0
spotify:track:4bDPr2VAjcfgUDmN9dGOC3,Why I Love You,JAY-Z,Watch The Throne,2,2,21870,0,0,0,0,0,1,0,1,0,0,0,0,0,0,0,1,1,0,0,0,0
spotify:track:30Zcjs7pgEkmJA1lEbGSWT,FML,Kanye West,The Life Of Pablo,2,1,6880,0,0,0,0,0,0,0,2,0,0,0,0,1,0,0,1,0,0,0,0,0
spotify:track:23wfXwnsPZYe5A1xXRHb3J,The Way I Am,Eminem,The Marshall Mathers LP,2,1,146539,0,0,0,0,1,0,0,0,0,0,1,0,1,0,0,0,1,0,0,0,0
spotify:track:23luOrEVHMfoX0AhfbQuS6,FEAR.,Kendrick Lamar,DAMN.,2,2,18721,0,0,0,0,0,1,0,1,0,0,0,0,0,0,0,1,1,0,0,0,0
spotify:track:2zzLRQ78kKfPTx8FJQCdC2,When The Sun Goes Down,Arctic Monkeys,"Whatever People Say I Am, That's What I'm Not",2,1,220863,0,0,0,0,0,0,0,1,0,0,1,0,0,0,0,1,0,0,0,0,1
spotify:track:23OXdR7YuUBVWh5hSnYJau,Chlorine,Twenty One Pilots,Trench,2,2,11500,0,0,0,0,0,1,0,1,0,0,0,0,0,0,0,1,1,0,0,0,0
spotify:track:2zSWsOolR5LkAoGapAh8mJ,Asshole,Eminem,The Marshall Mathers LP2,2,2,3855,0,0,0,0,0,0,0,1,0,0,1,0,0,0,0,1,1,0,0,0,0
spotify:track:0vbtURX4qv1l7besfwmnD8,I Took A Pill In Ibiza - Seeb Remix,Mike Posner,"At Night, Alone.",2,2,10588,0,0,0,0,0,0,0,2,0,0,0,0,0,0,0,2,0,0,0,0,0
spotify:track:28drn6tQo95MRvO0jQEo5C,Type Shit,Future,WE DON'T TRUST YOU,2,2,5793,0,0,0,0,0,0,0,2,0,0,0,0,0,0,0,2,0,0,0,0,0
spotify:track:288e3FhmVuCqPmNEfAH0h6,Say Goodbye Hollywood,Eminem,The Eminem Show,2,2,4603,0,0,0,0,0,1,0,1,0,0,0,0,0,0,0,1,1,0,0,0,0
spotify:track:27qYCnvju6ZMeeE6TtruIE,LA DOLCE VITA,Fedez,DISUMANO,2,2,11936,0,0,0,0,0,0,0,1,0,0,1,0,0,0,0,1,0,0,0,1,0
spotify:track:34pX6ItvzRSOEUxrfJH1j4,Giulia - Gabry Ponte Rmx Fm Cut,DJ Lhasa,Giulia,2,2,37890,0,0,0,0,0,0,0,2,0,0,0,0,0,0,0,2,0,0,0,0,0
spotify:track:3UYr4TdhtCthMH9ujhx0BA,Pelé,Rhove,Pelé,2,1,134359,0,0,0,0,0,0,0,1,0,0,1,0,0,0,0,1,0,0,0,0,1
spotify:track:1O0OHevK1caRAJa7zmt5ai,Forza Roma,Lando Fiorini,Il Meglio Di Lando Fiorini Vol 4,2,1,201267,0,0,0,0,0,2,0,0,0,0,0,0,0,0,0,0,1,0,0,0,1
spotify:track:347AQK5Lyhn6RvB8tBGYxt,STARS,¥$,VULTURES 1,2,2,12352,0,0,0,0,0,0,0,2,0,0,0,0,0,0,0,2,0,0,0,0,0
spotify:track:2FQrifJ1N335Ljm3TjTVVf,A Bar Song (Tipsy),Shaboozey,A Bar Song (Tipsy),2,2,181671,1,0,0,0,0,0,0,2,0,0,0,0,0,0,0,2,0,0,0,0,0
spotify:track:33yv9M5Mnh48D4SvoOSeFO,Underground,Eminem,Relapse [Deluxe],2,2,5609,0,0,0,0,0,0,0,1,0,0,1,0,0,0,0,1,1,0,0,0,0
spotify:track:15ZNcgzsiiSrLQAGzl3le9,One Shot 2 Shot,Eminem,Encore,2,2,3002,0,0,0,0,0,1,0,1,0,0,0,0,0,0,0,1,1,0,0,0,0
spotify:track:33UW03xr8tD00g67CqzASJ,Won't Back Down,Eminem,Recovery,2,2,1692,0,0,0,0,0,0,0,2,0,0,0,0,0,0,0,2,0,0,0,0,0
spotify:track:2DFi8rwHcVkTTgu7PULhtI,My Type,Saint Motel,My Type,2,2,16080,0,0,0,0,0,0,0,2,0,0,0,0,0,0,0,2,0,0,0,0,0
spotify:track:2DDdr4anGxoayDBoJEpK7j,Legacy,Eminem,The Marshall Mathers LP2,2,0,592538,0,0,0,0,0,1,0,0,0,0,1,0,0,0,0,0,0,0,0,0,2
spotify:track:32OlwWuMpZ6b0aN2RZOeMS,Uptown Funk (feat. Bruno Mars),Mark Ronson,Uptown Special,2,1,270550,1,0,0,0,0,1,0,1,0,0,0,0,0,0,0,1,0,0,0,0,1
spotify:track:4S8d14HvHb70ImctNgVzQQ,I Love It (& Lil Pump),Kanye West,I Love It,2,2,124084,0,0,0,0,0,2,0,0,0,0,0,0,0,0,0,0,2,0,0,0,0
spotify:track:31nfdEooLEq7dn3UMcIeB5,Vois sur ton chemin - Techno Mix,BENNETT,Vois sur ton chemin,2,2,6290,0,0,0,0,0,0,0,2,0,0,0,0,0,0,0,1,1,0,0,0,0
spotify:track:1rylJ0VXvhOzLGNm401iaI,Keep Their Heads Ringin',Dr. Dre,Keep Their Heads Ringin',2,2,5260,0,0,0,0,0,1,0,1,0,0,0,0,0,0,0,1,1,0,0,0,0
spotify:track:3xKsf9qdS1CyvXSMEid6g8,Pink + White,Frank Ocean,Blonde,2,1,66026,0,0,0,0,0,0,0,1,0,0,1,0,1,0,0,0,1,0,0,0,0
spotify:track:3xALgUxUFNYIrbMew1sbnC,Maradona y Pelé,Thegiornalisti,Maradona y Pelé,2,1,219411,0,0,0,0,0,0,0,1,0,0,1,0,0,0,0,1,0,0,0,0,1
spotify:track:3wLPRjw2XQpmowqXUXb3UF,Get Up (Rattle) [feat. Far East Movement] - Vocal Edit,Bingo Players,Get Up (Rattle) [feat. Far East Movement],2,2,10460,0,0,0,0,0,1,0,1,0,0,0,0,0,0,0,0,2,0,0,0,0
spotify:track:3YNcQUeVOpM3SDmwBeGfMK,A Un Passo Dalla Luna,Rocco Hunt,A Un Passo Dalla Luna,2,0,334626,0,0,0,0,0,0,0,0,0,0,2,0,0,0,0,0,0,0,0,0,2
spotify:track:2K7bv4Q0FNNKPt4PPPCjOi,VELENO,Tananai,VELENO,2,2,9421,0,0,0,0,0,0,0,2,0,0,0,0,0,0,0,2,0,0,0,0,0
spotify:track:2ImuQo1g14CTR9hZAZD3aQ,This D.J.,Warren G,Regulate… G Funk Era,2,2,10852,0,0,0,0,0,0,0,2,0,0,0,0,0,0,0,2,0,0,0,0,0
spotify:track:4vUmTMuQqjdnvlZmAH61Qk,South of the Border (feat. Camila Cabello & Cardi B),Ed Sheeran,No.6 Collaborations Project,2,1,169550,0,0,0,0,1,1,0,0,0,0,0,0,1,0,0,0,1,0,0,0,0
spotify:track:5S6pYZD8WH3OQapDHTDM9M,Viva La Vida,Coldplay,Viva La Vida (Prospekt's March Edition),2,2,1120,0,0,0,0,0,2,0,0,0,0,0,0,0,0,0,0,1,0,0,1,0
spotify:track:4v7DCN09hgXkKazefkznDQ,Lonely,Akon,Trouble Deluxe Edition,2,1,418835,0,0,0,0,0,1,0,0,0,0,1,0,0,0,0,0,1,0,0,0,1
spotify:track:4g6m1iaAsgdgDqgxGtvY0C,Animals - Radio Edit,Martin Garrix,Animals,2,2,1360,0,0,0,0,0,1,0,1,0,0,0,0,0,0,0,1,1,0,0,0,0
spotify:track:4p0o4pBoJPxYMXKhYbRzzw,malibu,sangiovanni,sangiovanni,2,1,172516,0,0,0,0,0,0,0,1,0,0,1,0,0,0,0,1,0,0,0,0,1
spotify:track:5Uh43z4bksfoIwBQFXRztm,Vamos a la Playa,Candy,Vamos a la Playa 2015,2,2,4410,0,0,0,0,0,1,0,0,1,0,0,0,0,0,0,0,2,0,0,0,0
spotify:track:0f0akmH768sNyykkYNDL7e,Purple Line,Ben Böhmer,Vom Menschen,2,2,9549,0,0,0,0,0,0,0,2,0,0,0,0,0,0,0,2,0,0,0,0,0
spotify:track:1DFD5Fotzgn6yYXkYsKiGs,Piece Of Your Heart,MEDUZA,Piece Of Your Heart,2,2,94267,0,0,0,0,0,2,0,0,0,0,0,0,0,0,0,0,2,0,0,0,0
spotify:track:5U7yrBIglN3d0FSsVEPt3q,Xdono,Tiziano Ferro,TZN -The Best Of Tiziano Ferro,2,0,483306,2,0,0,0,0,0,0,0,0,0,2,0,0,0,0,0,0,0,0,0,2
spotify:track:1DQMdY5podqawS2w4WJdwj,Aleph,Gesaffelstein,Maryland,2,2,12750,0,0,0,0,0,0,0,2,0,0,0,0,0,0,0,2,0,0,0,0,0
spotify:track:5XAGVMePJNaXHcdRN578Xi,La canzone del sole - Remastered,Lucio Battisti,La canzone del sole/ Anche per te,2,2,5706,0,0,0,0,0,0,0,2,0,0,0,0,0,0,0,2,0,0,0,0,0
spotify:track:4szQkW1CDHqbRZGltXJdd3,Soldi,Mahmood,Gioventù Bruciata,2,1,198673,0,0,0,0,0,0,0,1,0,0,1,0,0,0,0,1,0,0,0,0,1
spotify:track:1IiOIBsOQrQvcge0HiwF90,Godzilla (feat. Juice WRLD),Eminem,Curtain Call 2,2,2,8717,0,0,0,0,0,0,0,2,0,0,0,0,0,0,0,2,0,0,0,0,0
spotify:track:4sNG6zQBmtq7M8aeeKJRMQ,Brazil,Declan McKenna,What Do You Think About the Car?,2,2,10412,0,0,0,0,0,0,0,2,0,0,0,0,0,0,0,2,0,0,0,0,0
spotify:track:4s6LhHAV5SEsOV0lC2tjvJ,California Dreamin' - Single Version,The Mamas & The Papas,If You Can Believe Your Eyes & Ears,2,2,3930,0,0,0,0,0,2,0,0,0,0,0,0,0,0,0,0,2,0,0,0,0
spotify:track:1Dvl9M7pTzjsceCqAzChx2,I GOT IT,ANNA,I GOT IT,2,2,12059,0,0,0,0,0,1,0,1,0,0,0,0,0,0,0,1,1,0,0,0,0
spotify:track:0cDq1fpfr9NNFNAKQXLLK7,Mezzo Rotto (feat. BigMama),Alessandra Amoroso,Mezzo Rotto (feat. BigMama),2,2,14774,0,0,0,0,0,1,0,1,0,0,0,0,0,0,0,1,1,0,0,0,0
spotify:track:0bCCMwWTaYOcQ4v8EeEYmd,Crazy In Love,Eminem,Encore,2,2,3799,0,0,0,0,0,1,0,1,0,0,0,0,0,0,0,1,1,0,0,0,0
spotify:track:3Ls9yKzshQye18Tx2AvOb6,90MIN,Salmo,Playlist,2,1,463840,0,0,0,0,0,2,0,0,0,0,0,0,0,0,0,1,0,0,0,0,1
spotify:track:4xs1uoAjiWAEecX9yKGSF6,Nowhere Fast (feat. Kehlani),Eminem,Revival,2,2,92599,0,0,0,0,0,0,0,1,0,0,1,0,0,0,0,1,1,0,0,0,0
spotify:track:5eGEc27nnhtmcOh6RC890a,Kill You,Eminem,The Marshall Mathers LP,2,2,107208,0,0,0,0,0,1,0,0,0,0,1,0,0,0,0,1,1,0,0,0,0
spotify:track:2iW8D4Vdy8lrOEBkYEJOzd,Guilty Conscience,Eminem,The Slim Shady LP,2,2,3847,0,0,0,0,0,1,0,1,0,0,0,0,0,0,0,2,0,0,0,0,0
spotify:track:1hwJKpe0BPUsq6UUrwBWTw,Boulevard of Broken Dreams,Green Day,Boulevard of Broken Dreams,2,2,4001,0,0,0,0,0,0,0,2,0,0,0,0,0,0,0,2,0,0,0,0,0
spotify:track:4xcH3wLJTDPWQxt87C9ZWX,You Know How We Do It,Ice Cube,Lethal Injection,2,2,2710,0,0,0,0,0,0,0,2,0,0,0,0,0,0,0,2,0,0,0,0,0
spotify:track:4xFLyM4FkPrh2EOODkwPES,Just Don't Give A Fuck,Eminem,The Slim Shady LP,2,2,3211,0,0,0,0,0,0,0,2,0,0,0,0,0,0,0,2,0,0,0,0,0
spotify:track:5h1DxwV02KWeKHIbUz2Wml,Berzerk,Eminem,Curtain Call 2,2,2,3022,0,0,0,0,0,0,0,2,0,0,0,0,0,0,0,2,0,0,0,0,0
spotify:track:1E87Nt1EgdYm5uYOw8rtlr,Insane,Eminem,Relapse [Deluxe],2,2,179769,0,0,0,0,0,0,0,2,0,0,0,0,0,0,0,2,0,0,0,0,0
spotify:track:0ZqhXLsu4Cql3YybRcktg2,Ultimo,Il Pagante,Entro in pass,2,2,4020,0,0,0,0,0,2,0,0,0,0,0,0,0,0,0,0,2,0,0,0,0
spotify:track:1JO1xLtVc8mWhIoE3YaCL0,Happy Together,The Turtles,Happy Together,2,2,4340,0,0,0,0,0,0,0,2,0,0,0,0,0,0,0,2,0,0,0,0,0
spotify:track:4o8k31gvFXwsuJT08prT7N,Evil Twin,Eminem,The Marshall Mathers LP2,2,2,10336,0,0,0,0,0,2,0,0,0,0,0,0,0,0,0,0,1,0,0,1,0
spotify:track:1EIjtTM4j3veLBfj6gd4Vk,Won't Look Back,Duke Dumont,Won’t Look Back,2,2,10160,0,0,0,0,0,1,0,1,0,0,0,0,0,0,0,1,1,0,0,0,0
spotify:track:2fQxE0jVrjNMT9oJAXtSJR,Domino,Jessie J,Who You Are,2,2,10490,0,0,0,0,0,0,0,1,0,0,1,0,0,0,0,2,0,0,0,0,0
spotify:track:1K3LRUEcUz5FMtPYyg0F45,Ho Hey,The Lumineers,The Lumineers,2,2,5134,0,0,0,0,0,2,0,0,0,0,0,0,0,0,0,0,2,0,0,0,0
spotify:track:5mZXWEH2eh8zMZGCxT5aW0,"Yah Yah (feat. Royce Da 5'9"", Black Thought, Q-Tip & Denaun)",Eminem,Music To Be Murdered By,2,2,2706,0,0,0,0,0,1,0,1,0,0,0,0,0,0,0,2,0,0,0,0,0
spotify:track:1jmk1hq69kVe0EjX1OSyFe,You're Not Pretty but You Got It Goin' On,Band Of Skulls,Sweet Sour,2,1,35870,0,0,0,0,1,0,0,1,0,0,0,0,1,0,0,1,0,0,0,0,0
spotify:track:5sjooUUaOlnI0KXJ9A67GQ,Work - Instrumental,Iggy Azalea,Work,2,2,10388,0,0,0,0,0,0,0,2,0,0,0,0,0,0,0,2,0,0,0,0,0
spotify:track:0uAnrNNITY7KwmOqdVEsIK,MADAME - L'anima,Marracash,Persona,2,2,9221,0,0,0,0,0,1,0,1,0,0,0,0,0,0,0,1,1,0,0,0,0
spotify:track:5rmWxr4qgejVuLWwxNzISC,Onda Alta,Dargen D'Amico,Ciao America,2,2,23522,0,0,0,0,0,0,0,2,0,0,0,0,0,0,0,2,0,0,0,0,0
spotify:track:5rgy6ghBq1eRApCkeUdJXf,We Are Young (feat. Janelle Monáe),fun.,Some Nights,2,2,23590,0,0,0,0,0,0,0,2,0,0,0,0,0,0,0,2,0,0,0,0,0
spotify:track:5rb9QrpfcKFHM1EUbSIurX,Yeah! (feat. Lil Jon & Ludacris),USHER,Confessions (Expanded Edition),2,0,500746,0,0,0,0,0,0,0,0,0,0,2,0,0,0,0,0,0,0,0,0,2
spotify:track:3nAq2hCr1oWsIU54tS98pL,Waves,Kanye West,The Life Of Pablo,2,2,13890,0,0,0,0,0,0,0,2,0,0,0,0,0,0,0,2,0,0,0,0,0
spotify:track:5qrlwNK6VkPcCviRWOYVFv,Remember Me?,Eminem,The Marshall Mathers LP,2,2,4083,0,0,0,0,0,1,0,1,0,0,0,0,0,0,0,1,1,0,0,0,0
spotify:track:5qaEfEh1AtSdrdrByCP7qR,Demons,Imagine Dragons,Night Visions,2,1,178756,1,0,0,0,0,0,0,1,0,0,1,0,0,0,0,1,0,0,0,0,1
spotify:track:5qR8me97mDHqvggt1G2eFn,Ci pensiamo domani,Angelina Mango,Ci pensiamo domani,2,2,30775,0,0,0,0,0,0,0,2,0,0,0,0,0,0,0,2,0,0,0,0,0
spotify:track:5qGrQ3pV2ZOmgGDHX9cWRs,Bye Bye Macadam,Rone,Trip-Hop Music - The Must Have Selection,2,2,22029,0,0,0,0,0,0,0,2,0,0,0,0,0,0,0,2,0,0,0,0,0
spotify:track:1k1Bqnv2R0uJXQN4u6LKYt,Ain't No Sunshine,Bill Withers,Just As I Am,2,2,41378,0,0,0,0,0,1,0,0,0,0,1,0,0,0,0,0,2,0,0,0,0
spotify:track:51tUT1gHE30GQPhn1agudM,Hideaway,Kiesza,Sound Of A Woman,2,2,9930,0,0,0,0,0,0,0,1,1,0,0,0,0,0,0,1,1,0,0,0,0
spotify:track:0W4Kpfp1w2xkY3PrV714B7,Ho Hey,The Lumineers,The Lumineers,2,1,166793,0,0,0,0,0,1,0,0,0,0,1,0,0,0,0,0,1,0,0,0,1
spotify:track:1kI7mZAziaRfBeAOraRW1i,Dorado (feat. Sfera Ebbasta & Feid),Mahmood,Dorado (feat. Sfera Ebbasta & Feid),2,2,12291,0,0,0,0,0,0,0,2,0,0,0,0,0,0,0,2,0,0,0,0,0
spotify:track:1gnYyhbQVmPskm6idTMrx3,Tourist,Quinn XCII,The Story of Us,2,2,3890,0,0,0,0,0,1,0,1,0,0,0,0,0,0,0,2,0,0,0,0,0
spotify:track:51ODNNDZm21HU7wI7cccRr,Latch,Disclosure,Settle - Special Edition,2,1,259611,0,0,0,0,0,0,0,1,0,0,1,0,0,0,0,1,0,0,0,0,1
spotify:track:51NFxnQvaosfDDutk0tams,bellyache,Billie Eilish,Bellyache,2,1,217217,0,0,0,0,0,0,0,2,0,0,0,0,0,0,0,0,1,0,0,0,1
spotify:track:1lO9CZo6eDrOy0S7khgryG,No Regrets (feat. Don Toliver),Eminem,Music To Be Murdered By,2,2,1113,0,0,0,0,0,0,0,2,0,0,0,0,0,0,0,2,0,0,0,0,0
spotify:track:51LeDAMy6nWqKdjVo7jK4j,Curtains Close,Eminem,The Eminem Show,2,2,7210,0,0,0,0,0,1,0,1,0,0,0,0,0,0,0,2,0,0,0,0,0
spotify:track:48Nh04YgUsE4b5V3y9sIdD,Gaetano,Calcutta ,Mainstream (Deluxe Edition),2,1,249487,2,0,0,0,0,1,0,0,0,0,1,0,0,0,0,0,1,0,0,0,1
spotify:track:3gY6tiCNsuVi6s8kPV6aQg,Nas Is Like,Nas,I Am...,2,2,8180,0,0,0,0,0,0,0,2,0,0,0,0,0,0,0,2,0,0,0,0,0
spotify:track:0TDLuuLlV54CkRRUOahJb4,Titanium (feat. Sia),David Guetta,Nothing but the Beat,2,1,246500,0,0,0,0,0,1,0,0,0,0,1,0,0,0,0,0,1,0,0,0,1
spotify:track:646BWucPUyiqL1kgN3jOll,Headlights,Eminem,The Marshall Mathers LP2,2,2,3573,0,0,0,0,0,1,0,0,1,0,0,0,0,0,0,0,2,0,0,0,0
spotify:track:2cFnNLgQ0SYuh4vAftnGBH,Blueprint (Momma Loves Me),JAY-Z,The Blueprint,2,2,44190,0,0,0,0,0,1,0,0,0,0,1,0,0,0,0,1,0,0,0,1,0
spotify:track:2cYqizR4lgvp4Qu6IQ3qGN,BUTTERFLY EFFECT,Travis Scott,ASTROWORLD,2,2,96701,0,0,0,0,0,0,0,0,0,0,2,0,0,0,0,0,2,0,0,0,0
spotify:track:63BcfK6YAzJYeISaTPr6IO,Big Poppa - 2007 Remaster,The Notorious B.I.G.,Greatest Hits,2,2,1956,0,0,0,0,0,2,0,0,0,0,0,0,0,0,0,0,2,0,0,0,0
spotify:track:4n358XQMHXd0xi6NazWdxr,Vex Oh feat. GoldLink & Ari PenSmith,KAYTRANADA,BUBBA,2,2,129667,0,0,0,0,0,0,0,1,0,0,1,0,0,0,0,2,0,0,0,0,0
spotify:track:64yrDBpcdwEdNY9loyEGbX,21 Guns,Green Day,21st Century Breakdown,2,1,322723,0,1,0,0,0,0,0,1,0,0,1,0,0,0,0,1,0,0,0,0,1
spotify:track:0VgkVdmE4gld66l8iyGjgx,Mask Off,Future,FUTURE,2,2,31958,0,0,0,0,0,2,0,0,0,0,0,0,0,0,0,0,2,0,0,0,0
spotify:track:0VSzREd1OjEWJ9tXoFHRQH,Those Kinda Nights (feat. Ed Sheeran),Eminem,Music To Be Murdered By,2,2,903,0,0,0,0,0,0,0,2,0,0,0,0,0,0,0,2,0,0,0,0,0
spotify:track:0UtnpKaReKUg2GquaSxCyD,Money Trees,Kendrick Lamar,"good kid, m.A.A.d city",2,1,388826,0,0,0,0,0,0,0,2,0,0,0,0,0,0,0,1,0,0,0,0,1
spotify:track:0TzxcB6dK46vgXZT2P8qeR,Trap Queen,Fetty Wap,Fetty Wap,2,1,182403,0,0,0,0,0,0,0,1,0,0,1,0,1,0,0,1,0,0,0,0,0
spotify:track:0TwBtDAWpkpM3srywFVOV5,Crazy In Love (feat. Jay-Z),Beyoncé,Dangerously In Love,2,0,471866,1,0,0,0,0,1,0,0,0,0,1,0,0,0,0,0,0,0,0,0,2
spotify:track:45JxylFwaThjLsRBuzcfoL,Rhyme Or Reason,Eminem,The Marshall Mathers LP2,2,2,6284,0,0,0,0,0,0,0,2,0,0,0,0,0,0,0,2,0,0,0,0,0
spotify:track:50nfwKoDiSYg8zOCREWAm5,Shivers,Ed Sheeran,=,2,2,72406,0,0,0,0,0,1,0,0,0,0,1,0,0,0,0,0,2,0,0,0,0
spotify:track:50le2HSqQAIqB4BGD4cE9e,Black Magic (feat. Skylar Grey),Eminem,Music To Be Murdered By - Side B,2,2,1723,0,0,0,0,0,0,0,2,0,0,0,0,0,0,0,2,0,0,0,0,0
spotify:track:692nbKgOdtHeLoDC86eif9,Hello,Eminem,Relapse [Deluxe],2,2,3057,0,0,0,0,0,0,0,2,0,0,0,0,0,0,0,2,0,0,0,0,0
spotify:track:4EGLoafrxloaEWTscMYARN,RA TA TA,Mahmood,RA TA TA,2,2,13036,0,0,0,0,0,1,0,1,0,0,0,0,0,0,0,1,1,0,0,0,0
spotify:track:68mOSKT4uBkKddEAhlMO61,Home,Good Neighbours,Home,2,2,7691,0,0,0,0,0,0,0,2,0,0,0,0,0,0,0,2,0,0,0,0,0
spotify:track:68IkI6ttYOzNyS5iW2Zx70,Fuel - Shady Edition,Eminem,The Death of Slim Shady (Coup De Grâce): Expanded Mourner’s Edition,2,0,267745,0,0,0,0,0,0,0,1,0,0,1,0,1,0,0,0,0,0,0,0,1
spotify:track:50a8bKqlwDEqeiEknrzkTO,ball w/o you,21 Savage,i am > i was,2,2,4008,0,0,0,0,0,0,0,2,0,0,0,0,0,0,0,2,0,0,0,0,0
spotify:track:3F18I7LhWKxlf1PytSoTBH,Welcome To Heartbreak,Kanye West,808s & Heartbreak,2,2,18987,0,0,0,0,0,0,0,2,0,0,0,0,0,0,0,2,0,0,0,0,0
spotify:track:2Y3USTCETS4xbjJOzT1Icm,Adderall (Corvette Corvette) - Remix,Popp Hunna,Adderall (Corvette Corvette),2,2,2834,0,0,0,0,0,0,0,2,0,0,0,0,0,0,0,2,0,0,0,0,0
spotify:track:6CN3e26iQSj1N5lomh0mfO,Like Toy Soldiers,Eminem,Encore,2,2,13108,0,0,0,0,0,1,0,1,0,0,0,0,0,0,0,1,1,0,0,0,0
spotify:track:2prnn41CblB8B4yWACDljP,Love Tonight (David Guetta Remix Edit),Shouse,Love Tonight (David Guetta Remix),2,2,15790,0,0,0,0,0,0,0,2,0,0,0,0,0,0,0,2,0,0,0,0,0
spotify:track:6BSwO1bF8LQoPDQahphMI3,+1 (feat. Sam White) - Tujamo Remix,Martin Solveig,+1 (feat. Sam White),2,2,3330,0,0,0,0,0,1,0,1,0,0,0,0,0,0,0,1,1,0,0,0,0
spotify:track:0xYkr8xRLT8vbFA1yrSYO1,Rotolando Verso Sud,Negrita,L'Uomo Sogna Di Volare,2,2,17480,0,0,0,0,0,0,0,2,0,0,0,0,0,0,0,2,0,0,0,0,0
spotify:track:6ALtdfVnklY8xp9bUBKVEP,Pause 4 Porno,Dr. Dre,2001,2,1,7630,0,0,0,0,0,1,0,0,1,0,0,0,0,0,0,0,1,0,0,0,1
spotify:track:52RK8UVEDgUAgpecOpTQM3,You Make Me,Avicii,True,2,2,161020,0,0,0,0,0,2,0,0,0,0,0,0,0,0,0,0,2,0,0,0,0
spotify:track:52A8OAP8lTQKZCj4Rce92B,A Tale Of 2 Citiez,J. Cole,2014 Forest Hills Drive,2,2,19782,0,0,0,0,0,2,0,0,0,0,0,0,0,0,0,0,2,0,0,0,0
spotify:track:6HSXNV0b4M4cLJ7ljgVVeh,Knockin' On Heaven's Door,Bob Dylan,Pat Garrett & Billy The Kid,2,2,6626,0,0,0,0,0,2,0,0,0,0,0,0,0,0,0,0,2,0,0,0,0
spotify:track:4e5IPJxSGVWPsaxQzdRseN,Who Will Survive In America,Kanye West,My Beautiful Dark Twisted Fantasy,2,2,3970,0,0,0,0,0,1,0,1,0,0,0,0,0,0,0,1,1,0,0,0,0
spotify:track:6GIBsRZT9Uv9W07pVJ47Nj,Best Friend,Yelawolf,Curtain Call 2,2,2,4053,0,0,0,0,0,0,0,2,0,0,0,0,0,0,0,2,0,0,0,0,0
spotify:track:4HpqJZ9YSAaVsmfNGAyl9w,PARTIRE DA TE,Rkomi,TAXI DRIVER,2,2,8300,0,0,0,0,0,0,0,2,0,0,0,0,0,0,0,2,0,0,0,0,0
spotify:track:2aptSWAkwTLva4188FFrjE,Vai!,Alfa,Non so chi ha creato il mondo ma so che era innamorato,2,2,9742,0,0,0,0,0,0,0,2,0,0,0,0,0,0,0,2,0,0,0,0,0
spotify:track:6KfwIpX0Xo0lelmuUOnyZV,Margarita (con Marracash),Elodie,This Is Elodie,2,2,9096,0,0,0,0,0,1,0,1,0,0,0,0,0,0,0,1,1,0,0,0,0
spotify:track:0q2vG0UVuy6ajjcpkQHdZM,Unaccommodating (feat. Young M.A),Eminem,Music To Be Murdered By,2,2,2750,0,0,0,0,0,0,0,2,0,0,0,0,0,0,0,2,0,0,0,0,0
spotify:track:3Fzlg5r1IjhLk2qRw667od,Dancing in the Moonlight,Toploader,Onka's Big Moka,2,2,26373,0,0,0,0,0,0,0,1,0,0,1,0,0,0,0,2,0,0,0,0,0
spotify:track:6JPEGmxZ9pTBNDCyf4PMbf,64 BARRE DI PAURA,Marracash,"Red Bull 64 Bars, The Album",2,1,133217,2,0,0,0,0,1,0,0,0,0,1,0,0,0,0,0,1,0,0,0,1
spotify:track:6JLU84OHXJ582y0PWRIYba,Yellow Brick Road,Eminem,Encore,2,0,465526,0,0,0,0,0,1,0,0,0,0,1,0,1,0,0,0,0,0,0,0,1
spotify:track:4emN0MkKDuGAdeDGxBlAML,S.e.n.i.c.a.r.,Marracash,King Del Rap,2,0,411440,1,0,0,0,0,0,0,0,0,0,2,0,0,0,0,0,0,0,0,0,2
spotify:track:6IBH0DCtwrilBvy6JAElI0,Somebody's Watching Me,Rockwell,I Am On Holiday,2,2,23287,0,0,0,0,0,0,0,2,0,0,0,0,0,0,0,2,0,0,0,0,0
spotify:track:6NGRgJjvgUF9V4VXbWgS26,Curtains Up,Eminem,Encore,2,1,12540,0,0,0,0,0,0,0,2,0,0,0,0,0,0,0,1,0,0,0,0,1
spotify:track:6MN6yRVriszuyAVlyF8ndB,Coffee Cold,Galt MacDermot,Shapes of Rhythm/Woman Is Sweeter,2,2,10663,0,0,0,0,0,0,0,2,0,0,0,0,0,0,0,2,0,0,0,0,0
spotify:track:0pzXfsibHoO6eWDV262G1U,As The World Turns,Eminem,The Slim Shady LP,2,2,2098,0,0,0,0,0,0,0,2,0,0,0,0,0,0,0,2,0,0,0,0,0
spotify:track:0puf9yIluy9W0vpMEUoAnN,Bang Bang,Jessie J,Sweet Talker,2,1,200206,0,0,0,0,0,0,0,1,0,0,1,0,0,0,0,1,0,0,0,0,1
spotify:track:0OOv1XGVVzUgTIzomIHfR0,Asshole,Eminem,The Marshall Mathers LP2,2,2,11765,0,0,0,0,0,0,0,2,0,0,0,0,0,0,0,2,0,0,0,0,0
spotify:track:4mn2kNTqiGLwaUR8JdhJ1l,House of the Rising Sun,The Animals,The Singles Plus,2,2,4768,0,0,0,0,0,2,0,0,0,0,0,0,0,0,0,0,2,0,0,0,0
spotify:track:2WRFD9WczJ975X2K1Y9YVs,Heads Will Roll,Yeah Yeah Yeahs,It's Blitz!,2,2,48250,0,0,0,0,0,0,0,2,0,0,0,0,0,0,0,2,0,0,0,0,0
spotify:track:3DZa0s06F8I8euQ8LKUJ5T,"The Island (feat. Hell Raton, En?gma, Slait)",Salmo,Midnite (Deluxe Version),2,2,43086,0,0,0,0,0,1,0,0,0,0,1,0,0,0,0,0,2,0,0,0,0
spotify:track:6WatFBLVB0x077xWeoVc2k,Si Antes Te Hubiera Conocido,KAROL G,Si Antes Te Hubiera Conocido,2,2,10918,0,0,0,0,0,1,0,1,0,0,0,0,0,0,0,1,1,0,0,0,0
spotify:track:3DmjHN1btW4dRtgwm7FdO2,Magnifico (feat. Francesca Michielin),Fedez,Pop-hoolista,2,0,203767,2,0,0,0,0,0,0,1,0,0,1,0,1,0,0,0,0,0,0,0,1
spotify:track:6VOoSi7mgFrKCeymxG6wKB,DISCO PARADISE,Fedez,DISCO PARADISE,2,2,16077,0,0,0,0,0,0,0,2,0,0,0,0,0,0,0,2,0,0,0,0,0
spotify:track:0Ns3nvzgfC6Yh3j5apV66n,Soundtrack 2 My Life,Kid Cudi,Man On The Moon: The End Of Day,2,2,72880,0,0,0,0,0,1,0,1,0,0,0,0,0,0,0,1,1,0,0,0,0
spotify:track:1mItEeAlTepKfWUOpu8h6b,Parole di ghiaccio,Emis Killa,L'erba cattiva,2,1,232530,0,0,0,0,0,1,0,0,0,0,1,0,0,0,0,0,1,0,0,0,1
spotify:track:0NJu93oln1kkgbHLFzLJ4h,Window Shopper,50 Cent,Window Shopper,2,1,199000,0,0,0,0,0,1,0,0,0,0,1,0,0,0,0,1,0,0,0,0,1
spotify:track:1nB5rEmO17g1MlFEN8KQSd,Rhyme Or Reason,Eminem,The Marshall Mathers LP2,2,1,306083,0,0,0,0,0,1,0,0,0,0,1,0,0,0,0,1,0,0,0,0,1
spotify:track:3qBtltssunsFuzn6DxXI0b,Margarita (con Marracash),Elodie,Margarita (con Marracash),2,1,178762,0,0,0,0,0,0,0,1,0,0,1,0,0,0,0,1,0,0,0,0,1
spotify:track:586qiIWHIkjYnfwnIAFY38,Onda Alta,Dargen D'Amico,Onda Alta,2,1,218586,0,0,0,0,0,0,0,1,0,0,1,0,0,0,0,1,0,0,0,0,1
spotify:track:6e0CvGZf7CouOpYF8toXHC,Body On My,Loud Luxury,Body On My,2,1,194396,0,0,0,0,0,0,0,1,0,0,1,0,0,0,0,1,0,0,0,0,1
spotify:track:1WvuZsXHaH2qNAtvrQY6SX,Light Speed,Dr. Dre,2001,2,1,16595,0,0,0,0,0,0,0,0,1,0,1,0,0,0,0,0,1,0,0,0,1
spotify:track:6dJRP4pXk4SOzWfhfHL3Or,So Much Better,Eminem,The Marshall Mathers LP2,2,2,13650,0,0,0,0,0,0,0,2,0,0,0,0,0,0,0,2,0,0,0,0,0
spotify:track:1XpmMe95dk9jh3zuOMpeU2,Capri Sun,Capo Plaza,Hustle Mixtape,2,2,178037,0,0,0,0,0,0,0,1,0,0,1,0,0,0,0,1,1,0,0,0,0
spotify:track:3PfIrDoz19wz7qK7tYeu62,Don't Start Now,Dua Lipa,Future Nostalgia,2,1,184900,0,0,0,0,0,1,0,0,0,0,1,0,0,0,0,0,1,0,0,0,1
spotify:track:2TxCwUlqaOH3TIyJqGgR91,Mamma Mia,ABBA,Abba,2,1,215206,0,0,0,0,0,1,0,0,0,0,1,0,0,0,0,0,1,0,0,0,1
spotify:track:6c6W25YoDGjTq3qSPOga5t,Ink,Coldplay,Ghost Stories,2,2,17616,0,0,0,0,0,0,0,1,0,0,1,0,0,0,0,1,1,0,0,0,0
spotify:track:6bUNEbXT7HovLW6BgPCBsb,Roses,Outkast,Speakerboxxx/The Love Below,2,2,11870,0,0,0,0,0,1,0,1,0,0,0,0,0,0,0,1,1,0,0,0,0
spotify:track:4j2bQkwIEO7QzAdjJ4txVm,"Another Brick In The Wall, Pt. 1 - 2011 Remastered Version",Pink Floyd,The Wall (Remastered),2,2,2570,0,0,0,0,0,0,0,2,0,0,0,0,0,0,0,2,0,0,0,0,0
spotify:track:2ULz1p7TwLp9n6dJWFTgAh,Pistol Pistol (Remix),Obie Trice,Eminem Presents The Re-Up,2,2,9205,0,0,0,0,0,0,0,2,0,0,0,0,0,0,0,2,0,0,0,0,0
spotify:track:40YbWniIEmqy6s58fYXLUh,Never Love Again,Eminem,Music To Be Murdered By,2,2,1135,0,0,0,0,0,0,0,2,0,0,0,0,0,0,0,2,0,0,0,0,0
spotify:track:6hBGIHTjFq48UkjeloBDAs,Headlights (feat. Nate Ruess),Eminem,Curtain Call 2,2,1,24090,0,0,0,0,0,0,0,1,0,0,1,0,1,0,0,1,0,0,0,0,0
spotify:track:6h5hNqTZRLlcRcFWsK6XhW,Lighters,Bad Meets Evil,Curtain Call 2,2,2,6585,0,0,0,0,0,0,0,2,0,0,0,0,0,0,0,2,0,0,0,0,0
spotify:track:6h3tuNzfvZHyPPCSndsw2u,Final Thought - Skit,Eminem,Encore,2,2,1906,0,0,0,0,0,1,0,1,0,0,0,0,0,0,0,1,1,0,0,0,0
spotify:track:6gBFPUFcJLzWGx4lenP6h2,goosebumps,Travis Scott,Birds In The Trap Sing McKnight,2,2,3478,0,0,0,0,0,2,0,0,0,0,0,0,0,0,0,0,2,0,0,0,0
spotify:track:6jz9EMWHffNKVlZQVXOLoz,Real Life,Duke Dumont,Real Life,2,2,17670,0,0,0,0,0,1,0,1,0,0,0,0,0,0,0,1,1,0,0,0,0
spotify:track:0KYeTrlyM0oF26jI6fWl4C,On Fire,Eminem,Recovery,2,2,174634,0,0,0,0,0,0,0,2,0,0,0,0,0,0,0,2,0,0,0,0,0
spotify:track:40fvlRGSBSEYWTgCpRyVqf,Beautiful,Christina Aguilera,Keeps Gettin' Better: A Decade of Hits,2,2,5946,0,0,0,0,0,1,0,1,0,0,0,0,0,0,0,1,1,0,0,0,0
spotify:track:0IvCciR4PxDgL0DDZcp5mf,Bloom,EDX,Bloom,2,2,10160,0,0,0,0,0,2,0,0,0,0,0,0,0,0,0,0,2,0,0,0,0
spotify:track:0HyDNYQmQ3obfA81D3y9tG,La genesi del tuo colore,Irama,La genesi del tuo colore,2,1,242544,1,0,0,0,0,0,0,1,0,0,1,0,0,0,0,1,0,0,0,0,1
spotify:track:6m0Dhg7ql8x17Dh03xWCFa,Sümmer Löve,Lucky Luke,Sümmer Löve,2,2,2840,0,0,0,0,0,1,0,1,0,0,0,0,0,0,0,1,1,0,0,0,0
spotify:track:6lwgqGc6R6WyOQ62lkxrH7,Medicine Ball,Eminem,Relapse [Deluxe],2,2,42834,0,0,0,0,0,0,0,2,0,0,0,0,0,0,0,2,0,0,0,0,0
spotify:track:6lrlFMu06aGPDH0phlCnct,Per dimenticare,Zero Assoluto,Sotto una pioggia di parole,2,1,51967,0,0,0,0,0,0,0,1,0,0,1,0,1,0,0,1,0,0,0,0,0
spotify:track:6pVGvA806ARxVIZfcJxWHd,We Made You,Eminem,Relapse [Deluxe],2,1,4114,0,0,0,0,0,0,0,2,0,0,0,0,1,0,0,1,0,0,0,0,0
spotify:track:2PFqkLmTU9k5CNLN6jMMmr,Love You More,Eminem,Encore,2,2,639,0,0,0,0,0,0,0,2,0,0,0,0,0,0,0,2,0,0,0,0,0
spotify:track:6osaMSJh9NguagEDQcZaKx,Loco Contigo (feat. J. Balvin & Tyga),DJ Snake,Carte Blanche,2,2,11950,0,0,0,0,0,0,0,2,0,0,0,0,0,0,0,2,0,0,0,0,0
spotify:track:6ojrj2NSj3EkMm05yiuaMG,Extasi,Fred De Palma,Extasi,2,1,175066,0,0,0,0,0,0,0,1,0,0,1,0,0,0,0,1,0,0,0,0,1
spotify:track:2PO4ThUKzIa4rBLsFkyInU,CLICK BOOM!,Rose Villain,CLICK BOOM!,2,2,11735,0,0,0,0,0,0,0,2,0,0,0,0,0,0,0,2,0,0,0,0,0
spotify:track:39jxR2xnmcBbkdPX9oNzsI,Bellissima,Annalisa,Bellissima,2,2,13837,0,0,0,0,0,0,0,2,0,0,0,0,0,0,0,2,0,0,0,0,0
spotify:track:2Q4Z2js0C6DDUVc7GuLGdF,SESSO E SAMBA (feat. Gaia),Tony Effe,ICON,2,2,31324,0,0,0,0,0,1,0,1,0,0,0,0,0,0,0,1,1,0,0,0,0
spotify:track:3B54sVLJ402zGa6Xm4YGNe,Unforgettable,French Montana,Jungle Rules,2,1,127240,1,0,0,0,0,0,0,1,0,0,1,0,1,0,0,0,1,0,0,0,0
spotify:track:6mVvHypAxQT1wxpduZPUp2,Candyman,Christina Aguilera,Keeps Gettin' Better: A Decade of Hits,2,2,5335,0,0,0,0,0,0,0,2,0,0,0,0,0,0,0,2,0,0,0,0,0
spotify:track:2QpGZOhTCHHiKmpSO9FW4h,Follow God,Kanye West,JESUS IS KING,2,2,13640,0,0,0,0,0,1,0,1,0,0,0,0,0,0,0,1,1,0,0,0,0
spotify:track:59o6ojGNGJOYiVJSzC6Lsa,Memories (feat. Kid Cudi) - 2021 Remix,David Guetta,Memories (feat. Kid Cudi),2,2,12420,0,0,0,0,0,1,0,1,0,0,0,0,0,0,0,1,1,0,0,0,0
spotify:track:3BovdzfaX4jb5KFQwoPfAw,Beat It,Michael Jackson,Thriller,2,2,5629,0,0,0,0,0,0,0,2,0,0,0,0,0,0,0,2,0,0,0,0,0
spotify:track:2SL6oP2YAEQbqsrkOzRGO4,Venom - Music From The Motion Picture,Eminem,Kamikaze,2,2,6433,0,0,0,0,0,0,0,2,0,0,0,0,0,0,0,2,0,0,0,0,0
spotify:track:6s3GEN8wK0OMzzzZbXj0fu,Hymn for the Weekend - Seeb Remix,Coldplay,Hymn for the Weekend,2,1,214297,1,0,0,0,0,1,0,0,0,0,1,0,0,0,0,0,1,0,0,0,1
spotify:track:59VFQQgqTmL8Rmm7zWECfx,My Fault,Eminem,The Slim Shady LP,2,2,1981,0,0,0,0,0,0,0,2,0,0,0,0,0,0,0,2,0,0,0,0,0
spotify:track:6r7FXNO57mlZCBY6PXcZZT,Five Hours,Deorro,Five Hours,2,2,10770,0,0,0,0,0,1,0,1,0,0,0,0,0,0,0,2,0,0,0,0,0
spotify:track:6qNXkVk19OYLu4CoqjDfZ0,Faccio un casino,Coez,Faccio un casino,2,1,194404,0,0,0,0,0,1,0,0,0,0,1,0,0,0,0,0,1,0,0,0,1
spotify:track:6qECCt8d4AQt0cEv307MLa,C’era Una Volta In Italia,Club Dogo,Club Dogo,2,2,12851,0,0,0,0,0,0,0,2,0,0,0,0,0,0,0,1,1,0,0,0,0
spotify:track:6pytDoBX1HFvOfhOL5H5hk,Le Freak - Oliver Heldens Remix,CHIC,Le Freak,2,2,9900,0,0,0,0,0,1,0,1,0,0,0,0,0,0,0,2,0,0,0,0,0
spotify:track:1pnDvUuAEd6z8bKEsbAjk1,We Don't Trust You,Future,WE DON'T TRUST YOU,2,2,6192,0,0,0,0,0,0,0,2,0,0,0,0,0,0,0,2,0,0,0,0,0
spotify:track:3CJbxqRQ0JNCqboWDNUUeX,"I Will (feat. KXNG Crooked, Royce Da 5'9"" & Joell Ortiz)",Eminem,Music To Be Murdered By,2,2,6646,0,0,0,0,0,0,0,2,0,0,0,0,0,0,0,2,0,0,0,0,0
spotify:track:0r4iLyCpW9e27ATCupFF64,Dynamite,Taio Cruz,Rokstarr,2,1,212333,1,0,0,0,0,0,0,1,0,0,1,0,0,0,0,1,0,0,0,0,1
spotify:track:2nA2F3JwEj3FoR9Pxgnkln,Lalala - Oliver Heldens Remix,Y2K,Lalala,2,2,31620,0,0,0,0,0,1,0,1,0,0,0,0,0,0,0,1,1,0,0,0,0
spotify:track:0nFCpnM7nistUWXRZpzOWM,HO PAURA DI USCIRE 2 - prod. Mace,MACHETE,MACHETE MIXTAPE 4,2,2,43155,0,0,0,0,0,0,0,2,0,0,0,0,0,0,0,2,0,0,0,0,0
spotify:track:0GWGZA5mxo9nHuSyrj70uo,When Love Takes Over (feat. Kelly Rowland),David Guetta,One More Love,2,2,184360,0,0,0,0,0,1,0,0,0,0,1,0,0,0,0,0,2,0,0,0,0
spotify:track:0GO8y8jQk1PkHzS31d699N,Tongue Tied,GROUPLOVE,Never Trust a Happy Song,2,2,5200,0,0,0,0,0,0,0,2,0,0,0,0,0,0,0,2,0,0,0,0,0
spotify:track:1PWOkqMORYdGa0OEh2GaXM,Notti In Bianco,BLANCO,Blu Celeste,2,1,181680,0,0,0,0,0,0,0,1,0,0,1,0,0,0,0,1,0,0,0,0,1
spotify:track:3qX1dqmDdmMvvfMVfsx4Bh,m.A.A.d city,Kendrick Lamar,"good kid, m.A.A.d city",2,2,204536,0,0,0,0,0,0,0,1,0,0,1,0,0,0,0,1,1,0,0,0,0
spotify:track:6y0Etr2KJr0sdcEp7ajoUK,Cosmic Girl - Remastered 2013,Jamiroquai,Travelling Without Moving,2,2,11260,0,0,0,0,0,0,0,2,0,0,0,0,0,0,0,2,0,0,0,0,0
spotify:track:2LEF1A8DOZ9wRYikWgVlZ8,Good Feeling,Flo Rida,Wild Ones,2,1,259053,0,0,0,0,0,0,0,1,0,0,1,0,0,0,0,1,0,0,0,0,1
spotify:track:2LKOHdMsL0K9KwcPRlJK2v,After Dark,Mr.Kitty,Time,2,2,9330,0,0,0,0,0,0,0,2,0,0,0,0,0,0,0,2,0,0,0,0,0
spotify:track:76B3Xb8EqIY4NJF5xoNrCH,Chiasso,Random,Montagne russe,2,2,15925,0,0,0,0,0,1,0,1,0,0,0,0,0,0,0,1,1,0,0,0,0
spotify:track:75izAeHlGuOgA865CFDyIv,For Free? - Interlude,Kendrick Lamar,To Pimp A Butterfly,2,2,2388,0,0,0,0,0,2,0,0,0,0,0,0,0,0,0,0,2,0,0,0,0
spotify:track:74gykWHknHDrg4eMdcmdRq,Farewell,Eminem,Music To Be Murdered By,2,2,1457,0,0,0,0,0,0,0,2,0,0,0,0,0,0,0,2,0,0,0,0,0
spotify:track:4lpmPsw2NIkfyL0NWDA3PN,Look Right Through - MK Vocal Edit,Storm Queen,Look Right Through (MK Vocal Edit),2,2,10540,0,0,0,0,0,1,0,1,0,0,0,0,0,0,0,1,1,0,0,0,0
spotify:track:2obQUZCZJttb5PHR3ANAZo,TALETE,AIELLO,TALETE,2,2,9087,0,0,0,0,0,0,0,2,0,0,0,0,0,0,0,2,0,0,0,0,0
spotify:track:0kcXZMVoH1q923xLM9OKf6,Black Nirvana,Elodie,Black Nirvana,2,2,31676,0,0,0,0,0,1,0,1,0,0,0,0,0,0,0,1,1,0,0,0,0
spotify:track:7221xIgOnuakPdLqT0F3nP,I Had Some Help (Feat. Morgan Wallen),Post Malone,I Had Some Help,2,2,17306,0,0,0,0,0,0,0,2,0,0,0,0,0,0,0,2,0,0,0,0,0
spotify:track:78TTtXnFQPzwqlbtbwqN0y,FourFiveSeconds,Rihanna,FourFiveSeconds,2,2,5837,0,0,0,0,0,0,0,2,0,0,0,0,0,0,0,2,0,0,0,0,0
spotify:track:77dgyxbuL53WfkLZU3fk3o,Ain't No Other Man,Christina Aguilera,Keeps Gettin' Better: A Decade of Hits,2,2,23127,0,0,0,0,0,0,0,1,0,0,1,0,0,0,0,2,0,0,0,0,0
spotify:track:14I61w6cyYUHiV2n28IYdP,Otis,JAY-Z,Watch The Throne,2,2,67580,0,0,0,0,0,1,0,1,0,0,0,0,0,0,0,1,1,0,0,0,0
spotify:track:0FLIBDpU2S5bb6TfMB4NuQ,Killer,Eminem,Music To Be Murdered By - Side B,2,2,379,0,0,0,0,0,0,0,2,0,0,0,0,0,0,0,2,0,0,0,0,0
spotify:track:0FDzzruyVECATHXKHFs9eJ,A Sky Full of Stars,Coldplay,Ghost Stories,2,0,535732,1,0,0,0,0,1,0,0,0,0,1,0,0,0,0,0,0,0,0,0,2
spotify:track:0EZMXJMWf0tLKRWwCiA6Sx,Let's Get High,Dr. Dre,2001,2,1,147824,0,0,0,0,0,0,0,1,0,0,1,0,0,0,0,1,0,0,0,0,1
spotify:track:0E5bmLyxyiHsmc82D5gsiY,Phi,Ernia,68,2,0,348000,1,0,0,0,0,1,0,0,0,0,1,0,0,0,0,0,0,0,0,0,2
spotify:track:0DiWol3AO6WpXZgp0goxAV,One More Time,Daft Punk,Discovery,2,2,28174,0,0,0,0,0,0,0,2,0,0,0,0,0,0,0,1,1,0,0,0,0
spotify:track:7CcoUAtUcYhUfBsmtn0ajO,Walk On Water (feat. Beyoncé),Eminem,Revival,2,2,2611,0,0,0,0,0,0,0,2,0,0,0,0,0,0,0,2,0,0,0,0,0
spotify:track:0CAfXk7DXMnon4gLudAp7J,Low (feat. T-Pain),Flo Rida,Mail on Sunday,2,1,237440,0,0,0,0,0,0,0,1,0,0,1,0,0,0,0,1,0,0,0,0,1
spotify:track:41sQhmjhPRrMv8jFKzJTRV,Petit Fou Fou (feat. ANNA),Rhove,Popolari,2,2,6902,0,0,0,0,0,0,0,2,0,0,0,0,0,0,0,2,0,0,0,0,0
spotify:track:0BZoZbffwUSf4cn9gdXX2S,La tipica ragazza italiana - Original Mix,DJ Matrix,La tipica ragazza italiana - EP,2,1,197170,1,0,0,0,0,0,0,1,0,0,1,0,0,0,0,1,0,0,0,0,1
spotify:track:3kcKlOkQQEPVwxwljbGJ5p,Kernkraft 400 (A Better Day),Topic,Kernkraft 400 (A Better Day),2,2,5790,0,0,0,0,0,0,0,2,0,0,0,0,0,0,0,2,0,0,0,0,0
spotify:track:7EQGXaVSyEDsCWKmUcfpLk,Die Young,Kesha,Warrior (Expanded Edition),2,1,212941,1,0,0,0,0,0,0,1,0,0,1,0,0,0,0,1,0,0,0,0,1
spotify:track:3aYEFedGDfaZnxj0ezWf44,HELLRAISERS,Salmo,CVLT - HELLRAISERS,2,2,3013,0,0,0,0,0,0,0,2,0,0,0,0,0,0,0,2,0,0,0,0,0
spotify:track:7Djpvy4lZJNI8rTOVLf1H7,3 a.m.,Eminem,Relapse: Refill,2,2,19719,0,0,0,0,0,0,0,1,0,0,1,0,0,0,0,2,0,0,0,0,0
spotify:track:14XAuSrVFla2uyMiYVwQtq,TÊTE (feat. Medy & VillaBanks),AVA,TÊTE (feat. Medy & VillaBanks),2,1,183174,0,0,0,0,0,0,0,1,0,0,1,0,0,0,0,1,0,0,0,0,1
spotify:track:7HW5WIw7ZgZORCzUxv5gW5,Don't Go Breaking My Heart,Elton John,Rock Of The Westies,2,1,287929,0,0,0,0,0,2,0,0,0,0,0,0,0,0,0,1,0,0,0,0,1
spotify:track:7F5dzHiZ8EmD8szZtaDZsQ,So Bad,Eminem,Recovery,2,2,2478,0,0,0,0,0,0,0,2,0,0,0,0,0,0,0,2,0,0,0,0,0
spotify:track:7F5Mmc4DlX6x5tW3u5zxwt,Work,Iggy Azalea,The New Classic,2,2,40093,0,0,0,0,0,0,0,2,0,0,0,0,0,0,0,2,0,0,0,0,0
spotify:track:1bZIs6zAOtFJLORZVojCUH,Ma non tutta la vita,Ricchi E Poveri,Ma non tutta la vita,2,2,59905,0,0,0,0,0,0,0,2,0,0,0,0,0,0,0,2,0,0,0,0,0
spotify:track:4oFtLSgHyZPNYDCcANhTnO,Institutionalized,Kendrick Lamar,To Pimp A Butterfly,2,2,23943,0,0,0,0,0,2,0,0,0,0,0,0,0,0,0,1,1,0,0,0,0
spotify:track:5GXAXm5YOmYT0kL5jHvYBt,I Feel It Coming,The Weeknd,Starboy,2,2,17460,0,0,0,0,0,1,0,1,0,0,0,0,0,0,0,2,0,0,0,0,0
spotify:track:7MMJa7cjMadOSR6CFWvB1x,La musica non c'è,Coez,Faccio un casino,2,1,224420,0,0,0,0,0,0,0,1,0,0,1,0,0,0,0,1,0,0,0,0,1
spotify:track:7MIhUdNJtaOnDmC5nBC1fb,Deep Down (feat. Never Dull),Alok,Deep Down (feat. Never Dull),2,2,19393,0,0,0,0,0,0,0,2,0,0,0,0,0,0,0,2,0,0,0,0,0
spotify:track:7L93GESzq43UkKUt5FsOCq,Jump Around - 30 Years Remaster,House Of Pain,House of Pain (Fine Malt Lyrics) [30 Years],2,2,21351,0,0,0,0,0,1,0,1,0,0,0,0,0,0,0,1,1,0,0,0,0
spotify:track:7L7QYf7S6wg6pseN2C0d6K,Gli occhi,Frah Quintale,Regardez moi,2,2,3463,0,0,0,0,0,1,0,1,0,0,0,0,0,0,0,1,1,0,0,0,0
spotify:track:7Ks4VCY1wFebnOdJrM13t6,Wesley's Theory,Kendrick Lamar,To Pimp A Butterfly,2,2,24628,0,0,0,0,0,0,0,2,0,0,0,0,0,0,0,0,2,0,0,0,0
spotify:track:7KPUNvu6Vvh3FBsWU2HjeD,This Is What You Are,Mario Biondi,Handful Of Soul,2,2,30542,1,0,0,0,0,1,0,1,0,0,0,0,0,0,0,1,1,0,0,0,0
spotify:track:7KA4W4McWYRpgf0fWsJZWB,See You Again (feat. Kali Uchis),"Tyler, The Creator",Flower Boy,2,1,23533,0,0,0,0,0,0,0,1,0,0,1,0,1,0,0,1,0,0,0,0,0
spotify:track:2OzhQlSqBEmt7hmkYxfT6m,Fortnight (feat. Post Malone),Taylor Swift,THE TORTURED POETS DEPARTMENT,2,2,13436,0,0,0,0,0,0,0,2,0,0,0,0,0,0,0,2,0,0,0,0,0
spotify:track:4rmK0BSBLMiwNJ6iwWXJm1,Outro,Thomas Chong,2001,2,1,24689,0,0,0,0,0,0,0,0,1,0,1,0,0,0,0,1,0,0,0,0,1
spotify:track:7bOavTG3jFHZ9ppyGfdz6O,Ken Kaniff - Skit,Eminem,The Marshall Mathers LP,2,1,13507,0,0,0,0,0,1,0,1,0,0,0,0,0,0,0,0,1,0,0,0,1
spotify:track:7b4vbqgzMhbFa0wdjfftQJ,One Kiss (with Dua Lipa) - Oliver Heldens Remix,Calvin Harris,One Kiss (with Dua Lipa) [Remixes],2,2,3190,0,0,0,0,0,2,0,0,0,0,0,0,0,0,0,0,2,0,0,0,0
spotify:track:5FF6Pyuh5jW6ybKHiaiGMy,Sherane a.k.a Master Splinter’s Daughter,Kendrick Lamar,"good kid, m.A.A.d city",2,2,33732,0,0,0,0,0,0,0,2,0,0,0,0,0,0,0,2,0,0,0,0,0
spotify:track:5EXLYWZGnmYC01H53WUAhi,Sono un bravo ragazzo un po' fuori di testa,Random,Montagne russe,2,2,87877,0,0,0,0,0,0,0,2,0,0,0,0,0,0,0,1,1,0,0,0,0
spotify:track:2KBRNUt33CrlaFPEz4bQYs,Favorite Bitch (feat. Ty Dolla $ign),Eminem,Music To Be Murdered By - Side B,2,2,6514,0,0,0,0,0,1,0,1,0,0,0,0,0,0,0,2,0,0,0,0,0
spotify:track:0hfBRQVuRT2R8KDwjjir1q,The Real Slim Shady - Instrumental,Eminem,The Marshall Mathers LP,2,2,4867,0,0,0,0,0,0,0,2,0,0,0,0,0,0,0,2,0,0,0,0,0
spotify:track:09FfQO3PqHO4HIJL511Ksi,Nice Guy (with Jessie Reyez),Eminem,Kamikaze,2,2,1369,0,0,0,0,0,0,0,2,0,0,0,0,0,0,0,2,0,0,0,0,0
spotify:track:2p5OyhSm5fS90n0Q7R3r6D,CRAZY LOVE,Marracash,"NOI, LORO, GLI ALTRI",2,2,3423,0,0,0,0,0,1,0,1,0,0,0,0,0,0,0,1,1,0,0,0,0
spotify:track:1bxEpNR75Hq3T2oF9AZjt8,u,Kendrick Lamar,To Pimp A Butterfly,2,2,9440,0,0,0,0,0,2,0,0,0,0,0,0,0,0,0,1,1,0,0,0,0
spotify:track:7hDVYcQq6MxkdJGweuCtl9,ocean eyes,Billie Eilish,dont smile at me,2,2,91131,0,0,0,0,0,1,0,1,0,0,0,0,0,0,0,1,1,0,0,0,0
spotify:track:1bxwBJATDPRf99OS9FF0vR,All That Glitters,Earl,Tongue Tied,2,2,8730,0,0,0,0,0,0,0,2,0,0,0,0,0,0,0,2,0,0,0,0,0
spotify:track:0fmBl9B10gwAna3YN4MnU6,Careful What You Wish For,Eminem,Relapse [Deluxe],2,2,9963,0,0,0,0,0,1,0,1,0,0,0,0,0,0,0,2,0,0,0,0,0
spotify:track:5N3hjp1WNayUPZrA8kJmJP,Please Please Please,Sabrina Carpenter,Please Please Please,2,2,17955,0,0,0,0,0,1,0,1,0,0,0,0,0,0,0,1,1,0,0,0,0
spotify:track:7fLzbEOBOae9lUnOwr7Tse,Memories (feat. Kid Cudi),David Guetta,One More Love,2,1,220413,0,0,0,0,0,0,0,1,0,0,1,0,0,0,0,1,0,0,0,0,1
spotify:track:7fH13hSOyNoeiDGbjEnTUC,Brivido,Guè,Bravo Ragazzo,2,1,229232,1,0,0,0,0,0,0,1,0,0,1,0,0,0,0,1,0,0,0,0,1
spotify:track:7kS2AVRk5Yj6BTj8PyJFfC,Paprika,Ghali,Paprika,2,2,10080,0,0,0,0,0,1,0,1,0,0,0,0,0,0,0,1,1,0,0,0,0
spotify:track:3me7fQdjgO8NHscb3xPaBa,BRAVI A CADERE - I polmoni,Marracash,Persona,2,0,200234,0,0,0,0,1,1,0,0,0,0,0,0,1,0,0,0,0,0,0,0,1
spotify:track:4rDbp1vnvEhieiccprPMdI,Somebody To Love - Remastered 2011,Queen,A Day At The Races,2,2,4130,0,0,0,0,0,1,0,1,0,0,0,0,0,0,0,1,1,0,0,0,0
spotify:track:1cEUi8QulMj1xgrPwwGC2p,Tone Deaf,Eminem,Music To Be Murdered By - Side B,2,2,3853,0,0,0,0,0,1,0,1,0,0,0,0,0,0,0,2,0,0,0,0,0
spotify:track:7leW1Dmvs9A4oDh9i5Qwpz,These Words,Badger,These Words,2,2,3116,0,0,0,0,0,0,0,2,0,0,0,0,0,0,0,2,0,0,0,0,0
spotify:track:08CLDBSQitOfSOMJXDUEHr,Movimento lento (feat. Federico Rossi),Annalisa,Movimento lento (feat. Federico Rossi),2,2,16076,0,0,0,0,0,0,0,2,0,0,0,0,0,0,0,2,0,0,0,0,0
spotify:track:1cS0TgbR263ey9jn0MwD2s,River (feat. Ed Sheeran),Eminem,Revival,2,2,1850,0,0,0,0,0,0,0,2,0,0,0,0,0,0,0,2,0,0,0,0,0
spotify:track:7nzsY8vlnKdvGOEE0rjAXZ,Arabella,Arctic Monkeys,AM,2,1,229766,0,0,0,0,0,0,0,2,0,0,0,0,0,0,0,1,0,0,0,0,1
spotify:track:5LhI8m7n8xlQmNe3b7Rwis,Madonna,Natanael Cano,Madonna,2,2,8444,0,0,0,0,0,0,0,2,0,0,0,0,0,0,0,2,0,0,0,0,0
spotify:track:5LZVK19ieaV8Mk9FsqTL3F,Ridere,Pinguini Tattici Nucleari,Fuori dall'Hype Ringo Starr,2,1,217653,1,0,0,0,0,0,0,1,0,0,1,0,0,0,0,1,0,0,0,0,1
spotify:track:4YrSnXW1BY4miMAFoNBiaE,Control,Zoe Wees,Golden Wings,2,2,15631,0,0,0,0,0,0,0,2,0,0,0,0,0,0,0,2,0,0,0,0,0
spotify:track:5LWZA5aRYBdO7FqcrKjfVs,polka 2 :-/,Rosa Chemical,FOREVER AND EVER,2,0,415522,0,0,0,0,0,0,0,0,0,0,2,0,0,0,0,0,0,0,0,0,2
spotify:track:7sKZWN4xVOSb4miTL1vRXx,Rock Bottom,Eminem,The Slim Shady LP,2,2,1551,0,0,0,0,0,0,0,2,0,0,0,0,0,0,0,2,0,0,0,0,0
spotify:track:5LDmD4cFF0C8BCf3tVvyBW,Beatrice (feat. Annalisa),Tedua,La Divina Commedia,2,2,29061,0,0,0,0,0,0,0,2,0,0,0,0,0,0,0,2,0,0,0,0,0
spotify:track:5KgbyD2lQQlIupAaPjgiXg,"Night Fever - From ""Saturday Night Fever"" Soundtrack",Bee Gees,Greatest,2,2,5553,0,0,0,0,0,0,0,0,1,0,1,0,0,0,0,0,2,0,0,0,0
spotify:track:7rK0iM6jwuo1oizdx8suQA,Is This Love ('09) (feat. 50 Cent),Eminem,Curtain Call 2,2,2,2090,0,0,0,0,0,0,0,2,0,0,0,0,0,0,0,2,0,0,0,0,0
spotify:track:4HE2Ex0bjbj3YNXmV01OoM,"Toccata and Fugue in D Minor, BWV 565: I. Toccata",Johann Sebastian Bach,"Bach, J.S.: Toccata and Fugue BWV 565; Organ Works BWV 572, 590, 532, 769 & 552",2,2,20985,0,0,0,0,0,0,0,2,0,0,0,0,0,0,0,2,0,0,0,0,0
spotify:track:7pLXlJltmvA6Rq3tNWx0bj,Time of the Season,The Zombies,Woodstock Generation,2,2,422170,0,0,0,0,0,0,0,2,0,0,0,0,0,0,0,2,0,0,0,0,0
spotify:track:5KGbRvZyVyKP2AEJMHErB4,Old Yellow Bricks,Arctic Monkeys,Favourite Worst Nightmare,2,1,211956,0,0,0,0,0,0,0,1,0,0,1,0,0,0,0,1,0,0,0,0,1
spotify:track:04OERuULAbFq54j25v5dZ4,Finesse - James Hype Remix; feat. Cardi B,Bruno Mars,Finesse (Remix) [feat. Cardi B],2,2,7540,0,0,0,0,0,0,0,2,0,0,0,0,0,0,0,1,1,0,0,0,0
spotify:track:39OnPNYhbOOkiWSUcSsZAP,Momentum,Don Diablo,FUTURE (Deluxe Edition),2,2,10710,0,0,0,0,0,1,0,1,0,0,0,0,0,0,0,1,1,0,0,0,0
spotify:track:04CyMEHliadfQWMUJb1w99,BURN,¥$,VULTURES 1,2,2,5770,0,0,0,0,0,1,0,1,0,0,0,0,0,0,0,1,1,0,0,0,0
spotify:track:3d9DChrdc6BOeFsbrZ3Is0,Under the Bridge,Red Hot Chili Peppers,Blood Sugar Sex Magik,2,2,62920,0,0,0,0,0,1,0,1,0,0,0,0,0,0,0,2,0,0,0,0,0
spotify:track:7sLpSWxQazJzDVG6YGzlVs,99 Problems,JAY-Z,The Black Album,2,2,11640,0,0,0,0,0,0,0,2,0,0,0,0,0,0,0,2,0,0,0,0,0
spotify:track:3NvS0SxNWIPiAJoPWUpZzr,"What Is Love - 7"" Mix",Haddaway,The Album 2nd Edition,2,2,3588,0,0,0,0,0,0,0,2,0,0,0,0,0,0,0,2,0,0,0,0,0
spotify:track:2H1047e0oMSj10dgp7p2VG,I Gotta Feeling,Black Eyed Peas,THE E.N.D. (THE ENERGY NEVER DIES),2,1,298293,0,0,0,0,0,1,0,0,0,0,1,0,0,0,0,1,0,0,0,0,1
spotify:track:2HCqVEz6R2FWiqoCSATZxC,Higher,Eminem,Curtain Call 2,2,2,3461,0,0,0,0,0,0,0,2,0,0,0,0,0,0,0,2,0,0,0,0,0
spotify:track:4qNWEOMyexn7b8Icyk29t9,Little Engine,Eminem,Music To Be Murdered By,2,2,1190,0,0,0,0,0,0,0,2,0,0,0,0,0,0,0,2,0,0,0,0,0
spotify:track:3YBWk0y7RjpqLCMJlsNPyZ,Bellissima,Annalisa,E POI SIAMO FINITI NEL VORTICE,2,2,11999,0,0,0,0,0,0,0,2,0,0,0,0,0,0,0,2,0,0,0,0,0
spotify:track:5NmL2zxnlt9GiTB2TQbvFM,8 Mile,Eminem,8 Mile,2,2,9419,0,0,0,0,0,0,0,2,0,0,0,0,0,0,0,2,0,0,0,0,0
spotify:track:7tldUICXp9StZFmayDxv1j,Parking Lot - Skit,Eminem,The Marshall Mathers LP2,2,1,56850,0,0,0,0,0,1,0,1,0,0,0,0,0,0,0,0,1,0,0,0,1
spotify:track:7snQQk1zcKl8gZ92AnueZW,Sweet Child O' Mine,Guns N' Roses,Appetite For Destruction,2,1,361651,0,0,0,0,0,2,0,0,0,0,0,0,0,0,0,0,1,0,0,0,1
spotify:track:3LWDPEXEaLBRGNLbdcbwBR,Mr. Saxobeat - Radio Edit,Alexandra Stan,Saxobeats,1,1,0,0,0,0,0,0,0,0,1,0,0,0,0,0,0,0,1,0,0,0,0,0
spotify:track:3LKGi5hi5jPeQLJQSi9N8E,Violet Hill,Coldplay,Viva La Vida (Prospekt's March Edition),1,1,430,0,0,0,0,0,1,0,0,0,0,0,0,0,0,0,0,1,0,0,0,0
spotify:track:3L2YOO6dDiB91M1AbQ0CCR,No Make-Up (Her Vice) (feat. Colin Munroe),Kendrick Lamar,Section.80,1,0,235921,0,0,0,0,0,0,0,0,0,0,1,0,0,0,0,0,0,0,0,0,1
spotify:track:3IaAYtmN8T0YIYVqnxNnVz,Bad Guy,Eminem,The Marshall Mathers LP2,1,1,467,0,0,0,0,0,0,0,1,0,0,0,0,0,0,0,1,0,0,0,0,0
spotify:track:3IV4swNduIRunHREK80owz,Rollin' (Air Raid Vehicle),Limp Bizkit,Chocolate Starfish And The Hot Dog Flavored Water,1,1,8671,0,0,0,0,0,0,0,1,0,0,0,0,0,0,0,1,0,0,0,0,0
spotify:track:3IDIpnV4qxCH9Sh9FvxHU8,Bad One,Eminem,The Death of Slim Shady (Coup De Grâce): Expanded Mourner’s Edition,1,1,927,0,0,0,0,0,0,0,1,0,0,0,0,0,0,0,1,0,0,0,0,0
spotify:track:3I9Hc2042AjwkkNBI9HWE1,Mi Gente - Dillon Francis Remix,J Balvin,Mi Gente,1,1,12650,0,0,0,0,0,1,0,0,0,0,0,0,0,0,0,1,0,0,0,0,0
spotify:track:3I0FBDc1c1BLNtXWKVjmFg,untitled 02 | 06.23.2014.,Kendrick Lamar,untitled unmastered.,1,1,5680,0,0,0,0,0,0,0,1,0,0,0,0,0,0,0,1,0,0,0,0,0
spotify:track:3QO7zoDums3r4dBVmSyPRE,2U (feat. Justin Bieber) - Tujamo Remix,David Guetta,2U (feat. Justin Bieber),1,1,10670,0,0,0,0,0,1,0,0,0,0,0,0,0,0,0,0,1,0,0,0,0
spotify:track:3QLjDkgLh9AOEHlhQtDuhs,Best I Ever Had,Drake,So Far Gone,1,1,5448,0,0,0,0,0,0,0,1,0,0,0,0,0,0,0,1,0,0,0,0,0
spotify:track:3Pbp7cUCx4d3OAkZSCoNvn,Scared To Start,Michael Marcagi,Scared To Start,1,1,3373,0,0,0,0,0,0,0,1,0,0,0,0,0,0,0,1,0,0,0,0,0
spotify:track:3PHVj8LcrqgZUhS5LPAHc8,Say To Me,WHTKD,Say To Me,1,1,2130,0,0,0,0,0,1,0,0,0,0,0,0,0,0,0,0,1,0,0,0,0
spotify:track:3OxL6MuctgZp1e0zxoAZhH,Young Metro,Future,WE DON'T TRUST YOU,1,1,7043,0,0,0,0,0,0,0,1,0,0,0,0,0,0,0,1,0,0,0,0,0
spotify:track:3O090PYVo1do7s3PMCoVoz,Misread,Kings of Convenience,Riot On An Empty Street,1,1,4280,0,0,0,0,0,0,0,1,0,0,0,0,0,0,0,1,0,0,0,0,0
spotify:track:3Nxw6eeFpBwUbxVuSY6NC0,Chillin',Modjo,Modjo,1,1,9770,0,0,0,0,0,0,0,1,0,0,0,0,0,0,0,1,0,0,0,0,0
spotify:track:3NPHIp7ULqyeb4ixMPaEN4,Vois sur ton chemin,Bruno Coulais,I Ragazzi del Coro (Colonna sonora del film),1,1,2800,0,0,0,0,0,0,0,1,0,0,0,0,0,0,0,1,0,0,0,0,0
spotify:track:3MjUtNVVq3C8Fn0MP3zhXa,...Baby One More Time,Britney Spears,...Baby One More Time (Digital Deluxe Version),1,1,209810,1,0,0,0,0,0,0,1,0,0,0,0,0,0,0,1,0,0,0,0,0
spotify:track:1SShxVVBeZBCY7WddnksPz,Gypsy Woman (She's Homeless) (La Da Dee La Da Da) - Basement Boy Strip To The Bone Mix,Crystal Waters,Surprise,1,1,4293,0,0,0,0,0,0,0,1,0,0,0,0,0,0,0,1,0,0,0,0,0
spotify:track:1Rt10mmWpCNEsA4MRpO7o0,Hazardous Youth - A Cappella,Eminem,The Slim Shady LP,1,1,0,0,0,0,0,0,0,0,1,0,0,0,0,0,0,0,1,0,0,0,0,0
spotify:track:1RpYaDpoVelSpkVHj2yNYv,Akwaba,Magic System,Akwaba,1,1,7699,0,0,0,0,0,0,0,1,0,0,0,0,0,0,0,1,0,0,0,0,0
spotify:track:1R7eMSKgatyWobFUdbXgpL,TIME MOVING SLOW,¥$,VULTURES 2,1,0,84580,0,0,0,0,0,0,0,0,0,0,1,0,1,0,0,0,0,0,0,0,0
spotify:track:1QxxBUAx42J8pIFYJJR880,Pretty Slowly,Benson Boone,Pretty Slowly,1,1,10750,0,0,0,0,0,1,0,0,0,0,0,0,0,0,0,0,1,0,0,0,0
spotify:track:1QbOvACeYanja5pbnJbAmk,"Take Me Home, Country Roads",John Denver,"The John Denver Collection, Vol 1: Take Me Home Country Roads",1,1,117342,1,0,0,0,0,0,0,0,0,0,1,0,0,0,0,1,0,0,0,0,0
spotify:track:1QFh8OH1e78dGd3VyJZCAC,Boys Don't Cry,The Cure,Three Imaginary Boys,1,1,15100,0,0,0,0,0,0,0,0,0,1,0,0,0,0,0,1,0,0,0,0,0
spotify:track:1Pw5C4N6Fn5E4mGCxmbbVa,Say You Won't Let Go,James Arthur,Say You Won't Let Go,1,0,211240,1,0,0,0,0,0,0,0,0,0,1,0,0,0,0,0,0,0,0,0,1
spotify:track:1PvfQiZRveTshlkprX8D7n,MALATI DI GIOIA,SARAFINE,MALATI DI GIOIA,1,1,23380,0,0,0,0,0,0,0,1,0,0,0,0,0,0,0,1,0,0,0,0,0
spotify:track:3RQ3NtcrW4MJZiXq5p4Hzp,Back to You,JLV,Back to You,1,1,13220,0,0,0,0,0,1,0,0,0,0,0,0,0,0,0,0,1,0,0,0,0
spotify:track:3RKjTYlQrtLXCq5ncswBPp,"Hey, Mickey!",Baby Tate,"Hey, Mickey!",1,1,8718,0,0,0,0,0,0,0,1,0,0,0,0,0,0,0,1,0,0,0,0,0
spotify:track:3RKLJPyyMZfwebsePAzqjL,"I'm Good Luv, Enjoy.",Aaron May,CHASE,1,1,59849,0,0,0,0,0,0,0,0,0,0,1,0,0,0,0,0,1,0,0,0,0
spotify:track:3UP0V1fn3LTTRjheC2SNVk,Pensavo fosse amore e invece... (feat. Guè),Fedez,Sig. Brainwash - L'arte di accontentare,1,0,263026,1,0,0,0,0,0,0,0,0,0,1,0,0,0,0,0,0,0,0,0,1
spotify:track:3UN6cIn3VIyg0z1LCuFSum,Without You (feat. Usher),David Guetta,Nothing but the Beat,1,1,12360,0,0,0,0,0,0,0,1,0,0,0,0,0,0,0,1,0,0,0,0,0
spotify:track:3U8TFdchz8dK1nYYgZgd9f,ABISSALE,Tananai,"RAVE, ECLISSI",1,1,10084,0,0,0,0,0,0,0,1,0,0,0,0,0,0,0,1,0,0,0,0,0
spotify:track:3U5JVgI2x4rDyHGObzJfNf,Unwritten,Natasha Bedingfield,Unwritten,1,1,244763,1,0,0,0,0,0,0,1,0,0,0,0,0,0,0,1,0,0,0,0,0
spotify:track:3TroPqAzL17rgPKUE4mLfr,Children,Rudeejay,Four By Four EP,1,1,4240,0,0,0,0,0,1,0,0,0,0,0,0,0,0,0,0,1,0,0,0,0
spotify:track:3To8zpX92dTdhtORefjgyV,DIAMANTI GREZZI,CLARA,DIAMANTI GREZZI,1,1,4320,0,0,0,0,0,0,0,1,0,0,0,0,0,0,0,1,0,0,0,0,0
spotify:track:3Tk7eEuh7bMDIAdYfSG3tb,KARMA,The Kolors,KARMA,1,1,15730,0,0,0,0,0,0,0,1,0,0,0,0,0,0,0,1,0,0,0,0,0
spotify:track:3Ti0GdlrotgwsAVBBugv0I,Can I Kick It?,A Tribe Called Quest,People's Instinctive Travels and the Paths of Rhythm (25th Anniversary Edition),1,1,14740,0,0,0,0,0,0,0,1,0,0,0,0,0,0,0,1,0,0,0,0,0
spotify:track:3ThpS8qAiT6jsaX0suYEQ1,Faccio after,Il Pagante,Entro in pass,1,1,1970,0,0,0,0,0,1,0,0,0,0,0,0,0,0,0,0,1,0,0,0,0
spotify:track:3TI7sMXWt5lu89VGCa7q1k,ABC (feat. Tony Boy & thasup),ANNA,VERA BADDIE,1,1,1296,0,0,0,0,0,0,0,1,0,0,0,0,0,0,0,1,0,0,0,0,0
spotify:track:3THFKx88trZuOFlssVLJ5G,Broken,Gorillaz,Plastic Beach,1,1,109563,0,0,0,0,0,0,0,0,0,0,1,0,0,0,0,1,0,0,0,0,0
spotify:track:3TFyvBYEHq7cfdmIYD6RMG,Summertime,The Zombies,Begin Here,1,1,1070,0,0,0,0,0,1,0,0,0,0,0,0,0,0,0,0,1,0,0,0,0
spotify:track:3TCauNPqFiniaYHBvEVoHG,Beautiful,Christina Aguilera,Stripped,1,1,22960,0,0,0,0,0,0,0,0,0,0,1,0,0,0,0,1,0,0,0,0,0
spotify:track:3SjUlGU736ypSJHscexz8W,The Girl Is Mine (feat. Destiny's Child & Brandy) - Club Mix,99 Souls,The Girl Is Mine featuring Destiny's Child & Brandy (Remixes) - EP,1,1,2300,0,0,0,0,0,0,0,1,0,0,0,0,0,0,0,0,1,0,0,0,0
spotify:track:3RirAPk4n97ftP5BFDTXHf,Fanno Bam - Gabry Ponte Mix,DJ Matrix,Fanno Bam,1,1,5220,0,0,0,0,0,0,0,1,0,0,0,0,0,0,0,1,0,0,0,0,0
spotify:track:3XwbooLtQMxO18LHNQtUT6,Cratere,Frah Quintale,Regardez moi,1,1,0,0,0,0,0,0,1,0,0,0,0,0,0,0,0,0,0,1,0,0,0,0
spotify:track:3XqufDF4TZWPH8bjptbxN6,Runaway - Remastered 2006,Jamiroquai,Driving Songs,1,1,51685,0,0,0,0,0,1,0,0,0,0,0,0,0,0,0,0,1,0,0,0,0
spotify:track:3WpHqtFUwzIQBsV9YC5iNc,Guns Blazing (feat. Dr. Dre & Sly Pyper),Eminem,Music To Be Murdered By - Side B,1,1,833,0,0,0,0,0,0,0,1,0,0,0,0,0,0,0,1,0,0,0,0,0
spotify:track:3WkjBJhPATpNsUF7rGSOwo,10K Scale,Tananai,Piccoli Boati,1,1,3987,0,0,0,0,0,0,0,1,0,0,0,0,0,0,0,1,0,0,0,0,0
spotify:track:3WW5aPbiVEeRGOSQ8Ax1AA,i like the way you kiss me,midnight Berlin,i like the way you kiss me,1,1,4089,0,0,0,0,0,0,0,1,0,0,0,0,0,0,0,1,0,0,0,0,0
spotify:track:3W2ZcrRsInZbjWylOi6KhZ,You & Me - Flume Remix,Disclosure,Settle - Special Edition,1,1,2560,0,0,0,0,0,0,0,1,0,0,0,0,0,0,0,0,1,0,0,0,0
spotify:track:3Vr3zh0r7ALn8VLqCiRR10,Stargazing,Myles Smith,Stargazing,1,1,5479,0,0,0,0,0,0,0,1,0,0,0,0,0,0,0,1,0,0,0,0,0
spotify:track:3Vevii7qKqrmW8CcyzBHDl,"So Long, London",Taylor Swift,THE TORTURED POETS DEPARTMENT,1,1,7550,0,0,0,0,0,0,0,1,0,0,0,0,0,0,0,1,0,0,0,0,0
spotify:track:3Vby4nGmtbDo7HDJamOWkT,Stuck In The Middle With You,Stealers Wheel,Stealers Wheel,1,0,208946,0,0,0,0,0,0,0,0,0,0,1,0,0,0,0,0,0,0,0,0,1
spotify:track:3V45D1XTTyVZFN3liYuik6,Black & Gold,Sam Sparro,Black & Gold,1,1,14940,0,0,0,0,0,0,0,0,0,1,0,0,0,0,0,1,0,0,0,0,0
spotify:track:3UrGEZVC2bbMfVcI0DGOlB,Hey Tonight,Creedence Clearwater Revival,Pendulum,1,1,13120,0,0,0,0,0,0,0,0,0,1,0,0,0,0,0,1,0,0,0,0,0
spotify:track:1O2DrCuORLOtxAwZ3kc0aC,Cerveza,Il Pagante,Cerveza,1,1,1640,0,0,0,0,0,1,0,0,0,0,0,0,0,0,0,1,0,0,0,0,0
spotify:track:1NkwZ9TnIs8js6G0M6M7RU,Kissing Strangers,DNCE,Kissing Strangers,1,1,700,0,0,0,0,0,0,0,1,0,0,0,0,0,0,0,1,0,0,0,0,0
spotify:track:1NOgYyLQJpQ9Ntyn5GnRjr,Shake That - Radio Edit,Eminem,Shake That,1,0,2023,0,0,0,0,0,0,0,1,0,0,0,0,1,0,0,0,0,0,0,0,0
spotify:track:1NCuYqMc8hKMb4cpNTcJbD,Another Day in Paradise - 2016 Remaster,Phil Collins,...But Seriously,1,1,13430,0,0,0,0,0,0,0,1,0,0,0,0,0,0,0,1,0,0,0,0,0
spotify:track:1N46SW28bpacvXmNYP6PTB,"Acqua azzurra, acqua chiara",Lucio Battisti,Emozioni,1,0,213520,0,0,0,0,0,0,0,0,0,0,1,0,0,0,0,0,0,0,0,0,1
spotify:track:1MacTjwDw34gkP7HB2dbRZ,There's Only One (feat. Mary J. Blige),Busta Rhymes,Genesis,1,1,5090,0,0,0,0,0,0,0,1,0,0,0,0,0,0,0,1,0,0,0,0,0
spotify:track:1MTpRBLniy6298BCdyKUfQ,FOREVER ROLLING,¥$,VULTURES 2,1,1,3632,0,0,0,0,0,0,0,1,0,0,0,0,0,0,0,1,0,0,0,0,0
spotify:track:1M8t1j3Kv2qp97bdq5q4Vl,Rainfall (Praise You),Tom Santa,Rainfall (Praise You),1,1,5452,0,0,0,0,0,0,0,1,0,0,0,0,0,0,0,1,0,0,0,0,0
spotify:track:1LY3GhF0zxIVgbYEQjCbUO,The Sound of Silence - CYRIL Remix,Disturbed,The Sound of Silence (CYRIL Remix),1,1,5410,0,0,0,0,0,0,0,1,0,0,0,0,0,0,0,1,0,0,0,0,0
spotify:track:3YFAjMbTAyOvrnzmsGK8Zq,Clash,Alesso,Clash,1,1,6940,0,0,0,0,0,1,0,0,0,0,0,0,0,0,0,1,0,0,0,0,0
spotify:track:3YB6nCSuFqNiqOvPtAPK9X,Be My Lover,La Bouche,Sweet Dreams,1,1,8880,0,0,0,0,0,1,0,0,0,0,0,0,0,0,0,0,1,0,0,0,0
spotify:track:3cuUZnjDwk4cUJCFinYbAC,Free Fall (feat. J. Cole),Tems,Born in the Wild,1,1,4930,0,0,0,0,0,1,0,0,0,0,0,0,0,0,0,0,1,0,0,0,0
spotify:track:3cGuiySfwJPXqvE15OiEEg,Tran Tran,Sfera Ebbasta,Rockstar,1,0,219733,0,0,0,0,0,1,0,0,0,0,0,0,0,0,0,0,0,0,0,0,1
spotify:track:3c8iiZGfEammKJuWTErE5x,Ain't Nobody (Loves Me Better) (feat. Jasmine Thompson),Felix Jaehn,I,1,1,6110,0,0,0,0,0,0,0,1,0,0,0,0,0,0,0,1,0,0,0,0,0
spotify:track:3bnVBN67NBEzedqQuWrpP4,Tear in My Heart,Twenty One Pilots,Blurryface,1,1,17620,0,0,0,0,0,0,0,1,0,0,0,0,0,0,0,1,0,0,0,0,0
spotify:track:3bMNprrp2JDKZsGbiXpsJl,My Chick Bad,Ludacris,Battle Of The Sexes,1,1,8060,0,0,0,0,0,0,0,1,0,0,0,0,0,0,0,1,0,0,0,0,0
spotify:track:3bC1ahPIYt1btJzSSEyyrF,Whistle,Flo Rida,Wild Ones,1,0,224653,0,0,0,0,0,0,0,0,0,0,1,0,0,0,0,0,0,0,0,0,1
spotify:track:3bBE6dotfVu7eUeMdDe74a,Money For Nothing - Single Edit / Remastered 2022,Dire Straits,Money For Nothing,1,1,47050,0,0,0,0,0,1,0,0,0,0,0,0,0,0,0,0,1,0,0,0,0
spotify:track:3aw9iWUQ3VrPQltgwvN9Xu,Family Affair,Mary J. Blige,No More Drama,1,1,263105,1,0,0,0,0,0,0,1,0,0,0,0,0,0,0,1,0,0,0,0,0
spotify:track:3aIhJDHxr1kgTSnutJxPTH,Peanut Butter Jelly,Galantis,Pharmacy,1,1,4040,0,0,0,0,0,1,0,0,0,0,0,0,0,0,0,1,0,0,0,0,0
spotify:track:3a6PN6BRB8PP3ms48s7kU1,Empire Ants (feat. Little Dragon),Gorillaz,Plastic Beach,1,1,13470,0,0,0,0,0,0,0,1,0,0,0,0,0,0,0,0,1,0,0,0,0
spotify:track:3a6HiYdQXYrMERDWgTEeIw,Gli Ostacoli Del Cuore,A-Clark,Gli Ostacoli Del Cuore,1,1,2864,0,0,0,0,0,0,0,1,0,0,0,0,0,0,0,1,0,0,0,0,0
spotify:track:1Oi2zpmL81Q0yScF1zxaC0,"Bills, Bills, Bills",Destiny's Child,The Writing's On The Wall,1,1,1370,0,0,0,0,0,0,0,0,0,0,1,0,0,0,0,1,0,0,0,0,0
spotify:track:3g6ejyAz7jwE6MitrKCMVY,PARAFULMINI (con Bresh & Fabri Fibra),Ernia,IO NON HO PAURA,1,1,3828,0,0,0,0,0,0,0,1,0,0,0,0,0,0,0,1,0,0,0,0,0
spotify:track:3fIB4IEcvjlzItwnFUvIBk,BUBBLE (feat. thasup & Salmo),Takagi & Ketra,BUBBLE (feat. thasup & Salmo),1,1,5930,0,0,0,0,0,0,0,1,0,0,0,0,0,0,0,1,0,0,0,0,0
spotify:track:3fFzwItCBsslMUGtjz1idG,Tre Parole,Valeria Rossi,Ricordatevi Dei Fiori,1,0,222453,0,0,0,0,0,0,0,0,0,0,1,0,0,0,0,0,0,0,0,0,1
spotify:track:3elLXGwE5zaREuOzWdlRJ2,Domani ci passa,Ludwig,Domani ci passa,1,1,4120,0,0,0,0,0,0,0,1,0,0,0,0,0,0,0,1,0,0,0,0,0
spotify:track:3eh51r6rFWAlGQRlHx9QnQ,Push Ups,Drake,Push Ups,1,1,2200,0,0,0,0,0,0,0,1,0,0,0,0,0,0,0,1,0,0,0,0,0
spotify:track:3egjuPVUzezaaKSu21wDIb,Evil,Eminem,The Death of Slim Shady (Coup De Grâce): Expanded Mourner’s Edition,1,1,673,0,0,0,0,0,0,0,1,0,0,0,0,0,0,0,1,0,0,0,0,0
spotify:track:3eXWV1uA3nvY70qV62uXq6,NON SONO MARRA - La pelle (feat. Mahmood),Marracash,Persona,1,1,4191,0,0,0,0,0,0,0,0,0,0,1,0,0,0,0,0,1,0,0,0,0
spotify:track:3eAjS25afRXGFSyjPQo7l2,Bocca di rosa,Fabrizio De André,Volume 1,1,0,185386,0,0,0,0,0,0,0,0,0,0,1,0,0,0,0,0,0,0,0,0,1
spotify:track:3dj4wgM3cPeuLwMNHDuBon,The Door,Teddy Swims,I've Tried Everything But Therapy (Part 1),1,1,212648,1,0,0,0,0,0,0,1,0,0,0,0,0,0,0,1,0,0,0,0,0
spotify:track:3jlbL2OTD5YmIunYzgQTAN,Live Your Life,T.I.,Paper Trail,1,1,15773,0,0,0,0,0,0,0,0,0,0,1,0,0,0,0,0,1,0,0,0,0
spotify:track:3jdh7YQBCxykbhL7z0Ehu5,Runnin' (Dying To Live),2Pac,Resurrection,1,1,2300,0,0,0,0,0,0,0,1,0,0,0,0,0,0,0,1,0,0,0,0,0
spotify:track:3jVSV60WZE5jPE2a6KGNFy,Get Right,Jennifer Lopez,Rebirth,1,0,840,0,0,0,0,0,1,0,0,0,0,0,0,1,0,0,0,0,0,0,0,0
spotify:track:3jHdKaLCkuNEkWcLVmQPCX,BEST INTEREST,"Tyler, The Creator",BEST INTEREST,1,1,7381,0,0,0,0,0,0,0,0,0,0,1,0,0,0,0,0,1,0,0,0,0
spotify:track:3j3XiRDNkaUfINMB99hphS,I'm Shady,Eminem,The Slim Shady LP,1,1,1320,0,0,0,0,0,0,0,1,0,0,0,0,0,0,0,1,0,0,0,0,0
spotify:track:3iw6V4LH7yPj1ESORX9RIN,Wellerman - Sea Shanty / 220 KID x Billen Ted Remix,Nathan Evans,Wellerman,1,0,116750,1,0,0,0,0,0,0,0,0,0,1,0,0,0,0,0,0,0,0,0,1
spotify:track:3hsmbFKT5Cujb5GQjqEU39,Look At Me Now (feat. Lil' Wayne & Busta Rhymes),Chris Brown,F.A.M.E. (Expanded Edition),1,1,791,0,0,0,0,0,0,0,1,0,0,0,0,0,0,0,1,0,0,0,0,0
spotify:track:3hL4XmNfqWcqngSYaMgFR6,The Giver (Reprise),Duke Dumont,The Giver (Reprise),1,1,600,0,0,0,0,0,1,0,0,0,0,0,0,0,0,0,0,1,0,0,0,0
spotify:track:3h4VkSxRB1YCAS0FsxhV4J,Due,Elodie,Due,1,1,1610,0,0,0,0,0,0,0,1,0,0,0,0,0,0,0,1,0,0,0,0,0
spotify:track:3h043RAJ7tKaG1HDFeet6w,Hace Calor - Remix,Kaleb Di Masi,Hace Calor,1,1,1820,0,0,0,0,0,0,0,1,0,0,0,0,0,0,0,1,0,0,0,0,0
spotify:track:3gxEZXUjrNbl3TlSrTGbR5,Modern Love - 2018 Remaster,David Bowie,Let's Dance,1,1,13840,0,0,0,0,0,0,0,0,0,1,0,0,0,0,0,1,0,0,0,0,0
spotify:track:3gtQVmIBPhXkJoGZ6NVWeA,Intro (with Bianca Atzei),J-AX,Il bello d'esser brutti Multiplatinum Edition,1,0,271880,1,0,0,0,0,0,0,0,0,0,1,0,0,0,0,0,0,0,0,0,1
spotify:track:3gRlmtdCyNoKiyozn2pqc9,Mathematics,Mos Def,Black On Both Sides,1,1,19380,0,0,0,0,0,0,0,1,0,0,0,0,0,0,0,1,0,0,0,0,0
spotify:track:1LPGNTuBxFsfy0KFtU4WAW,Worship,Duke Dumont,"For Club Play Only, Pt. 4",1,1,1210,0,0,0,0,0,1,0,0,0,0,0,0,0,0,0,0,1,0,0,0,0
spotify:track:1KQymTxNJfWk6vCD5ywKW2,Da Art of Storytellin' (Pt. 1),Outkast,Aquemini,1,1,2420,0,0,0,0,0,1,0,0,0,0,0,0,0,0,0,0,1,0,0,0,0
spotify:track:1K9qAxGT4cWUicf2OezSen,VETRI NERI,AVA,VETRI NERI,1,1,4580,0,0,0,0,0,1,0,0,0,0,0,0,0,0,0,0,1,0,0,0,0
spotify:track:1K7F3Xj4TelSMeC0GKFu2j,Runnin' - Radio Mix,EDX,Runnin',1,1,6700,0,0,0,0,0,1,0,0,0,0,0,0,0,0,0,0,1,0,0,0,0
spotify:track:1K5KBOgreBi5fkEHvg5ap3,Life Is Good (feat. Drake),Future,High Off Life,1,1,170,0,0,0,0,0,0,0,1,0,0,0,0,0,0,0,1,0,0,0,0,0
spotify:track:1JzC9MScDhIomsiRIZYJO8,Make Her Say,Kid Cudi,Man On The Moon: The End Of Day,1,1,13370,0,0,0,0,0,0,0,0,0,0,1,0,0,0,0,0,1,0,0,0,0
spotify:track:1Jmqubf9kGkWeYQXQKImL5,People Are Strange,The Doors,Strange Days,1,1,88024,0,0,0,0,0,1,0,0,0,0,0,0,0,0,0,0,1,0,0,0,0
spotify:track:1IkzT4wzFJRbFOmKOSqTen,EPISODIO D'AMORE,Geolier,DIO LO SA,1,1,17350,0,0,0,0,0,0,0,0,0,1,0,0,0,0,0,0,1,0,0,0,0
spotify:track:1IjxCFAyR1ysajk10iHsKh,"Bitch, Don’t Kill My Vibe - International Remix / Explicit Version",Kendrick Lamar,"good kid, m.A.A.d city",1,1,1170,0,0,0,0,0,0,0,1,0,0,0,0,0,0,0,1,0,0,0,0,0
spotify:track:1Ia2pWls0xmcvZmtqZ3Ksn,Open Bar,Il Pagante,Devastante,1,1,81940,0,0,0,0,0,1,0,0,0,0,0,0,0,0,0,0,1,0,0,0,0
spotify:track:3kq3UY1GYNX7M481akZpan,TEN FREAKY GIRLS,Dot Rotten,808s & GUNSHOTS,1,1,4508,0,0,0,0,0,0,0,1,0,0,0,0,0,0,0,1,0,0,0,0,0
spotify:track:3ki4qt24MTfhk0iruUCpSR,FRAGILI,Il Tre,INVISIBILI,1,1,12897,0,0,0,0,0,0,0,1,0,0,0,0,0,0,0,1,0,0,0,0,0
spotify:track:3qveldARTV9Mk17yTvYZ5l,CVDM,Fabri Fibra,Fenomeno (Masterchef EP),1,0,324000,0,0,0,0,0,1,0,0,0,0,0,0,0,0,0,0,0,0,0,0,1
spotify:track:3qrvSuPKDOAYzQWoV8FVJb,Work,Iggy Azalea,The New Classic,1,1,0,0,0,0,0,0,0,0,1,0,0,0,0,0,0,0,1,0,0,0,0,0
spotify:track:3qQbCzHBycnDpGskqOWY0E,Ella Baila Sola,Eslabon Armado,DESVELADO,1,1,35280,0,0,0,0,0,0,0,0,0,1,0,0,0,0,0,1,0,0,0,0,0
spotify:track:3opVsyWVYEAFK9bJAG8Opa,Boom Boom Pow,Black Eyed Peas,THE E.N.D. (THE ENERGY NEVER DIES),1,1,8570,0,0,0,0,0,0,0,1,0,0,0,0,0,0,0,0,1,0,0,0,0
spotify:track:3oDFtOhcN08qeDPAK6MEQG,Boom Boom Pow,Black Eyed Peas,THE E.N.D. (THE ENERGY NEVER DIES),1,1,32042,0,0,0,0,0,1,0,0,0,0,0,0,0,0,0,0,1,0,0,0,0
spotify:track:3nqQXoyQOWXiESFLlDF1hG,Unholy (feat. Kim Petras),Sam Smith,Unholy (feat. Kim Petras),1,0,156943,0,0,0,0,0,0,0,0,0,0,1,0,0,0,0,0,0,0,0,0,1
spotify:track:3mMjLv3IyxlEKmXg3JxCI5,Rubami la Notte,Pinguini Tattici Nucleari,Fake News,1,1,2750,0,0,0,0,0,0,0,1,0,0,0,0,0,0,0,1,0,0,0,0,0
spotify:track:3lmebIvU89RA5336bjBIaQ,Light My Body Up (feat. Nicki Minaj & Lil Wayne) - Tujamo Remix,David Guetta,Light My Body Up (feat. Nicki Minaj & Lil Wayne),1,1,2800,0,0,0,0,0,1,0,0,0,0,0,0,0,0,0,1,0,0,0,0,0
spotify:track:3lIxtCaROdRDuTnNBDm3n2,She's My Collar (feat. Kali Uchis),Gorillaz,Humanz,1,1,1300,0,0,0,0,0,0,0,1,0,0,0,0,0,0,0,1,0,0,0,0,0
spotify:track:3lCkk0p5M3MdWUd2LC90HG,Nobody Does It Better,Michael Calfan,100 Greatest Motivation Songs,1,1,2740,0,0,0,0,0,1,0,0,0,0,0,0,0,0,0,0,1,0,0,0,0
spotify:track:3lBRNqXjPp2j3JMTCXDTNO,Best Thing I Never Had,Beyoncé,4,1,1,9360,0,0,0,0,0,0,0,0,0,1,0,0,0,0,0,1,0,0,0,0,0
spotify:track:3ueGWDwh5tMsoKjxJnUFcB,Courmayeur,DJ Matrix,Courmayeur,1,1,12120,0,0,0,0,0,1,0,0,0,0,0,0,0,0,0,1,0,0,0,0,0
spotify:track:3uaQK6iP56b0oVzFWUO6mn,GASOLINA,ANNA,GASOLINA,1,1,2180,0,0,0,0,0,1,0,0,0,0,0,0,0,0,0,0,1,0,0,0,0
spotify:track:3twPYZvOOoVjLx5BclA2mT,Fino All'Alba,Capo Plaza,FERITE,1,1,12270,0,0,0,0,0,0,0,1,0,0,0,0,0,0,0,1,0,0,0,0,0
spotify:track:3rvEwBi1mFFHqCnkrGmnWp,Unforgettable,Robin Schulz,Uncovered,1,1,1580,0,0,0,0,0,1,0,0,0,0,0,0,0,0,0,0,1,0,0,0,0
spotify:track:3rb0tMq42WfggucPm0HHkA,Bad Memories (feat. Elley Duhé & FAST BOY),MEDUZA,Bad Memories (feat. Elley Duhé & FAST BOY),1,1,1622,0,0,0,0,0,0,0,1,0,0,0,0,0,0,0,1,0,0,0,0,0
spotify:track:3rAvsg2npEEGeaGckpqmW9,Tattica,Fulminacci,Tante care cose,1,1,15330,0,0,0,0,0,0,0,1,0,0,0,0,0,0,0,1,0,0,0,0,0
spotify:track:3r2tnITVum2KF1vLG7cXGa,7 Miliardi,Massimo Pericolo,Scialla Semper,1,0,167089,0,0,0,0,0,0,0,0,0,0,1,0,0,0,0,0,0,0,0,0,1
spotify:track:3qyidNdb5QNHLxAFJzTn6P,APNEA,Emma,APNEA,1,1,22540,0,0,0,0,0,0,0,1,0,0,0,0,0,0,0,1,0,0,0,0,0
spotify:track:1HrMWH5GUdK6Yi94rbANJA,Cola,CamelPhat,Cola,1,0,190426,0,0,0,0,0,0,0,0,0,0,1,0,1,0,0,0,0,0,0,0,0
spotify:track:1HFfMOxCAT4GAwaPfCdmUs,Waves - Robin Schulz Radio Edit,Mr. Probz,Waves,1,0,208133,1,0,0,0,0,0,0,0,0,0,1,0,0,0,0,0,0,0,0,0,1
spotify:track:1HCwbTHBvC4XCIC417NB5k,CLICK BOOM!,Rose Villain,RADIO SAKURA,1,1,2191,0,0,0,0,0,0,0,1,0,0,0,0,0,0,0,1,0,0,0,0,0
spotify:track:1HCw8XKtTgWWU3JlEUR0qQ,Bailar (feat. Elvis Crespo) - Radio Edit,Deorro,Good Evening,1,1,11780,0,0,0,0,0,0,0,1,0,0,0,0,0,0,0,1,0,0,0,0,0
spotify:track:1Gkxhw3pozHZNEi3KvBAsa,Dentro Alla Scatola,Mondo Marcio,Solo Un Uomo,1,1,6920,0,0,0,0,0,0,0,1,0,0,0,0,0,0,0,1,0,0,0,0,0
spotify:track:1Fcl0NpPPx7YCUSmQFRUEe,In Too Deep,Eminem,Music To Be Murdered By - Side B,1,1,4045,0,0,0,0,0,0,0,1,0,0,0,0,0,0,0,1,0,0,0,0,0
spotify:track:1FWS7QWoWAWOEnczAWI7Wt,Amarcord - From ''Amarcord'' Soundtrack,Nino Rota,La Lecon Particuliere - Poetic Rizz,1,1,2641,0,0,0,0,0,1,0,0,0,0,0,0,0,0,0,1,0,0,0,0,0
spotify:track:1FTSo4v6BOZH9QxKc3MbVM,Song 2 - 2012 Remaster,Blur,Blur,1,1,1741,0,0,0,0,0,1,0,0,0,0,0,0,0,0,0,0,1,0,0,0,0
spotify:track:1FOt2ehcd3W6QLME02boGO,+1 (feat. Sam White) - Radio Edit,Martin Solveig,+1 (feat. Sam White),1,1,5410,0,0,0,0,0,1,0,0,0,0,0,0,0,0,0,0,1,0,0,0,0
spotify:track:1F4lm7DxvpNvXfT3cGuJCb,Still Don't Give A Fuck,Eminem,The Slim Shady LP,1,1,98850,0,0,0,0,0,0,0,1,0,0,0,0,0,0,0,1,0,0,0,0,0
spotify:track:1F2rElyIiwgnq3TM2LN3ag,APNEA,Emma,SOUVENIR,1,1,1120,0,0,0,0,0,0,0,1,0,0,0,0,0,0,0,1,0,0,0,0,0
spotify:track:3vQhEd4lOg4mAV6CHCgoHW,South of the Border (feat. Camila Cabello & Cardi B) - Sam Feldt Remix,Ed Sheeran,South of the Border (feat. Camila Cabello & Cardi B),1,1,1510,0,0,0,0,0,1,0,0,0,0,0,0,0,0,0,0,1,0,0,0,0
spotify:track:3v2oAQomhOcYCPPHafS3KV,Opus,Eric Prydz,Opus,1,1,5760,0,0,0,0,0,0,0,1,0,0,0,0,0,0,0,1,0,0,0,0,0
spotify:track:3zBhihYUHBmGd2bcQIobrF,(Sittin' On) the Dock of the Bay,Otis Redding,The Dock of the Bay,1,1,926,0,0,0,0,0,1,0,0,0,0,0,0,0,0,0,0,1,0,0,0,0
spotify:track:3z0GeNGWyVduziP1cQ0mFN,5 Gocce (feat. Rkomi),Irama,Il giorno in cui ho smesso di pensare,1,1,47030,0,0,0,0,0,1,0,0,0,0,0,0,0,0,0,0,1,0,0,0,0
spotify:track:3yfqSUWxFvZELEM4PmlwIR,The Real Slim Shady,Eminem,The Marshall Mathers LP,1,1,6196,0,0,0,0,0,1,0,0,0,0,0,0,0,0,0,0,1,0,0,0,0
spotify:track:3ydu59KTnEPp1VRA53C0l5,Training Season - Instrumental,Dua Lipa,Training Season,1,1,23191,0,0,0,0,0,0,0,1,0,0,0,0,0,0,0,1,0,0,0,0,0
spotify:track:3ydfhgIZIc2j39NLIhpJpq,Fuck You,CeeLo Green,The Lady Killer,1,1,2680,0,0,0,0,0,0,0,1,0,0,0,0,0,0,0,1,0,0,0,0,0
spotify:track:3wKCvaUjWaaUoBwjsMsXJa,Non fare la puttana,Fabri Fibra,Mr. Simpatia,1,1,104323,0,0,0,0,0,0,0,1,0,0,0,0,0,0,0,0,1,0,0,0,0
spotify:track:3vkCueOmm7xQDoJ17W1Pm3,My Love Mine All Mine,Mitski,The Land Is Inhospitable and So Are We,1,1,7050,0,0,0,0,0,0,0,1,0,0,0,0,0,0,0,1,0,0,0,0,0
spotify:track:3vgclHni3T3qu7ZXz8idsk,Good Times,Ghali,DNA,1,1,183,0,0,0,0,0,1,0,0,0,0,0,0,0,0,0,0,1,0,0,0,0
spotify:track:3vgNmjuRDnGLxUFGCLkwpm,Light My Body Up (feat. Nicki Minaj & Lil Wayne),David Guetta,Light My Body Up (feat. Nicki Minaj & Lil Wayne),1,1,4040,0,0,0,0,0,0,0,1,0,0,0,0,0,0,0,0,1,0,0,0,0
spotify:track:1HzDhHApjdjXPLHF6GGYhu,Wish You Were Here,Pink Floyd,A Collection Of Great Dance Songs,1,1,45830,0,0,0,0,0,0,0,0,0,0,1,0,0,0,0,0,1,0,0,0,0
spotify:track:43mNwDn0zOH2HKl5B4aqcx,Falling,Alesso,Falling,1,1,2570,0,0,0,0,0,0,0,1,0,0,0,0,0,0,0,0,1,0,0,0,0
spotify:track:42GcjriRK6srwHkfbkBqVl,Blood On The Leaves,Kanye West,Yeezus,1,1,7460,0,0,0,0,0,0,0,1,0,0,0,0,0,0,0,1,0,0,0,0,0
spotify:track:41QgjGXVmiN6ErY2K9yQJS,Fleximan,MC Drago,Fleximan,1,0,1380,0,0,0,0,0,0,0,1,0,0,0,0,1,0,0,0,0,0,0,0,0
spotify:track:40yIp7jGQGOgbfrnGO5D59,Tremor - Sensation 2014 Anthem; Radio Edit,Dimitri Vegas & Like Mike,Tremor (Sensation 2014 Anthem),1,1,3180,0,0,0,0,0,1,0,0,0,0,0,0,0,0,0,1,0,0,0,0,0
spotify:track:3zXGMmgIygV00eFxyqmbeO,Role Model,Eminem,The Slim Shady LP,1,1,252,0,0,0,0,0,0,0,1,0,0,0,0,0,0,0,1,0,0,0,0,0
spotify:track:3zJRvtQkHQRTNEXSY8jQPR,Breathe (In The Air) - 2011 Remastered Version,Pink Floyd,The Dark Side Of The Moon,1,1,1220,0,0,0,0,0,0,0,1,0,0,0,0,0,0,0,1,0,0,0,0,0
spotify:track:47XmM8zyPHGqqwRIzmYJil,I Rep That West,Ice Cube,I Am the West,1,1,1293,0,0,0,0,0,0,0,1,0,0,0,0,0,0,0,1,0,0,0,0,0
spotify:track:47UFoOuvrkt4khE7c5aap6,Cradles,Sub Urban,Cradles,1,1,51679,0,0,0,0,0,0,0,1,0,0,0,0,0,0,0,1,0,0,0,0,0
spotify:track:46lFttIf5hnUZMGvjK0Wxo,Runaway (U & I),Galantis,Pharmacy,1,1,10350,0,0,0,0,0,0,0,1,0,0,0,0,0,0,0,1,0,0,0,0,0
spotify:track:46OFHBw45fNi7QNjSetITR,Hey Mama,Kanye West,Late Registration,1,1,15620,0,0,0,0,0,0,0,1,0,0,0,0,0,0,0,1,0,0,0,0,0
spotify:track:46HNZY1i7O6jwTA7Slo2PI,My Universe,Coldplay,Music Of The Spheres,1,1,3366,0,0,0,0,0,0,0,0,0,0,1,0,0,0,0,0,1,0,0,0,0
spotify:track:45zYfgdIoC5wktBIAlIxYj,Vamonos,Il Pagante,Entro in pass,1,1,750,0,0,0,0,0,1,0,0,0,0,0,0,0,0,0,0,1,0,0,0,0
spotify:track:45eNBZTEqKC6N5HauHaAJk,For A Better Day - KSHMR Remix,Avicii,For A Better Day,1,1,1640,0,0,0,0,0,1,0,0,0,0,0,0,0,0,0,0,1,0,0,0,0
spotify:track:44aTAUBF0g6sMkMNE8I5kd,Every Little Thing She Does Is Magic,The Police,Ghost In The Machine - Remastered 2003,1,1,3310,0,0,0,0,0,0,0,1,0,0,0,0,0,0,0,1,0,0,0,0,0
spotify:track:44T13PWJ87jb3lFElhVIHx,Growing Up (feat. Ed Sheeran),Macklemore & Ryan Lewis,This Unruly Mess I've Made,1,1,302412,1,0,0,0,0,0,0,0,0,0,1,0,0,0,0,1,0,0,0,0,0
spotify:track:443cnFF139Ql85enXOTWEu,La hit dell'estate,Shade,La hit dell'estate,1,1,4190,0,0,0,0,0,1,0,0,0,0,0,0,0,0,0,1,0,0,0,0,0
spotify:track:43zdsphuZLzwA9k4DJhU0I,when the party's over,Billie Eilish,"WHEN WE ALL FALL ASLEEP, WHERE DO WE GO?",1,1,17114,0,0,0,0,0,1,0,0,0,0,0,0,0,0,0,0,1,0,0,0,0
spotify:track:48aI5wAluvSrq55EAR329i,Darkness,Eminem,Curtain Call 2,1,1,2060,0,0,0,0,0,0,0,1,0,0,0,0,0,0,0,1,0,0,0,0,0
spotify:track:48ZjSf4xV5AK5q0Icda3Yw,Love You No More,TRU Concept,Love You No More,1,1,6560,0,0,0,0,0,1,0,0,0,0,0,0,0,0,0,0,1,0,0,0,0
spotify:track:1EWpJfYjYcfrbUdRLubzZm,Going Through Changes,Eminem,Recovery,1,1,1073,0,0,0,0,0,0,0,1,0,0,0,0,0,0,0,1,0,0,0,0,0
spotify:track:1DBra8wN9Gh9emkHot3FXk,Meet Me,Mickey Valen,Meet Me,1,1,2420,0,0,0,0,0,0,0,1,0,0,0,0,0,0,0,1,0,0,0,0,0
spotify:track:1D3z6HTiQsNmZxjl7F7eoG,m y . l i f e (with 21 Savage & Morray),J. Cole,The Off-Season,1,1,4342,0,0,0,0,0,0,0,1,0,0,0,0,0,0,0,1,0,0,0,0,0
spotify:track:1CgbwsrNDlFrRuk2ebQ7zr,9Pm (Till I Come),ATB,Movin' Melodies,1,1,8100,0,0,0,0,0,0,0,1,0,0,0,0,0,0,0,1,0,0,0,0,0
spotify:track:1BxfuPKGuaTgP7aM0Bbdwr,Cruel Summer,Taylor Swift,Lover,1,1,867,0,0,0,0,0,0,0,1,0,0,0,0,0,0,0,1,0,0,0,0,0
spotify:track:1Bdptrvb7nQkq8kCw3siE9,Feels (feat. Young Thug & J Hus),Ed Sheeran,No.6 Collaborations Project,1,1,1210,0,0,0,0,0,1,0,0,0,0,0,0,0,0,0,0,1,0,0,0,0
spotify:track:1Bd1LDJyjKDJC7pznEMYOR,"Sogna, Ragazzo, Sogna",Alfa,"Sogna, Ragazzo, Sogna",1,1,593,0,0,0,0,0,0,0,1,0,0,0,0,0,0,0,1,0,0,0,0,0
spotify:track:4DsL2g48bEiIMJ0NcJPRBY,Piccoli per sempre,J-AX,Il bello di essere J-AX - 25 anni di successi 1993-2018,1,1,64360,0,0,0,0,0,0,0,1,0,0,0,0,0,0,0,1,0,0,0,0,0
spotify:track:4DX82Vc8qAH4jJPvKxvwg6,Move Your Feet,Junior Senior,D-D-Don't Don't Stop the Beat,1,1,29192,0,0,0,0,0,0,0,1,0,0,0,0,0,0,0,1,0,0,0,0,0
spotify:track:4DRyrGfwWACRYP9BDnEFcq,BUGIE (feat. Rkomi & Carl Brave),Madame,MADAME,1,1,71434,0,0,0,0,0,0,0,0,0,0,1,0,0,0,0,1,0,0,0,0,0
spotify:track:4DLVB91nzswc4wD7EchmXs,"California Love (remix) (ft. Dr. Dre, Roger Troutman) - Remix",2Pac,All Eyez On Me,1,1,415,0,0,0,0,0,0,0,1,0,0,0,0,0,0,0,1,0,0,0,0,0
spotify:track:4DJORZgsbqnEJ4f4B9TBGV,You Don't Know Me (feat. RAYE),Jax Jones,Snacks,1,1,950,0,0,0,0,0,1,0,0,0,0,0,0,0,0,0,0,1,0,0,0,0
spotify:track:4ByEFOBuLXpCqvO1kw8Wdm,(I Just) Died In Your Arms,Cutting Crew,Broadcast,1,1,273210,1,0,0,0,0,0,0,1,0,0,0,0,0,0,0,1,0,0,0,0,0
spotify:track:4AVmC14ZG1nAKFIG67Jgyb,Somebody Save Me,Eminem,The Death of Slim Shady (Coup De Grâce): Expanded Mourner’s Edition,1,1,3435,0,0,0,0,0,0,0,1,0,0,0,0,0,0,0,1,0,0,0,0,0
spotify:track:49zMj9UjQ0IGksOO2VuhZX,Run Up (feat. PARTYNEXTDOOR & Nicki Minaj),Major Lazer,Major Lazer Essentials,1,1,1855,0,0,0,0,0,0,0,1,0,0,0,0,0,0,0,1,0,0,0,0,0
spotify:track:49N85PUVUKNxPCgE9EgQ3N,HOTLINE (feat. Lazza),Salmo,CVLT - HELLRAISERS,1,1,253,0,0,0,0,0,0,0,1,0,0,0,0,0,0,0,1,0,0,0,0,0
spotify:track:48lxT5qJF0yYyf2z4wB4xW,Pedro,Jaxomy,Pedro,1,1,4430,0,0,0,0,0,0,0,1,0,0,0,0,0,0,0,1,0,0,0,0,0
spotify:track:48dnzYTt8z03FNvblPWa6C,Guilty Conscience - Radio Version,Eminem,The Slim Shady LP,1,1,847,0,0,0,0,0,0,0,1,0,0,0,0,0,0,0,1,0,0,0,0,0
spotify:track:1BMzxGds8WSK39p4y432fl,That's My Bitch,JAY-Z,Watch The Throne,1,1,15910,0,0,0,0,0,1,0,0,0,0,0,0,0,0,0,1,0,0,0,0,0
spotify:track:1AWQoqb9bSvzTjaLralEkT,Rock Your Body,Justin Timberlake,Justified,1,1,2720,0,0,0,0,0,0,0,1,0,0,0,0,0,0,0,1,0,0,0,0,0
spotify:track:1AI7UPw3fgwAFkvAlZWhE0,Take Me Back to London (feat. Stormzy),Ed Sheeran,No.6 Collaborations Project,1,1,1170,0,0,0,0,0,1,0,0,0,0,0,0,0,0,0,0,1,0,0,0,0
spotify:track:1AHfovSnGPVYKaahRtA0U6,The Message,Nas,It Was Written,1,1,23690,0,0,0,0,0,1,0,0,0,0,0,0,0,0,0,1,0,0,0,0,0
spotify:track:1A1xTBtNnJ09JNINiLjdOK,ALTROVE,Ultimo,ALTROVE,1,1,1763,0,0,0,0,0,0,0,1,0,0,0,0,0,0,0,1,0,0,0,0,0
spotify:track:19heyK80pRhOqOBOacSunq,Un colpo all'anima,Ligabue,"Arrivederci, mostro!",1,0,202173,0,0,0,0,0,0,0,0,0,0,1,0,0,0,0,0,0,0,0,0,1
spotify:track:19eIZmuXlBmLTha1lPHef7,Alors On Danse - DubDogz Remix,Stromae,Alors On Danse,1,1,5620,0,0,0,0,0,0,0,1,0,0,0,0,0,0,0,1,0,0,0,0,0
spotify:track:19UGEZoMAqqaTEcEYNvsox,Jägermeister,Da Tweekaz,10 Years Da Tweekaz - The Definitive Collection,1,1,17420,0,0,0,0,0,0,0,0,0,1,0,0,0,0,0,1,0,0,0,0,0
spotify:track:19LRRuiMQ8a9jhqSf8jVip,El Party,Jake La Furia,El Party,1,1,6150,0,0,0,0,0,0,0,1,0,0,0,0,0,0,0,0,1,0,0,0,0
spotify:track:4Dvkj6JhhA12EX05fT7y2e,As It Was,Harry Styles,Harry's House,1,1,5200,0,0,0,0,0,0,0,1,0,0,0,0,0,0,0,1,0,0,0,0,0
spotify:track:4HeCFqiB1rBqGqvE10rF1a,Side To Side,Ariana Grande,Dangerous Woman,1,0,226173,0,0,0,0,0,0,0,0,0,0,1,0,0,0,0,0,0,0,0,0,1
spotify:track:4HXOBjwv2RnLpGG4xWOO6N,Princess of China,Coldplay,Mylo Xyloto,1,1,1080,0,0,0,0,0,1,0,0,0,0,0,0,0,0,0,0,1,0,0,0,0
spotify:track:4HDPUr4xQ6X6olwAnFHPJ6,Ridaz,Eminem,Recovery,1,1,6900,0,0,0,0,0,0,0,0,0,0,1,0,0,0,0,0,1,0,0,0,0
spotify:track:4H7WNRErSbONkM06blBoGc,Stay,Post Malone,beerbongs & bentleys,1,1,580,0,0,0,0,0,0,0,1,0,0,0,0,0,0,0,1,0,0,0,0,0
spotify:track:4GvkNNfRTibykVkAveSqbU,Heroine - Cryogenic feat. Unlocked The Uptempo Edit,Dutch Disorder,Uptempo Hardcore Compilation 7,1,1,8081,0,0,0,0,0,0,0,1,0,0,0,0,0,0,0,1,0,0,0,0,0
spotify:track:4G0yFuiPa8FZdOOnKO7fqg,farfalle,sangiovanni,TickTok Spring 2022,1,1,6797,0,0,0,0,0,0,0,1,0,0,0,0,0,0,0,1,0,0,0,0,0
spotify:track:4F9u5Gkonke4pxyiqaTWuR,Paradise - Radio Edit,Benny Benassi,Danceaholic,1,1,2080,0,0,0,0,0,0,0,1,0,0,0,0,0,0,0,0,1,0,0,0,0
spotify:track:4F8rYEoiBjPaRgQXLVtN5a,The Art of Peer Pressure,Kendrick Lamar,"good kid, m.A.A.d city",1,1,12990,0,0,0,0,0,0,0,1,0,0,0,0,0,0,0,1,0,0,0,0,0
spotify:track:4F8ax1TuStM3QOSz33yAWS,Dress Code,Il Pagante,Paninaro 2.0,1,1,850,0,0,0,0,0,1,0,0,0,0,0,0,0,0,0,0,1,0,0,0,0
spotify:track:4EmunTy7kNBYQivOa8F6b8,Alfred - Interlude,Eminem,Music To Be Murdered By,1,1,2283,0,0,0,0,0,1,0,0,0,0,0,0,0,0,0,1,0,0,0,0,0
spotify:track:4EfBENPBy1GvUWLO9YAp3F,Hits from the Bong,Cypress Hill,The Essential Cypress Hill,1,1,41420,0,0,0,0,0,0,0,1,0,0,0,0,0,0,0,1,0,0,0,0,0
spotify:track:4EJFCpthcrP6oOUUXQZ22Z,Glitter Freeze (feat. Mark E Smith),Gorillaz,Plastic Beach,1,1,2260,0,0,0,0,0,1,0,0,0,0,0,0,0,0,0,1,0,0,0,0,0
spotify:track:4EC028SvtlC25iHQSG2OIa,Shakerando,Rhove,Shakerando,1,0,195555,0,0,0,0,0,0,0,0,0,0,1,0,0,0,0,0,0,0,0,0,1
spotify:track:4ICCU06b8FkQIrMv0XTzlv,Giovani Wannabe,Pinguini Tattici Nucleari,Fake News,1,1,8930,0,0,0,0,0,0,0,1,0,0,0,0,0,0,0,1,0,0,0,0,0
spotify:track:4IA6pgGRmqfxWGAfyZ8cgR,Verbatim,Mother Mother,Touch Up,1,1,3310,0,0,0,0,0,0,0,1,0,0,0,0,0,0,0,1,0,0,0,0,0
spotify:track:4I2SWtTgB08SICbqN6983B,BBE (feat. Lazza),ANNA,VERA BADDIE,1,1,8115,0,0,0,0,0,0,0,1,0,0,0,0,0,0,0,1,0,0,0,0,0
spotify:track:193EZtB9RHLTl1bFVyyjib,Must Be The Ganja,Eminem,Relapse [Deluxe],1,1,977,0,0,0,0,0,0,0,1,0,0,0,0,0,0,0,1,0,0,0,0,0
spotify:track:18dt6tNw8hpNUdthOJf0lI,"Cracovia, Pt. 3",Il Tre,"Cracovia, Pt. 3",1,1,420,0,0,0,0,0,0,0,1,0,0,0,0,0,0,0,1,0,0,0,0,0
spotify:track:18IHat7huwIdEQ9hhaKfDr,Azzurro,Adriano Celentano,Unicamentecelentano,1,0,221120,0,0,0,0,0,0,0,1,0,0,0,0,0,0,0,0,0,0,0,0,1
spotify:track:18HW4WY9no09ex9fmU7Cxz,All In - Radio Edit,Klosman,All In,1,1,15330,0,0,0,0,0,0,0,1,0,0,0,0,0,0,0,1,0,0,0,0,0
spotify:track:18E4wq8is4m6wL8HxrEaQ9,Ladro Di Fiori,BLANCO,Blu Celeste,1,1,26130,0,0,0,0,0,0,0,0,0,1,0,0,0,0,0,1,0,0,0,0,0
spotify:track:169vTrtYlb6N1vKLCTD34e,Pasta con tonno,Bello Figo,Pasta con Tonno,1,0,229537,0,0,0,0,0,0,0,0,0,0,1,0,0,0,0,0,0,0,0,0,1
spotify:track:4HlcNgXeu49XOyoxw6OzQI,4x4,Versvs,4x4,1,1,13500,0,0,0,0,0,0,0,1,0,0,0,0,0,0,0,1,0,0,0,0,0
spotify:track:4Hfgxd5u5I5P9ZKya0lQYL,Sarà perché ti amo - Radio Edit,Eu4ya,Sarà perché ti amo remix,1,1,4990,0,0,0,0,0,0,0,1,0,0,0,0,0,0,0,1,0,0,0,0,0
spotify:track:4LSDn7GlMu4DkZMfxxwqTM,#Sbatti,Il Pagante,Entro in pass,1,1,1320,0,0,0,0,0,1,0,0,0,0,0,0,0,0,0,0,1,0,0,0,0
spotify:track:4LOAj1UJRiC2kbWbHDa2Bg,The Monster - Instrumental,Eminem,The Marshall Mathers LP2,1,1,8137,0,0,0,0,0,1,0,0,0,0,0,0,0,0,0,1,0,0,0,0,0
spotify:track:4KyZqiE5MDR7gZNThBWjg0,RAP MONEY (feat. Guè),Salmo,CVLT - HELLRAISERS,1,1,0,0,0,0,0,0,0,0,1,0,0,0,0,0,0,0,1,0,0,0,0,0
spotify:track:4KilYheWwxakB1L43ECTeP,Gigolò (feat. Sfera Ebbasta & Capo Plaza),Lazza,Re Mida,1,1,1990,0,0,0,0,0,0,0,1,0,0,0,0,0,0,0,1,0,0,0,0,0
spotify:track:4KePlRbM1bdY6LIKH8kURb,Tu Non Sei Lei,Club Dogo,Club Dogo,1,1,3440,0,0,0,0,0,0,0,1,0,0,0,0,0,0,0,1,0,0,0,0,0
spotify:track:4Jp4T5gbCLQzGz545Jb3NY,High All The Time,50 Cent,Get Rich Or Die Tryin',1,1,783,0,0,0,0,0,0,0,1,0,0,0,0,0,0,0,1,0,0,0,0,0
spotify:track:4JehYebiI9JE8sR8MisGVb,Halo,Beyoncé,I AM...SASHA FIERCE,1,1,261640,1,0,0,0,0,0,0,1,0,0,0,0,0,0,0,1,0,0,0,0,0
spotify:track:4JLcAU2xY90qTkTSNM1lUa,Bang Bang (My Baby Shot Me Down),Nancy Sinatra,How Does That Grab You?,1,1,1806,0,0,0,0,0,1,0,0,0,0,0,0,0,0,0,1,0,0,0,0,0
spotify:track:4JHg4nNYUJQ5HULcCmI18R,What You Know,Two Door Cinema Club,Tourist History,1,1,3820,0,0,0,0,0,1,0,0,0,0,0,0,0,0,0,0,1,0,0,0,0
spotify:track:4JGozY7PWUikJ3qJ1Egef8,Nessun rimpianto,883,La Dura Legge Del Gol,1,0,262320,1,0,0,0,0,0,0,0,0,0,1,0,0,0,0,0,0,0,0,0,1
spotify:track:4J7CKHCF3mdL4diUsmW8lq,Under Control (feat. Hurts),Calvin Harris,Motion,1,1,600,0,0,0,0,0,1,0,0,0,0,0,0,0,0,0,0,1,0,0,0,0
spotify:track:4IRHwIZHzlHT1FQpRa5RdE,Goodbye Yellow Brick Road - Remastered 2014,Elton John,Goodbye Yellow Brick Road - Remastered,1,1,5143,0,0,0,0,0,0,0,0,0,0,1,0,0,0,0,0,1,0,0,0,0
spotify:track:4INDiWSKvqSKDEu7mh8HFz,Mo Money Mo Problems (feat. Puff Daddy & Mase) - 2014 Remaster,The Notorious B.I.G.,Life After Death,1,1,3040,0,0,0,0,0,0,0,1,0,0,0,0,0,0,0,1,0,0,0,0,0
spotify:track:15fPBJeBFHlcAyQlK1wj72,Hesher,Wallpaper.,Ricky Reed Is Real,1,1,5520,0,0,0,0,0,1,0,0,0,0,0,0,0,0,0,0,1,0,0,0,0
spotify:track:15WIkk29b7NqOK2poTRnOU,TATUAGGI (feat. ARIETE),PSICOLOGI,MILLENNIUM BUG,1,1,2001,0,0,0,0,0,1,0,0,0,0,0,0,0,0,0,0,1,0,0,0,0
spotify:track:15UXYuJwCWUFWKm6E0OnDq,Is That for Me - KO:YU Remix,Alesso,Is That For Me,1,1,310,0,0,0,0,0,1,0,0,0,0,0,0,0,0,0,0,1,0,0,0,0
spotify:track:15MTd64KUMG7CF6mOyovsQ,Something Just Like This - Don Diablo Remix,The Chainsmokers,Something Just Like This (Remix Pack),1,1,1430,0,0,0,0,0,1,0,0,0,0,0,0,0,0,0,0,1,0,0,0,0
spotify:track:152lZdxL1OR0ZMW6KquMif,Location,Khalid,American Teen,1,1,2578,0,0,0,0,0,0,0,1,0,0,0,0,0,0,0,1,0,0,0,0,0
spotify:track:14wf185UxfNbSy8dwt4r4q,MAMACITA,Black Eyed Peas,MAMACITA,1,1,970,0,0,0,0,0,0,0,1,0,0,0,0,0,0,0,0,1,0,0,0,0
spotify:track:148uoUpRp6FJK5qYoXijwm,Notte prima degli esami,Antonello Venditti,Cuore,1,1,1730,0,0,0,0,0,0,0,1,0,0,0,0,0,0,0,1,0,0,0,0,0
spotify:track:13UezPlkljbORrw57YizGO,Dragostea Din Tei,Haiducii,Dragostea Din Tei,1,1,7140,0,0,0,0,0,0,0,1,0,0,0,0,0,0,0,0,1,0,0,0,0
spotify:track:4N6ofOnUS1w7XObOthDELW,Guarda Come Flexo 2,MamboLosco,Arte,1,0,178666,0,0,0,0,0,0,0,0,0,0,1,0,0,0,0,0,0,0,0,0,1
spotify:track:4N1NX1NM6hOQDx11jJC8cn,House Work (feat. Mike Dunn & MNEK),Jax Jones,Snacks,1,1,4770,0,0,0,0,0,1,0,0,0,0,0,0,0,0,0,0,1,0,0,0,0
spotify:track:4MoHPmjY1nnglkstrrAHk1,Can I Get A...,JAY-Z,Vol.2... Hard Knock Life,1,1,5630,0,0,0,0,0,0,0,1,0,0,0,0,0,0,0,1,0,0,0,0,0
spotify:track:4M8x1TR36VMQMFMbGCdoyA,Back & Forth,MK,Back & Forth,1,1,1010,0,0,0,0,0,1,0,0,0,0,0,0,0,0,0,0,1,0,0,0,0
spotify:track:4PdJSsESm34djLfBde9Pr2,Would I Lie to You - Radio Edit,David Guetta,Would I Lie to You,1,1,2760,0,0,0,0,0,1,0,0,0,0,0,0,0,0,0,0,1,0,0,0,0
spotify:track:4PX9Ga99IMqlbgKucTxupc,The Car Bomb,Dr. Dre,2001,1,0,60893,0,0,0,0,0,0,0,0,0,0,1,0,0,0,0,0,0,0,0,0,1
spotify:track:4P5Z3iEngFfaVe0qkv4Pdl,Albachiara - Remastered 2019,Vasco Rossi,Non siamo mica gli americani! 40° RPLAY Special Edition,1,0,244386,0,0,0,0,0,0,0,0,0,0,1,0,0,0,0,0,0,0,0,0,1
spotify:track:4P2QrYVoz8zd6NHcD5aERc,Tonya - Skit,Eminem,Relapse,1,0,4634,0,0,0,0,0,0,0,1,0,0,0,0,0,0,0,0,0,0,0,0,1
spotify:track:4Oun2ylbjFKMPTiaSbbCih,WAP (feat. Megan Thee Stallion),Cardi B,WAP (feat. Megan Thee Stallion),1,0,187541,0,0,0,0,0,0,0,0,0,0,1,0,0,0,0,0,0,0,0,0,1
spotify:track:4OgwXdylh75fHfwUzJTUqg,Rockstar,Ilkay Sencan,Rockstar,1,1,6450,0,0,0,0,0,1,0,0,0,0,0,0,0,0,0,0,1,0,0,0,0
spotify:track:4OYGHze5MiMkgozardIRxU,Bump Heads,Eminem,The Eminem Show,1,1,1300,0,0,0,0,0,1,0,0,0,0,0,0,0,0,0,0,1,0,0,0,0
spotify:track:4OMJGnvZfDvsePyCwRGO7X,Houdini,Dua Lipa,Houdini,1,1,6510,0,0,0,0,0,1,0,0,0,0,0,0,0,0,0,0,1,0,0,0,0
spotify:track:4O7oKy8YADaBrbehcPl0kE,U Don't Know,JAY-Z,The Blueprint,1,1,2150,0,0,0,0,0,0,0,1,0,0,0,0,0,0,0,1,0,0,0,0,0
spotify:track:4Nf5EZ40JenjMUKXOiyRU5,NUEVA VIDA,Peso Pluma,GÉNESIS,1,1,10440,0,0,0,0,0,0,0,0,0,1,0,0,0,0,0,1,0,0,0,0,0
spotify:track:4Na2HfNSr58chvfX69fy36,one of wun,Gunna,One of Wun,1,1,5330,0,0,0,0,0,0,0,1,0,0,0,0,0,0,0,1,0,0,0,0,0
spotify:track:4NTn0Yo8hTGW5tbBANBzfh,You Can Do It,Ice Cube,War & Peace Vol. 2 (The Peace Disc),1,1,5020,0,0,0,0,0,0,0,1,0,0,0,0,0,0,0,1,0,0,0,0,0
spotify:track:4NGikVnR4wpcB79gZE7tgg,Champagne Showers,LMFAO,Sorry For Party Rocking,1,1,85631,0,0,0,0,0,1,0,0,0,0,0,0,0,0,0,1,0,0,0,0,0
spotify:track:4UHDgfDtSSv9SqyfEFr4sF,Pesto,Calcutta ,Evergreen,1,0,207880,1,0,0,0,0,0,0,0,0,0,1,0,0,0,0,0,0,0,0,0,1
spotify:track:4UDmDIqJIbrW0hMBQMFOsM,Stayin' Alive,Bee Gees,Staying Alive,1,0,92866,0,0,0,0,0,0,0,0,0,0,1,0,0,0,0,0,0,0,0,0,1
spotify:track:4TsmezEQVSZNNPv5RJ65Ov,Pon de Replay,Rihanna,Music Of The Sun,1,0,246960,0,0,0,0,0,0,0,0,0,0,1,0,0,0,0,0,0,0,0,0,1
spotify:track:4TRUsIZw92IhJjAtxtiC4e,Lift Off,JAY-Z,Watch The Throne,1,1,8760,0,0,0,0,0,1,0,0,0,0,0,0,0,0,0,0,1,0,0,0,0
spotify:track:4SlqAdOMa1DxsYXB3XG3Im,Lamborghini - RMX,Guè,Gentleman (The Complete Playlist),1,1,1870,0,0,0,0,0,0,0,1,0,0,0,0,0,0,0,1,0,0,0,0,0
spotify:track:4SiWJ0xSFdmTb0i379Uwny,Love The Way You Lie,Eminem,Recovery,1,1,125,0,0,0,0,0,0,0,1,0,0,0,0,0,0,0,1,0,0,0,0,0
spotify:track:4SSnFejRGlZikf02HLewEF,bury a friend,Billie Eilish,"WHEN WE ALL FALL ASLEEP, WHERE DO WE GO?",1,1,7369,0,0,0,0,0,1,0,0,0,0,0,0,0,0,0,1,0,0,0,0,0
spotify:track:4S1VYqwfkLit9mKVY3MXoo,Forever Young,Alphaville,Forever Young,1,1,13870,0,0,0,0,0,1,0,0,0,0,0,0,0,0,0,0,1,0,0,0,0
spotify:track:4RvWPyQ5RL0ao9LPZeSouE,Everybody Wants To Rule The World,Tears For Fears,Songs From The Big Chair,1,1,6623,0,0,0,0,0,0,0,1,0,0,0,0,0,0,0,1,0,0,0,0,0
spotify:track:4Ro98RCK90oHqqSZUnTFq5,Strip That Down,Liam Payne,Strip That Down,1,0,204502,1,0,0,0,0,0,0,0,0,0,1,0,0,0,0,0,0,0,0,0,1
spotify:track:4QcDkuGQx9824a6X9BZF4e,Places,Martin Solveig,Places,1,1,1130,0,0,0,0,0,1,0,0,0,0,0,0,0,0,0,0,1,0,0,0,0
spotify:track:4QRWBM7LFWHhIUU8b1O6GK,DUE ALTALENE,Mr.Rain,Pianeta di Miller,1,1,7321,0,0,0,0,0,0,0,1,0,0,0,0,0,0,0,1,0,0,0,0,0
spotify:track:4Q7UkPYq3NGTwhAMjfeE4a,If I Had,Eminem,The Slim Shady LP,1,1,1750,0,0,0,0,0,0,0,1,0,0,0,0,0,0,0,1,0,0,0,0,0
spotify:track:4WM1hvYr2NC6bQnQXcj3sH,Meat Grinder,Madvillain,Madvillainy,1,1,3903,0,0,0,0,0,1,0,0,0,0,0,0,0,0,0,0,1,0,0,0,0
spotify:track:4WImQJDzGuT2tUV22tsTma,No Va Be,Il Pagante,Devastante,1,1,270,0,0,0,0,0,1,0,0,0,0,0,0,0,0,0,0,1,0,0,0,0
spotify:track:4VrLtrv4X36mvESZm7rjgk,Talkin’ 2 Myself,Eminem,Recovery,1,1,294,0,0,0,0,0,0,0,1,0,0,0,0,0,0,0,1,0,0,0,0,0
spotify:track:13P5rwmk2EsoFRIz9UCeh9,Cool Kids,Echosmith,Talking Dreams,1,1,2100,0,0,0,0,0,0,0,1,0,0,0,0,0,0,0,1,0,0,0,0,0
spotify:track:128xq3e1UL0TC2omzSwXgK,Quanto 6 bella,Entics,Soundboy,1,1,11270,0,0,0,0,0,0,0,1,0,0,0,0,0,0,0,1,0,0,0,0,0
spotify:track:126oeltvIg79HHP4yAi4rq,Now Or Never,Halsey,hopeless fountain kingdom,1,0,214801,1,0,0,0,0,0,0,0,0,0,1,0,0,0,0,0,0,0,0,0,1
spotify:track:1266BQtiMOCSZDo6NV2bYh,Remedy (feat. Mingue),Zonderling,Remedy (feat. Mingue),1,1,1100,0,0,0,0,0,1,0,0,0,0,0,0,0,0,0,0,1,0,0,0,0
spotify:track:11hEwcy9LMEvzAlOYAFhkK,"not a lot, just forever",Adrianne Lenker,songs,1,1,3586,0,0,0,0,0,0,0,1,0,0,0,0,0,0,0,1,0,0,0,0,0
spotify:track:11HeOLoW2cnWZzGHWnllYq,EL MATADOR (From the Netflix Rap Show “Nuova Scena”),Elmatadormc7,EL MATADOR (From the Netflix Rap Show “Nuova Scena”),1,1,1012,0,0,0,0,0,0,0,1,0,0,0,0,0,0,0,1,0,0,0,0,0
spotify:track:10yBOZi6cIDeJOlb7Pbz1J,Write This Down,SoulChef,Escapism,1,0,6853,0,0,0,0,0,0,0,1,0,0,0,0,1,0,0,0,0,0,0,0,0
spotify:track:4Vbz3osCh6DwHYv5gVv5H2,Breathe (feat. Ina Wroldsen),Jax Jones,Snacks,1,1,1380,0,0,0,0,0,1,0,0,0,0,0,0,0,0,0,0,1,0,0,0,0
spotify:track:4VZPYvMTByQytb6F3MKP4w,Some L.A. Niggaz,Dr. Dre,2001,1,1,2593,0,0,0,0,0,1,0,0,0,0,0,0,0,0,0,0,1,0,0,0,0
spotify:track:4c4uR3sZVgX9Y0OxCzhzwO,Tuttecose,Gazzelle,OK UN CAZZO,1,0,197956,1,0,0,0,0,0,0,0,0,0,1,0,0,0,0,0,0,0,0,0,1
spotify:track:4bdMOgYZehlFLkcNmvMkT5,Brand New Dance,Eminem,The Death of Slim Shady (Coup De Grâce): Expanded Mourner’s Edition,1,1,1425,0,0,0,0,0,0,0,1,0,0,0,0,0,0,0,1,0,0,0,0,0
spotify:track:4bavQ9Fm1oC7f2oXfRWMbh,Can't Buy Love (feat. SAARA) - JLV Remix,THRDL!FE,Can't Buy Love (Remixes) (feat. SAARA),1,1,2730,0,0,0,0,0,1,0,0,0,0,0,0,0,0,0,0,1,0,0,0,0
spotify:track:4bBEPE5GmdBIFusBEPlRpQ,Sky Might Fall,Kid Cudi,Man On The Moon: The End Of Day,1,1,76490,0,0,0,0,0,1,0,0,0,0,0,0,0,0,0,0,1,0,0,0,0
spotify:track:4aBYzs8RxZMuqyOanNlf8I,Like I Do,David Guetta,7,1,1,3220,0,0,0,0,0,0,0,1,0,0,0,0,0,0,0,1,0,0,0,0,0
spotify:track:4ZtFanR9U6ndgddUvNcjcG,good 4 u,Olivia Rodrigo,SOUR,1,1,830,0,0,0,0,0,0,0,1,0,0,0,0,0,0,0,1,0,0,0,0,0
spotify:track:4Yr7z1MFiI2D3QnldF107i,PERDONAMI,Salmo,Playlist,1,1,0,0,0,0,0,0,1,0,0,0,0,0,0,0,0,0,0,1,0,0,0,0
spotify:track:4XQgeG5VBvvf0xRqNPsYFc,Hyyerr,Kid Cudi,Man On The Moon: The End Of Day,1,1,5890,0,0,0,0,0,1,0,0,0,0,0,0,0,0,0,0,1,0,0,0,0
spotify:track:4X5f3vT8MRuXF68pfjNte5,"F**kin' Problems (feat. Drake, 2 Chainz & Kendrick Lamar)",A$AP Rocky,LONG.LIVE.A$AP (Deluxe Version),1,1,5677,0,0,0,0,0,1,0,0,0,0,0,0,0,0,0,0,1,0,0,0,0
spotify:track:4dK00wCxlqWEeN8BoM1BHT,Crack A Bottle,Eminem,Relapse: Refill,1,0,297520,0,0,0,0,0,0,0,0,0,0,1,0,0,0,0,0,0,0,0,0,1
spotify:track:0zkE78jc1kjLXrTYd9ZxpO,Murder Ink,Dr. Dre,2001,1,1,78051,0,0,0,0,0,0,0,0,0,0,1,0,0,0,0,0,1,0,0,0,0
spotify:track:0y0wyReHOpfWglrJMbbQcy,Roma Roma Roma (Inno ufficiale),I Lupi Band,Forza Roma,1,1,7504,0,0,0,0,0,0,0,0,0,0,1,0,0,0,0,0,1,0,0,0,0
spotify:track:0x367gcUm6nsEoMXXFfEMy,New Day,JAY-Z,Watch The Throne,1,1,6600,0,0,0,0,0,1,0,0,0,0,0,0,0,0,0,0,1,0,0,0,0
spotify:track:0wruS6JEQCGeYrvsCIdG0Z,Right Round (feat. Ke$ha),Flo Rida,Right Round,1,1,103360,0,0,0,0,0,0,0,0,0,0,1,0,0,0,0,0,1,0,0,0,0
spotify:track:0wQDWZ8bi8JNF6HmNRVX24,Get Money,Junior M.A.F.I.A.,Gettin' Money,1,1,6160,0,0,0,0,0,0,0,1,0,0,0,0,0,0,0,1,0,0,0,0,0
spotify:track:4cv1Gzl9NkvvL2GnDACxMl,La tipica ragazza italiana - Da-Brozz Remix,DJ Matrix,La tipica ragazza italiana - EP,1,1,15620,0,0,0,0,0,0,0,1,0,0,0,0,0,0,0,1,0,0,0,0,0
spotify:track:4cs99TEADEOcGm5DRRFyOw,BOOM,Tiësto,"CLUBLIFE, VOL. 5: CHINA",1,1,5820,0,0,0,0,0,0,0,1,0,0,0,0,0,0,0,1,0,0,0,0,0
spotify:track:4cktbXiXOapiLBMprHFErI,Memories,Maroon 5,JORDI,1,0,189486,1,0,0,0,0,0,0,1,0,0,0,0,0,0,0,0,0,0,0,0,1
spotify:track:4hF8SO6cjphhaCGP3u77TS,Puro Bogotà,Club Dogo,Vile Denaro,1,1,8270,0,0,0,0,0,1,0,0,0,0,0,0,0,0,0,1,0,0,0,0,0
spotify:track:4hArX7vFWANuw0gCA1KG5k,BODY PARTS - I denti,Marracash,Persona,1,1,106013,0,0,0,0,0,0,0,1,0,0,0,0,0,0,0,0,1,0,0,0,0
spotify:track:4h8qIAFfbMC6sbfFiTqHJn,Look Right Through - Vocal Mix,Storm Queen,Look Right Through - Remixes,1,1,1580,0,0,0,0,0,0,0,1,0,0,0,0,0,0,0,1,0,0,0,0,0
spotify:track:4h5KBcltGefua73AUPYps7,Izzo (H.O.V.A.),JAY-Z,The Blueprint,1,1,5370,0,0,0,0,0,0,0,1,0,0,0,0,0,0,0,1,0,0,0,0,0
spotify:track:4gbVRS8gloEluzf0GzDOFc,Maps,Maroon 5,V,1,0,189960,1,0,0,0,0,0,0,0,0,0,1,0,0,0,0,0,0,0,0,0,1
spotify:track:4g32MdRoqwGKQd3NXIRhpU,Good Guy (feat. Jessie Reyez),Eminem,Kamikaze,1,1,227,0,0,0,0,0,0,0,1,0,0,0,0,0,0,0,1,0,0,0,0,0
spotify:track:4fwbGKNExPtPHbor1TBSY4,Unconditionally,Katy Perry,PRISM,1,1,3523,1,0,0,0,0,0,0,0,0,0,1,0,0,0,0,0,1,0,0,0,0
spotify:track:4fv1OzrStC17Mqck9LGldk,Appetite For Destruction,N.W.A.,Efil4zaggin,1,1,14780,0,0,0,0,0,1,0,0,0,0,0,0,0,0,0,1,0,0,0,0,0
spotify:track:4fqdWNsoOpyYKJTz36R3QB,Nonstop,Besomage,Nonstop,1,1,2977,0,0,0,0,0,0,0,1,0,0,0,0,0,0,0,1,0,0,0,0,0
spotify:track:4fouWK6XVHhzl78KzQ1UjL,abcdefu,GAYLE,abcdefu,1,0,163874,0,0,0,0,0,0,0,1,0,0,0,0,0,0,0,0,0,1,0,0,0
spotify:track:4f5tQVN35lq4xqcXEZhcP8,Mille Strade (feat. Ketama126 & Izi),Night Skinny,Mattoni,1,0,183552,0,0,0,0,0,0,0,0,0,0,1,0,0,0,0,0,0,0,0,0,1
spotify:track:4di7SwWhQnrj0d5yPPS27k,Pistole Nella Fendi,Niko Pandetta,BELLA VITA,1,0,174374,0,0,0,0,0,0,0,0,0,0,1,0,0,0,0,0,0,0,0,0,1
spotify:track:4k0eFuyCZQgW12UcVJISyx,By My Side,Stat Quo,Eminem Presents The Re-Up,1,1,5360,0,0,0,0,0,0,0,1,0,0,0,0,0,0,0,1,0,0,0,0,0
spotify:track:4jmvkbDw0cuWD2Fi9VswFQ,Mai Dire Mai (La Locura),Willie Peyote,Mai Dire Mai (La Locura),1,1,9420,0,0,0,0,0,0,0,1,0,0,0,0,0,0,0,1,0,0,0,0,0
spotify:track:4jiCUUfjuJoG03gnw3jj1r,Twerk (con Boro),MamboLosco,Arte,1,0,152440,0,0,0,0,0,0,0,0,0,0,1,0,0,0,0,0,0,0,0,0,1
spotify:track:4jPy3l0RUwlUI9T5XHBW2m,Mood (feat. iann dior),24kGoldn,El Dorado,1,1,1340,0,0,0,0,0,0,0,1,0,0,0,0,0,0,0,1,0,0,0,0,0
spotify:track:4ihV1wv7QmjbkLHaT9lA4s,BEG FORGIVENESS,¥$,VULTURES 1,1,1,1585,0,0,0,0,0,0,0,1,0,0,0,0,0,0,0,1,0,0,0,0,0
spotify:track:4iTyf5pLZMOR8YrEZgSopo,Believe,Eminem,Revival,1,1,495,0,0,0,0,0,0,0,1,0,0,0,0,0,0,0,1,0,0,0,0,0
spotify:track:4iJyoBOLtHqaGxP12qzhQI,Peaches (feat. Daniel Caesar & Giveon),Justin Bieber,Justice,1,1,8190,0,0,0,0,0,0,0,1,0,0,0,0,0,0,0,1,0,0,0,0,0
spotify:track:4i9sTRzySAVqqUW0CacpSh,Show Me Love - Solidisco Remix,Steve Angello,Show Me Love (2015 Remixes),1,1,7630,0,0,0,0,0,1,0,0,0,0,0,0,0,0,0,0,1,0,0,0,0
spotify:track:4hsYSKz5gFMiO2q0V4L8m8,Bad Guy,Eminem,The Marshall Mathers LP2,1,1,359890,0,0,0,0,0,0,0,1,0,0,0,0,0,0,0,0,1,0,0,0,0
spotify:track:4hjxVY7QYNDmOclMny7hVY,Dead Presidents II,JAY-Z,Reasonable Doubt,1,1,4060,0,0,0,0,0,0,0,1,0,0,0,0,0,0,0,0,1,0,0,0,0
spotify:track:0wHFktze2PHC5jDt3B17DC,First Class,Jack Harlow,Come Home The Kids Miss You,1,1,5622,0,0,0,0,0,0,0,1,0,0,0,0,0,0,0,1,0,0,0,0,0
spotify:track:0w616hBg9NFBhAXD2MaBBB,Fare Chiasso (feat. Quentin40 & Rkomi),Night Skinny,Mattoni,1,0,219127,1,0,0,0,0,0,0,0,0,0,1,0,0,0,0,0,0,0,0,0,1
spotify:track:0vjcqQVb6nhk1A4lvW6ytN,L'ULTIMA POESIA (feat. Ultimo),Geolier,L'ULTIMA POESIA (feat. Ultimo),1,1,3700,0,0,0,0,0,0,0,1,0,0,0,0,0,0,0,1,0,0,0,0,0
spotify:track:0vi2v5YENhBL0Uo3V4YLUl,Vieni Da Me,Le Vibrazioni,Le Vibrazioni,1,1,9890,0,0,0,0,0,0,0,1,0,0,0,0,0,0,0,1,0,0,0,0,0
spotify:track:0v1XpBHnsbkCn7iJ9Ucr1l,It's My Life,Bon Jovi,Crush,1,0,15224,0,0,0,0,0,0,0,1,0,0,0,0,1,0,0,0,0,0,0,0,0
spotify:track:0uxSUdBrJy9Un0EYoBowng,20 Min,Lil Uzi Vert,Luv Is Rage 2,1,1,2040,0,0,0,0,0,0,0,1,0,0,0,0,0,0,0,1,0,0,0,0,0
spotify:track:0upFohXrGxIIAjyaJmCkMU,"Tokyo Drift (Fast & Furious) - From ""The Fast And The Furious: Tokyo Drift"" Soundtrack",Teriyaki Boyz,Tokyo Drift (Fast & Furious),1,1,1540,0,0,0,0,0,1,0,0,0,0,0,0,0,0,0,0,1,0,0,0,0
spotify:track:483XiZ5o13Cc1zoWV7jGml,Gecko (Overdrive) - Radio Edit,Oliver Heldens,Gecko (Overdrive),1,1,5420,0,0,0,0,0,1,0,0,0,0,0,0,0,0,0,0,1,0,0,0,0
spotify:track:0uLvdlcwdmRTRVSZ89Vuxr,Wicked Ways,Eminem,The Marshall Mathers LP2,1,1,937,0,0,0,0,0,1,0,0,0,0,0,0,0,0,0,0,1,0,0,0,0
spotify:track:0uEp9E98JB5awlA084uaIg,Doo Wop (That Thing),Ms. Lauryn Hill,The Miseducation of Lauryn Hill,1,1,10810,0,0,0,0,0,0,0,1,0,0,0,0,0,0,0,1,0,0,0,0,0
spotify:track:05jQUgTm40hzAw5uqOy0ob,Intro,J. Cole,2014 Forest Hills Drive,1,1,6081,0,0,0,0,0,0,0,1,0,0,0,0,0,0,0,0,1,0,0,0,0
spotify:track:02cflDeFB9gGB8ukUlhN98,Hit the Road Jack,Throttle,Hit the Road Jack,1,1,4300,0,0,0,0,0,0,0,1,0,0,0,0,0,0,0,1,0,0,0,0,0
spotify:track:4kbj5MwxO1bq9wjT5g9HaA,Shut Up and Dance,WALK THE MOON,TALKING IS HARD,1,1,12720,0,0,0,0,0,0,0,0,0,1,0,0,0,0,0,1,0,0,0,0,0
spotify:track:4kV4N9D1iKVxx1KLvtTpjS,"break up with your girlfriend, i'm bored",Ariana Grande,"thank u, next",1,0,190440,0,0,0,0,0,0,0,0,0,0,1,0,0,0,0,0,0,0,0,0,1
spotify:track:7zp9FOU4cjFdGN1zdWTvcB,TAKE IT OFF,FISHER,TAKE IT OFF,1,1,12950,0,0,0,0,0,0,0,1,0,0,0,0,0,0,0,1,0,0,0,0,0
spotify:track:4odiyU3myG29Ld0wurMfE8,She Doesn't Mind,Sean Paul,Tomahawk Technique,1,1,227786,1,0,0,0,0,0,0,0,0,0,1,0,0,0,0,1,0,0,0,0,0
spotify:track:00GxbkrW4m1Tac5xySEJ4M,Ti volevo dedicare (feat. J-AX & Boomdabash),Rocco Hunt,Libertà,1,1,2980,0,0,0,0,0,0,0,1,0,0,0,0,0,0,0,1,0,0,0,0,0
spotify:track:00aZI3Ds8liGrcqEetsEYf,COMINCIA TU (feat. Rosa Chemical),Tananai,COMINCIA TU (feat. Rosa Chemical),1,1,4306,0,0,0,0,0,0,0,1,0,0,0,0,0,0,0,1,0,0,0,0,0
spotify:track:4o120XeV8els1S5bu7mzBX,Eyes Closed,Imagine Dragons,Eyes Closed,1,1,193216,1,0,0,0,0,0,0,1,0,0,0,0,0,0,0,1,0,0,0,0,0
spotify:track:00bLSnliElWSOs1Ybt9dZm,The Monster,Eminem,The Marshall Mathers LP2,1,1,1182,0,0,0,0,0,1,0,0,0,0,0,0,0,0,0,0,1,0,0,0,0
spotify:track:4npeg094qxxH7Fp2aoi04O,Milano Bachata,Rkomi,Io In Terra,1,1,8150,0,0,0,0,0,1,0,0,0,0,0,0,0,0,0,0,1,0,0,0,0
spotify:track:01Ho3efkRrIbYnWxISj05V,KING,¥$,VULTURES 1,1,1,2076,0,0,0,0,0,0,0,1,0,0,0,0,0,0,0,1,0,0,0,0,0
spotify:track:4nFNJmjfgBF7jwv2oBC45b,Money For Nothing - Remastered 1996,Dire Straits,Brothers In Arms,1,1,3640,0,0,0,0,0,1,0,0,0,0,0,0,0,0,0,0,1,0,0,0,0
spotify:track:01TuObJVd7owWchVRuQbQw,#thatPOWER,will.i.am,#willpower,1,1,15090,0,0,0,0,0,0,0,1,0,0,0,0,0,0,0,1,0,0,0,0,0
spotify:track:1wFFFzJ5EsKbBWZriAcubN,Family Matters,Drake,Family Matters,1,1,6650,0,0,0,0,0,0,0,1,0,0,0,0,0,0,0,1,0,0,0,0,0
spotify:track:4mmJ9f97Yr1E7YuEu92ir2,Intoxicated,Martin Solveig,Intoxicated,1,1,1280,0,0,0,0,0,0,0,1,0,0,0,0,0,0,0,1,0,0,0,0,0
spotify:track:4mkozdKu5MTBJMAb1l1noK,Imagine - JLV Remix,Bronze Whale,Imagine,1,1,4550,0,0,0,0,0,1,0,0,0,0,0,0,0,0,0,0,1,0,0,0,0
spotify:track:4mDvbHHwbZwRTttwEP8k4Y,ADORO,Il Pagante,Paninaro 2.0,1,1,1150,0,0,0,0,0,1,0,0,0,0,0,0,0,0,0,0,1,0,0,0,0
spotify:track:1w1s6WpKGg4wyLRvyipczX,Gucci Fendi Prada,Merk & Kremont,Gucci Fendi Prada,1,1,10360,0,0,0,0,0,1,0,0,0,0,0,0,0,0,0,0,1,0,0,0,0
spotify:track:1w191mxEGK17BcYVbI3HmR,Could You Love Me?,Black Saint,Could You Love Me?,1,1,1410,0,0,0,0,0,1,0,0,0,0,0,0,0,0,0,0,1,0,0,0,0
spotify:track:7yYc2nzLiTwajUOj3NGr9y,Key - Skit,Eminem,Music To Be Murdered By - Side B,1,1,1433,0,0,0,0,0,1,0,0,0,0,0,0,0,0,0,0,1,0,0,0,0
spotify:track:4rlus6KXkBaDTxMZshmyrl,Walk On Water (feat. Beyoncé),Eminem,Curtain Call 2,1,1,440,0,0,0,0,0,0,0,1,0,0,0,0,0,0,0,1,0,0,0,0,0
spotify:track:7xqK0QvLeUOSVlO13bBBLO,Mad World,Hardwell,Mad World,1,1,7500,0,0,0,0,0,1,0,0,0,0,0,0,0,0,0,0,1,0,0,0,0
spotify:track:4rgYkpuF7u9qmLgLBGlSp4,Whatever You Want - BBC Ken Bruce Date: 09/09/2005,Status Quo,Live At The BBC,1,1,9838,0,0,0,0,0,0,0,1,0,0,0,0,0,0,0,1,0,0,0,0,0
spotify:track:4rfh0qEv1HdKRXWiRXfzWF,"It's Been a Long, Long Time",Harry James,Texas Chatter,1,1,947,0,0,0,0,0,1,0,0,0,0,0,0,0,0,0,0,1,0,0,0,0
spotify:track:7xeDETVgMCoPkHU3dXtN9x,Farewell,Eminem,Music To Be Murdered By - Side B,1,1,7564,0,0,0,0,0,0,0,1,0,0,0,0,0,0,0,1,0,0,0,0,0
spotify:track:4qx89c79cx9Q1DvClaLTOZ,Mon Amour,Annalisa,E POI SIAMO FINITI NEL VORTICE,1,1,9637,0,0,0,0,0,0,0,1,0,0,0,0,0,0,0,1,0,0,0,0,0
spotify:track:7wdzLe2Gsx1RGqbvYZHASz,i,Kendrick Lamar,i,1,1,11400,0,0,0,0,0,0,0,1,0,0,0,0,0,0,0,1,0,0,0,0,0
spotify:track:7vv89PswQvqGKCGJ1rw5on,FIELD TRIP,¥$,VULTURES 2,1,1,4498,0,0,0,0,0,0,0,1,0,0,0,0,0,0,0,1,0,0,0,0,0
spotify:track:4qENCjGG83PmmErjj3mwom,Aria sulla 4° corda,Johann Sebastian Bach,Gral,1,0,51144,0,0,0,0,0,0,0,1,0,0,0,0,1,0,0,0,0,0,0,0,0
spotify:track:4q5YezDOIPcoLr8R81x9qy,I Can Do It With a Broken Heart,Taylor Swift,THE TORTURED POETS DEPARTMENT,1,1,5510,0,0,0,0,0,0,0,1,0,0,0,0,0,0,0,1,0,0,0,0,0
spotify:track:4pmc2AxSEq6g7hPVlJCPyP,"Jumpin', Jumpin'",Destiny's Child,The Writing's On The Wall,1,1,5130,0,0,0,0,0,0,0,0,0,0,1,0,0,0,0,1,0,0,0,0,0
spotify:track:4pdLZsxq0y5oJDb6Cxlokw,You Got Me,The Roots,Things Fall Apart,1,1,4130,0,0,0,0,0,0,0,1,0,0,0,0,0,0,0,1,0,0,0,0,0
spotify:track:4paAidoE8VAemwU4jgCc6l,all my friends,21 Savage,i am > i was,1,1,1343,0,0,0,0,0,0,0,1,0,0,0,0,0,0,0,1,0,0,0,0,0
spotify:track:4pQXrA1W9QMBxCEG1KnrNJ,Beautiful Pain,Eminem,The Marshall Mathers LP2,1,1,1946,0,0,0,0,0,1,0,0,0,0,0,0,0,0,0,0,1,0,0,0,0
spotify:track:4pD1Wit3m1IHA7Ixgww9b6,Una canzone d'amore,883,La Donna Il Sogno & Il Grande Incubo,1,0,333280,0,0,0,0,0,0,0,0,0,0,1,0,0,0,0,0,0,0,0,0,1
spotify:track:4vvnuJlgBeNVwq3TNmLMNX,Jackie Chan,Tiësto,The London Sessions,1,1,1710,0,0,0,0,0,0,0,1,0,0,0,0,0,0,0,1,0,0,0,0,0
spotify:track:4veR7bpBY7xYMG5BKZwWu1,Make U Love Me,Tujamo,Make U Love Me,1,1,6710,0,0,0,0,0,1,0,0,0,0,0,0,0,0,0,0,1,0,0,0,0
spotify:track:7vgaKATxwRsW9N4bPh56aa,Alghero,Giuni Russo,Irradiazioni,1,0,252630,0,0,0,0,0,0,0,0,0,0,1,0,0,0,0,0,0,0,0,0,1
spotify:track:4vIKzWqtn44umal5jXq4wE,1000 Nights (feat. Meek Mill & A Boogie Wit da Hoodie),Ed Sheeran,No.6 Collaborations Project,1,1,1310,0,0,0,0,0,1,0,0,0,0,0,0,0,0,0,0,1,0,0,0,0
spotify:track:02itaCXOdC54J0ISjqqFAp,All Around The World (La La La),R3HAB,All Around The World (La La La),1,1,1510,0,0,0,0,0,1,0,0,0,0,0,0,0,0,0,0,1,0,0,0,0
spotify:track:4uyGCpnF9UuYqqPO8153l6,Murder,Bizarre,Eminem Presents The Re-Up,1,1,2880,0,0,0,0,0,0,0,1,0,0,0,0,0,0,0,1,0,0,0,0,0
spotify:track:4udjo5nLK61pKajakfrndc,1st Time,Bakar,1st Time,1,1,3230,0,0,0,0,0,0,0,1,0,0,0,0,0,0,0,1,0,0,0,0,0
spotify:track:4uUG5RXrOk84mYEfFvj3cK,I'm Good (Blue),David Guetta,I'm Good (Blue),1,1,1320,0,0,0,0,0,1,0,0,0,0,0,0,0,0,0,0,1,0,0,0,0
spotify:track:4tlXDIipd1IuJHKXW5Z32h,Stay Wide Awake,Eminem,Relapse [Deluxe],1,1,637,0,0,0,0,0,0,0,1,0,0,0,0,0,0,0,1,0,0,0,0,0
spotify:track:4tUTnCBft9qif7mlm51zFK,We Made You,Eminem,Relapse,1,1,2233,0,0,0,0,0,0,0,1,0,0,0,0,0,0,0,1,0,0,0,0,0
spotify:track:4tKGFmENO69tZR9ahgZu48,Murder On The Dancefloor,Sophie Ellis-Bextor,Read My Lips,1,1,19006,0,0,0,0,0,0,0,1,0,0,0,0,0,0,0,1,0,0,0,0,0
spotify:track:01zPnSlKCw9WLbY0kvNep0,Desperation,Eminem,The Marshall Mathers LP2,1,1,2260,0,0,0,0,0,0,0,1,0,0,0,0,0,0,0,1,0,0,0,0,0
spotify:track:4suzR7RVn00QijvJPkMVMf,GOD.,Kendrick Lamar,DAMN. COLLECTORS EDITION.,1,1,2136,0,0,0,0,0,0,0,1,0,0,0,0,0,0,0,1,0,0,0,0,0
spotify:track:4spkZ6gRKh827yp6JI6TN1,SPARARE ALLA LUNA (feat. Coez),Salmo,Playlist,1,1,1280,0,0,0,0,0,1,0,0,0,0,0,0,0,0,0,0,1,0,0,0,0
spotify:track:20XtcBkJue6s6SkV9lA9j6,Pamplona (feat. Thegiornalisti),Fabri Fibra,Il Tempo Vola 2002-2020,1,0,223320,1,0,0,0,0,0,0,0,0,0,1,0,0,0,0,0,0,0,0,0,1
spotify:track:20QDw9mk6JnFPXJKuf1NEx,Auto Blu - Remix,Shiva,Auto Blu,1,1,81241,0,0,0,0,0,0,0,0,0,0,1,0,0,0,0,0,1,0,0,0,0
spotify:track:0rHVd8h0cFwgLgPFem6S60,Girls Like (feat. Zara Larsson),Tinie Tempah,Girls Like (feat. Zara Larsson),1,1,1570,0,0,0,0,0,1,0,0,0,0,0,0,0,0,0,0,1,0,0,0,0
spotify:track:4xwbONPUXCJGehd1KZ3EXM,03' Bonnie & Clyde,JAY-Z,Blueprint 2.1,1,1,2230,0,0,0,0,0,0,0,1,0,0,0,0,0,0,0,1,0,0,0,0,0
spotify:track:20Op27p3aV0WiaP7qOTlWP,LA CHIAVE - feat. Marracash,Salmo,FLOP,1,1,1971,0,0,0,0,0,0,0,1,0,0,0,0,0,0,0,1,0,0,0,0,0
spotify:track:4xnaRQjBsHrJY5hmxBlMel,Chemicals,SG Lewis,Chemicals,1,1,8120,0,0,0,0,0,0,0,1,0,0,0,0,0,0,0,1,0,0,0,0,0
spotify:track:20McUFi8KCIVdNDLrkTDuZ,Goosebumps,HVME,Goosebumps,1,1,159700,1,0,0,0,0,0,0,1,0,0,0,0,0,0,0,1,0,0,0,0,0
spotify:track:1zbTIdIbLYlXjtOqlHALh4,The Girl Is Mine,99 Souls,The Girl Is Mine featuring Destiny's Child & Brandy (Remixes) - EP,1,1,8380,0,0,0,0,0,1,0,0,0,0,0,0,0,0,0,0,1,0,0,0,0
spotify:track:4xHWH1jwV5j4mBYRhxPbwZ,Time - 2011 Remastered Version,Pink Floyd,The Dark Side Of The Moon,1,1,1890,0,0,0,0,0,0,0,1,0,0,0,0,0,0,0,1,0,0,0,0,0
spotify:track:4xHQTdD5oItTLv0rTjM5XN,Song Cry,JAY-Z,The Blueprint,1,1,2350,0,0,0,0,0,0,0,1,0,0,0,0,0,0,0,1,0,0,0,0,0
spotify:track:1zayuwd1YLZsYDArkruHdL,The Heart Part 4,Kendrick Lamar,The Heart Part 4,1,1,9650,0,0,0,0,0,0,0,1,0,0,0,0,0,0,0,1,0,0,0,0,0
spotify:track:4xAbuuVvVa2SQeemtyjRGT,I'm So Hood,G-Unit,Beg For Mercy,1,1,5452,0,0,0,0,0,1,0,0,0,0,0,0,0,0,0,0,1,0,0,0,0
spotify:track:4wz9be3iTHln8swogVIAwR,#THOTMILANODM,Radical,"TRASHBIN, Vol. 3",1,0,186000,0,0,0,0,0,0,0,0,0,0,1,0,0,0,0,0,0,0,0,0,1
spotify:track:4wuCQX7JvAZLlrcmH4AeZF,Cross Me (feat. Chance the Rapper & PnB Rock),Ed Sheeran,No.6 Collaborations Project,1,1,1680,0,0,0,0,0,1,0,0,0,0,0,0,0,0,0,0,1,0,0,0,0
spotify:track:4wN4rav2PN4UkOpzI1iLrY,Meraviglioso,Negramaro,San Siro Live - Deluxe Edition,1,1,1460,0,0,0,0,0,0,0,1,0,0,0,0,0,0,0,1,0,0,0,0,0
spotify:track:1zB4vmk8tFRmM9UULNzbLB,Thunder,Imagine Dragons,Evolve,1,1,1380,0,0,0,0,0,0,0,1,0,0,0,0,0,0,0,1,0,0,0,0,0
spotify:track:4w8niZpiMy6qz1mntFA5uM,"Taki Taki (with Selena Gomez, Ozuna & Cardi B)",DJ Snake,"Taki Taki (with Selena Gomez, Ozuna & Cardi B)",1,1,8410,0,0,0,0,0,0,0,1,0,0,0,0,0,0,0,1,0,0,0,0,0
spotify:track:4vySWreGAhDr34U0KwZdVP,My Life Is Going On - Burak Yeter Remix,Burak Yeter,My Life Is Going On (Burak Yeter Remix),1,1,930,0,0,0,0,0,0,0,1,0,0,0,0,0,0,0,0,1,0,0,0,0
spotify:track:4zN21mbAuaD0WqtmaTZZeP,Ferrari,James Hype,Ferrari,1,1,23780,0,0,0,0,0,0,0,1,0,0,0,0,0,0,0,1,0,0,0,0,0
spotify:track:4z0PnuB07fxtVZZRWsCfxb,100 Grandkids,Mac Miller,GO:OD AM,1,1,38515,0,0,0,0,0,0,0,0,0,0,1,0,0,0,0,1,0,0,0,0,0
spotify:track:4yiyhWYSGscX8h75Q58ibZ,My World,Kid Cudi,Man On The Moon: The End Of Day,1,1,155910,0,0,0,0,0,0,0,0,0,0,1,0,0,0,0,0,1,0,0,0,0
spotify:track:0uAkm1iQLrzweZ4U1iXy6w,Alfred’s Theme,Eminem,Music To Be Murdered By - Side B,1,1,33567,0,0,0,0,0,0,0,1,0,0,0,0,0,0,0,0,1,0,0,0,0
spotify:track:0ttF21hZCPw2merE3GsHcP,Curtains Up - Skit,Eminem,The Eminem Show,1,0,29826,0,0,0,0,0,0,0,1,0,0,0,0,0,0,0,0,0,0,0,0,1
spotify:track:1ytp1BZurhOk14vErLhivu,Alta marea,Coez,Lovebars,1,0,171903,0,0,0,0,0,0,0,0,0,0,1,0,0,0,0,0,0,0,0,0,1
spotify:track:0tgVpDi06FyKpA1z0VMD4v,Perfect,Ed Sheeran,÷,1,1,77727,0,0,0,0,0,0,0,0,0,0,1,0,0,0,0,0,1,0,0,0,0
spotify:track:0tXUqW8cHBkAwwx6D6boCs,Special - Original Mix,Chesus,"Talking House, Vol. 2",1,1,13800,0,0,0,0,0,0,0,1,0,0,0,0,0,0,0,1,0,0,0,0,0
spotify:track:0tPQPaOKM32WgMSbPCYyRH,Dirty Sexy Money (feat. Charli XCX & French Montana),David Guetta,Dirty Sexy Money (feat. Charli XCX & French Montana),1,1,6410,0,0,0,0,0,0,0,1,0,0,0,0,0,0,0,1,0,0,0,0,0
spotify:track:1xn0gyE2x0FPzSjIlGNc3h,Said to You,TRU Concept,Said to You,1,1,6240,0,0,0,0,0,1,0,0,0,0,0,0,0,0,0,0,1,0,0,0,0
spotify:track:0soq8hqqNs71XDX86pqgEr,We Light Forever Up (feat. Frederick),Benny Benassi,We Light Forever Up (feat. Frederick),1,1,8410,0,0,0,0,0,1,0,0,0,0,0,0,0,0,0,0,1,0,0,0,0
spotify:track:0shK5iZQppbHPQYiy60xs9,Rosa Parks,Outkast,Aquemini,1,1,2490,0,0,0,0,0,0,0,1,0,0,0,0,0,0,0,1,0,0,0,0,0
spotify:track:0sOlvXQVcIku0nEi233myn,Lady (Hear Me Tonight) - Slowed,Elliot Sutton,Lady (Hear Me Tonight) - Slowed,1,1,3886,0,0,0,0,0,0,0,1,0,0,0,0,0,0,0,1,0,0,0,0,0
spotify:track:0sMIqkhsrKaIU3G1WwlY2X,"I Need a Girl (Pt. Two) [feat. Ginuwine, Loon, Mario Winans & Tammy Ruggieri]",Diddy,We Invented The Remix,1,1,2620,0,0,0,0,0,1,0,0,0,0,0,0,0,0,0,0,1,0,0,0,0
spotify:track:0s8QjCX2PHZU0OkJAwUAep,25 To Life,Eminem,Recovery,1,1,576,0,0,0,0,0,0,0,1,0,0,0,0,0,0,0,1,0,0,0,0,0
spotify:track:0s46SltT4On0Z6kglK1I5c,I Just Wanna Love U (Give It 2 Me),JAY-Z,The Dynasty: Roc La Familia,1,1,13790,0,0,0,0,0,0,0,1,0,0,0,0,0,0,0,1,0,0,0,0,0
spotify:track:51wkApQ7le2JWcFGLz84mr,Turn Up The Speakers,AFROJACK,Turn Up The Speakers,1,1,1290,0,0,0,0,0,1,0,0,0,0,0,0,0,0,0,0,1,0,0,0,0
spotify:track:1xLYOECgTSfT8RCUpqMPH1,Will Be One - Todo en Todos Radio Edit,Datura,Will Be One,1,1,7910,0,0,0,0,0,1,0,0,0,0,0,0,0,0,0,1,0,0,0,0,0
spotify:track:51rXHuKN8Loc4sUlKPODgH,"King's Dead (with Kendrick Lamar, Future & James Blake)",Jay Rock,"King's Dead (with Kendrick Lamar, Future & James Blake)",1,1,17740,0,0,0,0,0,0,0,1,0,0,0,0,0,0,0,1,0,0,0,0,0
spotify:track:1ws9IBGum9LLNEdSVNO2pH,Mama (feat. Nitro),Gemitaiz,QVC9 - QUELLO CHE VI CONSIGLIO VOL. 9,1,1,2220,0,0,0,0,0,0,0,1,0,0,0,0,0,0,0,1,0,0,0,0,0
spotify:track:22b2o4zQfh26UBkOxPuusa,Pego,VillaBanks,Quanto Manca,1,0,149393,0,0,0,0,0,0,0,0,0,0,1,0,0,0,0,0,0,0,0,0,1
spotify:track:22UWrM3Lp2f3owvtVPSoAj,Tranne Te,Fabri Fibra,Controcultura,1,0,239960,0,0,0,0,0,0,0,0,0,0,1,0,0,0,0,0,0,0,0,0,1
spotify:track:22SXyL6pUjwIvGWvgGjLov,Can't Feel My Face - Martin Garrix Remix,The Weeknd,Can't Feel My Face,1,1,4450,0,0,0,0,0,0,0,1,0,0,0,0,0,0,0,1,0,0,0,0,0
spotify:track:22Im0DNjOpgvrj47feV9TI,Calcutta,Tananai,Calcutta,1,1,4874,0,0,0,0,0,0,0,1,0,0,0,0,0,0,0,1,0,0,0,0,0
spotify:track:222dTwr5XeEgAzEtsrQA0R,Headlights,Eminem,The Marshall Mathers LP2,1,1,12850,0,0,0,0,0,0,0,1,0,0,0,0,0,0,0,1,0,0,0,0,0
spotify:track:50okpBf3MvXr4FyWB6jJIK,Torcida,Bresh,Torcida,1,1,1060,0,0,0,0,0,0,0,1,0,0,0,0,0,0,0,1,0,0,0,0,0
spotify:track:221XgJXCVkZ1ERPyfO3OlO,Little Things Mean A Lot,Bettye Swann,Bettye Swann,1,1,9762,0,0,0,0,0,0,0,1,0,0,0,0,0,0,0,1,0,0,0,0,0
spotify:track:21qnJAMtzC6S5SESuqQLEK,Pump Up The Jam,Technotronic,Pump Up The Jam,1,1,5155,0,0,0,0,0,0,0,1,0,0,0,0,0,0,0,1,0,0,0,0,0
spotify:track:21iD885b2bwnXTrWT99WxL,00,Rkomi,Dasein Sollen,1,0,191386,0,0,0,0,0,1,0,0,0,0,0,0,0,0,0,0,0,0,0,0,1
spotify:track:50DAHcCqneoupFyh96P2GP,Poison,Bell Biv DeVoe,Poison,1,1,1920,0,0,0,0,0,0,0,1,0,0,0,0,0,0,0,1,0,0,0,0,0
spotify:track:21gfGAimNlE8qWZk0cal83,SPORT - I muscoli (feat. Luchè),Marracash,Persona,1,1,2502,0,0,0,0,0,1,0,0,0,0,0,0,0,0,0,0,1,0,0,0,0
spotify:track:4zfQER4owi8q6NL8Gg63Ya,CRAZYZ,Fuerza Regida,Pa las Baby's Y Belikeada,1,1,24710,0,0,0,0,0,0,0,0,0,1,0,0,0,0,0,1,0,0,0,0,0
spotify:track:57p8CBvPOxrvyCbn6ttl5r,Would You Ever,Skrillex,Would You Ever,1,1,4410,0,0,0,0,0,1,0,0,0,0,0,0,0,0,0,0,1,0,0,0,0
spotify:track:57kR5SniQIbsbVoIjjOUDa,You Know You Like It,DJ Snake,You Know You Like It,1,1,10600,0,0,0,0,0,0,0,1,0,0,0,0,0,0,0,1,0,0,0,0,0
spotify:track:216R11J5g0V49gcsuxyzvQ,Luglio - Massimo Conte Remix,Riccardo Del Turco,Luglio,1,1,1330,0,0,0,0,0,1,0,0,0,0,0,0,0,0,0,0,1,0,0,0,0
spotify:track:57gkpm9dZdFfp1xoBvcZTx,A Sky Full of Stars - Robin Schulz Edit,Coldplay,Prayer,1,1,7956,0,0,0,0,0,0,0,0,0,0,1,0,0,0,0,0,1,0,0,0,0
spotify:track:57Bs2m3Pn2KFGSaTVZimg9,Session One,Eminem,Recovery,1,1,4750,0,0,0,0,0,1,0,0,0,0,0,0,0,0,0,1,0,0,0,0,0
spotify:track:55leNp6KroYHp1x7FZueiq,La rondine,Mango,Disincanto,1,0,43831,0,0,0,0,0,0,0,1,0,0,0,0,1,0,0,0,0,0,0,0,0
spotify:track:55h7vJchibLdUkxdlX3fK7,Treasure,Bruno Mars,Unorthodox Jukebox,1,0,178560,0,0,0,0,0,0,0,0,0,0,1,0,0,0,0,0,0,0,0,0,1
spotify:track:55BbuGqOvwaJd9tw16aVSc,Frate,Club Dogo,Club Dogo,1,1,1280,0,0,0,0,0,0,0,1,0,0,0,0,0,0,0,1,0,0,0,0,0
spotify:track:5467KZaTToEB680WvOd9w5,Ocean Prime (feat. Boldy James),The Alchemist,Yacht Rock 2,1,0,99906,0,0,0,0,0,0,0,0,0,0,1,0,0,0,0,0,0,0,0,0,1
spotify:track:53kFmhBak6PbvO0phyL4Yo,Habits,Eminem,The Death of Slim Shady (Coup De Grâce): Expanded Mourner’s Edition,1,1,543,0,0,0,0,0,0,0,1,0,0,0,0,0,0,0,1,0,0,0,0,0
spotify:track:53MYtv4tzLYg1hbu13Qbc0,Albachiara,Vasco Rossi,Albachiara,1,1,724,0,0,0,0,0,1,0,0,0,0,0,0,0,0,0,0,1,0,0,0,0
spotify:track:53LutukjblYuDBWsIJocl5,Nothing Around Us,Mathame,Nothing Around Us,1,1,5250,0,0,0,0,0,0,0,1,0,0,0,0,0,0,0,1,0,0,0,0,0
spotify:track:52eHiUKvh9btZMY8M3JD03,Acqua Passata,Capo Plaza,Acqua Passata,1,1,803,0,0,0,0,0,0,0,1,0,0,0,0,0,0,0,1,0,0,0,0,0
spotify:track:20t66ReqDDum1dvDSlpZzk,CAZZO CULO (feat. Salmo),Massimo Pericolo,SOLO TUTTO,1,0,233865,1,0,0,0,0,0,0,0,0,0,1,0,0,0,0,0,0,0,0,0,1
spotify:track:52PgJoRz30sRQGOGqXYKdX,Zealots,Fugees,The Score,1,1,2531,0,0,0,0,0,0,0,1,0,0,0,0,0,0,0,1,0,0,0,0,0
spotify:track:20jYtEun4dUdYZ9foaOC48,My Humps,Black Eyed Peas,Monkey Business,1,1,640,0,0,0,0,0,1,0,0,0,0,0,0,0,0,0,0,1,0,0,0,0
spotify:track:1vq1KgeHuDaS3qyhwfpF0P,How Could I Ever (feat. Shungudzo),KUU,How Could I Ever (feat. Shungudzo),1,1,8580,0,0,0,0,0,0,0,1,0,0,0,0,0,0,0,1,0,0,0,0,0
spotify:track:0qaWEvPkts34WF68r8Dzx9,Turn Me On (feat. Vula),Riton,Turn Me On (feat. Vula),1,1,2760,0,0,0,0,0,0,0,1,0,0,0,0,0,0,0,0,1,0,0,0,0
spotify:track:0qAMjeQFyd1qD0LDiV8gWp,Black Horse And The Cherry Tree,KT Tunstall,Eye To The Telescope,1,1,4687,0,0,0,0,0,0,0,0,0,0,1,0,0,0,0,1,0,0,0,0,0
spotify:track:1vCZa6jsd2KpXZgjO4Ahd4,Warrior (feat. SG Lewis),Aluna,Renaissance,1,1,13048,1,0,0,0,0,1,0,0,0,0,0,0,0,0,0,0,1,0,0,0,0
spotify:track:1uuUnsWpJwqBh5GRQ8uxla,Happier - Tiësto’s AFTR:HRS Remix,Ed Sheeran,Happier,1,1,25273,0,0,0,0,0,0,0,0,0,0,1,0,0,0,0,0,1,0,0,0,0
spotify:track:1tse93p9ApWJtMGYRxCKNm,Ora che non ho più te,Cesare Cremonini,Ora che non ho più te,1,0,303032,1,0,0,0,0,0,0,0,0,0,1,0,0,0,0,0,0,0,0,0,1
spotify:track:0psrSwsDcH2R2xzMSO4wxo,On the Beach - Short Edit,Nora En Pure,On the Beach,1,1,6600,0,0,0,0,0,1,0,0,0,0,0,0,0,0,0,0,1,0,0,0,0
spotify:track:0pg4ptWsO9eMH6nEhrM9fD,Stop And Stare,OneRepublic,Dreaming Out Loud,1,1,21340,0,0,0,0,0,0,0,0,0,1,0,0,0,0,0,1,0,0,0,0,0
spotify:track:0pQynoxBL4AvYyt67pZ74x,Deep Cover,Dr. Dre,Rap RnB,1,1,0,0,0,0,0,0,1,0,0,0,0,0,0,0,0,0,0,1,0,0,0,0
spotify:track:1swaftqa6ahRIFf9E48FlN,We Can Do Better,Matt Simons,After The Landslide,1,1,5680,0,0,0,0,0,0,0,1,0,0,0,0,0,0,0,1,0,0,0,0,0
spotify:track:1sv41rYgHhPWdyzwk5K9zy,Alfred - Intro,Eminem,Music To Be Murdered By - Side B,1,1,228,0,0,0,0,0,0,0,1,0,0,0,0,0,0,0,1,0,0,0,0,0
spotify:track:0oZj6Xl6JJrr15jn05fcAe,Come Alive,FMLYBND,Come Alive,1,0,7200,0,0,0,0,0,0,0,1,0,0,0,0,1,0,0,0,0,0,0,0,0
spotify:track:0nrRP2bk19rLc0orkWPQk2,Wake Me Up,Avicii,True,1,1,9410,0,0,0,0,0,1,0,0,0,0,0,0,0,0,0,1,0,0,0,0,0
spotify:track:22mek4IiqubGD9ctzxc69s,How Deep Is Your Love,Calvin Harris,How Deep Is Your Love,1,1,18300,0,0,0,0,0,1,0,0,0,0,0,0,0,0,0,0,1,0,0,0,0
spotify:track:57wp7VFnV8X0pSVnYArGeJ,Whatever She Wants,Bryson Tiller,Whatever She Wants,1,1,8870,0,0,0,0,0,0,0,1,0,0,0,0,0,0,0,1,0,0,0,0,0
spotify:track:57qOMZrbvnYyPRLodmnQk8,L'isola che non c'è,Edoardo Bennato,Sono Solo Canzonette,1,0,240506,0,0,0,0,0,0,0,0,0,0,1,0,0,0,0,0,0,0,0,0,1
spotify:track:5CGDrFkXmbdetIgUt77V9g,Up Up & Away,Kid Cudi,Man On The Moon: The End Of Day,1,1,4520,0,0,0,0,0,1,0,0,0,0,0,0,0,0,0,0,1,0,0,0,0
spotify:track:5BsGmbPJyupA70FlD7NtbS,Luxury,Azealia Banks,Broke with Expensive Taste,1,1,44188,0,0,0,0,0,0,0,1,0,0,0,0,0,0,0,1,0,0,0,0,0
spotify:track:22gXA7HlEd0z13zdc3hju7,Tammy's Song (Her Evils),Kendrick Lamar,Section.80,1,0,161670,0,0,0,0,0,0,0,0,0,0,1,0,0,0,0,0,0,0,0,0,1
spotify:track:5AcUgqPY9xGZENqO9fr45W,Joy - Radio Edit,Otis Hajo,Joy,1,1,11630,0,0,0,0,0,1,0,0,0,0,0,0,0,0,0,0,1,0,0,0,0
spotify:track:5AFrctm65wWIqJsjHPPx85,Midnight Hour with Boys Noize & Ty Dolla $ign,Skrillex,Midnight Hour with Boys Noize & Ty Dolla $ign,1,1,2050,0,0,0,0,0,1,0,0,0,0,0,0,0,0,0,0,1,0,0,0,0
spotify:track:5A6OHHy73AR5tLxgTc98zz,Black and Yellow,Wiz Khalifa,Rolling Papers,1,1,742,0,0,0,0,0,0,0,1,0,0,0,0,0,0,0,1,0,0,0,0,0
spotify:track:59z8uxWZVFpL2LfZ5C9AzY,Public Service Announcement,Eminem,The Slim Shady LP,1,0,33093,0,0,0,0,0,0,0,1,0,0,0,0,0,0,0,0,0,0,0,0,1
spotify:track:59yxjfkqhOPacjiolBHQDC,The Right Song,Tiësto,The Right Song,1,1,1090,0,0,0,0,0,1,0,0,0,0,0,0,0,0,0,0,1,0,0,0,0
spotify:track:26haJjtanhamtf25RXH0MO,All Stars,Martin Solveig,All Stars,1,1,1130,0,0,0,0,0,1,0,0,0,0,0,0,0,0,0,0,1,0,0,0,0
spotify:track:26h7MWNwpIaAJAExJ68xww,Cena di Classe,Pinguini Tattici Nucleari,Fake News,1,1,10370,0,0,0,0,0,0,0,1,0,0,0,0,0,0,0,1,0,0,0,0,0
spotify:track:59RSrxkSKSixEWBAIvE5Wa,Starships,Nicki Minaj,Pink Friday ... Roman Reloaded,1,0,210626,1,0,0,0,0,0,0,0,0,0,1,0,0,0,0,0,0,0,0,0,1
spotify:track:59CrwNtNqzOmODXRxwaknc,Break My Heart,Dua Lipa,Future Nostalgia,1,0,221820,0,0,0,0,0,0,0,0,0,0,1,0,0,0,0,0,0,0,0,0,1
spotify:track:596fQREtpVHWRl3xCmVhEM,Smith & Wesson Freestyle (feat. Marracash),Guè,Fastlife 4,1,1,6786,0,0,0,0,0,1,0,0,0,0,0,0,0,0,0,0,1,0,0,0,0
spotify:track:58QhkbaAkLFnn7JwAnAato,Fall,Eminem,Kamikaze,1,1,210,0,0,0,0,0,0,0,1,0,0,0,0,0,0,0,1,0,0,0,0,0
spotify:track:589nwOOS76ap8s2P3OIWIV,"Liverpool F.C.: You'll Never Walk Alone - Fans Choir, Pt. 2",Pubblico,Liverpool F.C.: You'll Never Walk Alone,1,0,3700,0,0,0,0,0,0,0,1,0,0,0,0,1,0,0,0,0,0,0,0,0
spotify:track:25tsnA5lDP4UctAQOoa8Ks,I'll Be Missing You,Diddy,BAD BOY CELEBRATES DIDDY: The Artist,1,1,4880,0,0,0,0,0,0,0,1,0,0,0,0,0,0,0,0,1,0,0,0,0
spotify:track:5DtzKlHN5Gay3JkIZKztmS,It's My Ego,Ice Cube,It's My Ego,1,0,27585,0,0,0,0,0,0,0,0,0,0,1,0,1,0,0,0,0,0,0,0,0
spotify:track:5Dl3rpoBEgHKctcUt5SZGC,Gnat,Eminem,Curtain Call 2,1,1,206,0,0,0,0,0,0,0,1,0,0,0,0,0,0,0,1,0,0,0,0,0
spotify:track:5D34wRmbFS29AjtTOP2QJe,"yes, and?",Ariana Grande,eternal sunshine,1,1,2520,0,0,0,0,0,1,0,0,0,0,0,0,0,0,0,0,1,0,0,0,0
spotify:track:25jQEpK1jTQ2GR6NJQJIX3,Vida 23,Pitbull,I Am Armando - Armando Reloaded,1,1,7123,0,0,0,0,0,1,0,0,0,0,0,0,0,0,0,1,0,0,0,0,0
spotify:track:25dCk04BygnSXHsyDc9S7u,Give Me,Boye & Sigvardt,Give Me,1,1,8600,0,0,0,0,0,0,0,1,0,0,0,0,0,0,0,0,1,0,0,0,0
spotify:track:25KFkexAg7vvy2lYRYv2gl,Parlami D'Amore,Negramaro,La Finestra,1,0,199866,0,0,0,0,0,0,0,0,0,0,1,0,0,0,0,0,0,0,0,0,1
spotify:track:0mtbWYTfoqKpqzf3xKS1NV,Ashes,Uplink,Ashes,1,1,5230,0,0,0,0,0,1,0,0,0,0,0,0,0,0,0,0,1,0,0,0,0
spotify:track:24iEb8yKTCjTNp1rZzeLGW,Lay Down,Trip Lee,Lay Down,1,1,34353,0,0,0,0,0,1,0,0,0,0,0,0,0,0,0,0,1,0,0,0,0
spotify:track:0meOiJo75NS248IqsNwkhO,Lady Hear Me Tonight (Deep House Amm Remix),Armando Music,Lady Hear Me Tonight (Deep House Amm Remix),1,0,3644,0,0,0,0,0,0,0,1,0,0,0,0,1,0,0,0,0,0,0,0,0
spotify:track:24Yi9hE78yPEbZ4kxyoXAI,Roses - Imanbek Remix,SAINt JHN,Roses,1,1,1480,0,0,0,0,0,1,0,0,0,0,0,0,0,0,0,0,1,0,0,0,0
spotify:track:0kzGjSRHGVcaWxagzQwAyD,Bando,ANNA,Bando,1,1,1350,0,0,0,0,0,1,0,0,0,0,0,0,0,0,0,1,0,0,0,0,0
spotify:track:0ksqA7waEGNDkGkmRz0Gwj,Milly (feat. Sfera Ebbasta),Club Dogo,Club Dogo,1,1,3310,0,0,0,0,0,0,0,1,0,0,0,0,0,0,0,1,0,0,0,0,0
spotify:track:24NPziq3dayIMKppeI94Um,Last Night,Keyshia Cole,Just Like You,1,1,1790,0,0,0,0,0,1,0,0,0,0,0,0,0,0,0,0,1,0,0,0,0
spotify:track:23ehR4jpFQFMfDADgFdXR7,Rise & Fall (feat. Sting),Craig David,Slicker than Your Average,1,0,85460,0,0,0,0,0,0,0,1,0,0,0,0,1,0,0,0,0,0,0,0,0
spotify:track:5CQvKyzkWI7TnUu2oB9QZ0,Alright,Supergrass,I Should Coco,1,1,0,0,0,0,0,0,1,0,0,0,0,0,0,0,0,0,1,0,0,0,0,0
spotify:track:5CMjjywI0eZMixPeqNd75R,Lose Yourself to Dance (feat. Pharrell Williams),Daft Punk,Random Access Memories,1,1,6900,0,0,0,0,0,0,0,1,0,0,0,0,0,0,0,1,0,0,0,0,0
spotify:track:5Hk4Mpex0s2ndUpDQ5v2rU,Walk Of Life - Remastered 1996,Dire Straits,Brothers In Arms,1,1,18160,0,0,0,0,0,0,0,1,0,0,0,0,0,0,0,1,0,0,0,0,0
spotify:track:5HNoLjQ6boaxXyodxlOR0R,Tu vivi nell'aria - Goodzilla Bounce Remix Edit,Miani,Tu vivi nell'aria,1,1,8500,0,0,0,0,0,1,0,0,0,0,0,0,0,0,0,1,0,0,0,0,0
spotify:track:5GxnROd93Y7NGt2ci0TwBw,Mr. Clean,Yung Gravy,Snow Cougar,1,1,19510,0,0,0,0,0,0,0,1,0,0,0,0,0,0,0,1,0,0,0,0,0
spotify:track:5GtUTcvOx52F5648wXQfc7,PROBLEMATIC,¥$,VULTURES 1,1,1,1197,0,0,0,0,0,0,0,1,0,0,0,0,0,0,0,1,0,0,0,0,0
spotify:track:5GjPQ0eI7AgmOnADn1EO6Q,Eleanor Rigby - Remastered 2009,The Beatles,Revolver,1,1,330,0,0,0,0,0,1,0,0,0,0,0,0,0,0,0,0,1,0,0,0,0
spotify:track:5GclZWNWIMKpbHFxHwzJCQ,Demoni,Mecna,Mentre Nessuno Guarda,1,1,5191,1,0,0,0,0,1,0,0,0,0,0,0,0,0,0,0,1,0,0,0,0
spotify:track:22vXbWXKjbVe34heiTgeUj,Scintille,Gazzelle,Punk,1,1,3630,0,0,0,0,0,0,0,1,0,0,0,0,0,0,0,1,0,0,0,0,0
spotify:track:2B4GHvToeLTOBB4QLzW3Ni,Pepas,Farruko,La 167,1,1,1820,0,0,0,0,0,0,0,1,0,0,0,0,0,0,0,1,0,0,0,0,0
spotify:track:5GEehBTspT5vfv3cGDoaDi,Survival,Eminem,The Marshall Mathers LP2,1,1,29738,0,0,0,0,0,1,0,0,0,0,0,0,0,0,0,0,1,0,0,0,0
spotify:track:29kP1nQ0wAoGdkjlZB9f1a,Renaissance,Eminem,The Death of Slim Shady (Coup De Grâce): Expanded Mourner’s Edition,1,1,2266,0,0,0,0,0,0,0,1,0,0,0,0,0,0,0,1,0,0,0,0,0
spotify:track:5FYHVGP9TINgbfLvzMhnVl,Gimme A Second 2,Rich The Kid,Gimme A Second 2,1,1,3320,0,0,0,0,0,0,0,1,0,0,0,0,0,0,0,1,0,0,0,0,0
spotify:track:29U7stRjqHU6rMiS8BfaI9,What A Wonderful World,Louis Armstrong,What A Wonderful World,1,1,2923,0,0,0,0,0,1,0,0,0,0,0,0,0,0,0,0,1,0,0,0,0
spotify:track:5F4jNQAtcorOBctGgpcjNh,FVR105 - p-rallel Remix,NiNE8,FVR105,1,1,4110,0,0,0,0,0,0,0,1,0,0,0,0,0,0,0,1,0,0,0,0,0
spotify:track:5EpBEqf5bnKeJ3p4zA1Sod,SUPREME - L'ego (feat. thasup & Sfera Ebbasta),Marracash,Persona,1,1,44604,0,0,0,0,0,1,0,0,0,0,0,0,0,0,0,0,1,0,0,0,0
spotify:track:28mv40MzspRZn0PBcO2itT,Act A Fool,Ludacris,2 Fast 2 Furious,1,1,1460,0,0,0,0,0,0,0,1,0,0,0,0,0,0,0,1,0,0,0,0,0
spotify:track:5EWPGh7jbTNO2wakv8LjUI,Free Bird,Lynyrd Skynyrd,Pronounced' Leh-'Nerd 'Skin-'Nerd,1,1,170091,0,0,0,0,0,0,0,0,0,0,1,0,0,0,0,0,1,0,0,0,0
spotify:track:0jnGzpdjzrrcSSu0Sh7tro,Back To You,Luca Debonaire,Back To You,1,1,4570,0,0,0,0,0,1,0,0,0,0,0,0,0,0,0,0,1,0,0,0,0
spotify:track:0iw1fXxzNorpcTu74CbK9j,Tragic Endings,Eminem,Revival,1,0,252026,0,0,0,0,0,0,0,0,0,0,1,0,0,0,0,0,0,0,0,0,1
spotify:track:0iV249pmrKatl4dJdRxOwz,Don't Forget 'Em (Remix) [feat. Kanye West],Consequence,Don't Forget 'Em (Remix) [feat. Kanye West],1,1,8406,0,0,0,0,0,0,0,0,0,0,1,0,0,0,0,0,1,0,0,0,0
spotify:track:0iMN420Q45isZVNlAqzPTW,Love Game,Eminem,The Marshall Mathers LP2,1,0,296953,0,0,0,0,0,1,0,0,0,0,0,0,0,0,0,0,0,0,0,0,1
spotify:track:0iGckQFyv6svOfAbAY9aWJ,Hot N Cold,Katy Perry,One Of The Boys,1,0,147733,0,0,0,0,0,0,0,0,0,0,1,0,1,0,0,0,0,0,0,0,0
spotify:track:28fRkU3vhqAJdl9i9458pQ,MARYLEAN (feat. Marracash) - prod. Low Kidd,MACHETE,MACHETE MIXTAPE 4,1,1,5593,0,0,0,0,0,1,0,0,0,0,0,0,0,0,0,0,1,0,0,0,0
spotify:track:0hKtu53OlIFXVuYkZwcn3o,Cinderella,Future,WE DON'T TRUST YOU,1,1,4273,0,0,0,0,0,0,0,1,0,0,0,0,0,0,0,1,0,0,0,0,0
spotify:track:0hAMkY2kwdXPPDfQ1e3BmJ,Dancing Shoes,Arctic Monkeys,"Whatever People Say I Am, That's What I'm Not",1,1,6230,0,0,0,0,0,0,0,1,0,0,0,0,0,0,0,1,0,0,0,0,0
spotify:track:0h3Xy4V4apMraB5NuM8U7Z,Stumblin' In,CYRIL,Stumblin' In,1,1,51427,0,0,0,0,0,0,0,1,0,0,0,0,0,0,0,1,0,0,0,0,0
spotify:track:0gucUyFMFRMlUiVn9US4YX,Losers (Feat. Jelly Roll),Post Malone,F-1 Trillion,1,1,3490,0,0,0,0,0,0,0,1,0,0,0,0,0,0,0,0,1,0,0,0,0
spotify:track:0gn93i7HJt0calph67R5Wu,WTF (feat. Amber Van Day),HUGEL,WTF (feat. Amber Van Day),1,1,5960,0,0,0,0,0,1,0,0,0,0,0,0,0,0,0,0,0,0,0,1,0
spotify:track:0gkV0FyCdrJqwyrFW7NsEQ,Come mai,883,Nord Sud Ovest Est,1,1,880,0,0,0,0,0,1,0,0,0,0,0,0,0,0,0,0,1,0,0,0,0
spotify:track:285pBltuF7vW8TeWk8hdRR,Lucid Dreams,Juice WRLD,Goodbye & Good Riddance,1,1,71724,0,0,0,0,0,0,0,0,0,0,1,0,0,0,0,0,1,0,0,0,0
spotify:track:27eOHLIdWzqzZawiRSEi9s,Ricky Ticky Toc,Eminem,Encore,1,1,5317,0,0,0,0,0,0,0,1,0,0,0,0,0,0,0,1,0,0,0,0,0
spotify:track:5IWgFYcdZ7BqRYKW6lzsAg,Cin Cin,Alfa,Before Wanderlust,1,1,3207,0,0,0,0,0,0,0,1,0,0,0,0,0,0,0,1,0,0,0,0,0
spotify:track:5IMtdHjJ1OtkxbGe4zfUxQ,Escape (The Pina Colada Song),Rupert Holmes,Partners In Crime,1,1,46656,0,0,0,0,0,0,0,0,0,0,1,0,0,0,0,0,1,0,0,0,0
spotify:track:27a1mYSG5tYg7dmEjWBcmL,CAN'T SAY,Travis Scott,ASTROWORLD,1,1,26339,0,0,0,0,0,0,0,0,0,0,1,0,0,0,0,1,0,0,0,0,0
spotify:track:5Mtt6tZSZA9cXTHGSGpyh0,The Blacker The Berry,Kendrick Lamar,To Pimp A Butterfly,1,1,10600,0,0,0,0,0,0,0,1,0,0,0,0,0,0,0,1,0,0,0,0,0
spotify:track:27AHAtAirQapVldIm4c9ZX,Jump,Kris Kross,Totally Krossed Out,1,1,2180,0,0,0,0,0,0,0,1,0,0,0,0,0,0,0,1,0,0,0,0,0
spotify:track:5MMW4CZsZiZt2iuqAXzzWC,The Heart Part 5,Kendrick Lamar,The Heart Part 5,1,1,9422,0,0,0,0,0,0,0,1,0,0,0,0,0,0,0,1,0,0,0,0,0
spotify:track:5MGMXOhVvwzCjFgdQsFokR,SLIDE,¥$,VULTURES 2,1,1,5612,0,0,0,0,0,0,0,1,0,0,0,0,0,0,0,1,0,0,0,0,0
spotify:track:26rdOwwjC2UnweK3xeS58u,GDFR (feat. Sage the Gemini & Lookas),Flo Rida,My House,1,1,2642,0,0,0,0,0,0,0,1,0,0,0,0,0,0,0,1,0,0,0,0,0
spotify:track:1qZMPmpD1jDcOA7gZ6TCde,One (Your Name) - Radio Edit,Swedish House Mafia,One (Your Name),1,1,4530,0,0,0,0,0,1,0,0,0,0,0,0,0,0,0,0,1,0,0,0,0
spotify:track:2FoahzOSxJnalPA8aBUme3,all of me,21 Savage,american dream,1,1,6450,0,0,0,0,0,0,0,1,0,0,0,0,0,0,0,1,0,0,0,0,0
spotify:track:2Fjz5ZC5BvFdCqcnTZ3ilH,Sing Me to Sleep,Alan Walker,Sing Me to Sleep,1,1,6860,0,0,0,0,0,1,0,0,0,0,0,0,0,0,0,0,1,0,0,0,0
spotify:track:2FSEIUUQCopkIyBKps8A0E,Andiamo A Comandare,Fabio Rovazzi,Andiamo A Comandare,1,1,2410,0,0,0,0,0,0,0,1,0,0,0,0,0,0,0,1,0,0,0,0,0
spotify:track:5KkH1w1g6ACMRoz1fYvWCb,Notte gialla (feat. Madame),Emis Killa,"Keta Music, Vol. 3",1,0,191065,1,0,0,0,0,0,0,0,0,0,1,0,0,0,0,0,0,0,0,0,1
spotify:track:2FPtJP6CQ68hOTHt0OysXC,Paul - Skit,Eminem,Encore,1,1,0,0,0,0,0,0,1,0,0,0,0,0,0,0,0,0,0,1,0,0,0,0
spotify:track:5KUNwkaNf8l5A9sXZhiCgI,Rapp Snitch Knishes feat. Mr. Fantastik,MF DOOM,MM...FOOD,1,1,8510,0,0,0,0,0,0,0,1,0,0,0,0,0,0,0,1,0,0,0,0,0
spotify:track:5KONnBIQ9LqCxyeSPin26k,Trumpets,Jason Derulo,Talk Dirty,1,0,217419,0,0,0,0,0,0,0,0,0,0,1,0,0,0,0,0,0,0,0,0,1
spotify:track:2EpUHz5TqbAAQ8iweD75p6,The Enemy (feat. Fat Joe),Big L,The Big Picture,1,1,56954,0,0,0,0,0,0,0,0,0,0,1,0,0,0,0,0,1,0,0,0,0
spotify:track:5IbiQAbMBe5T2K67mCAIx3,D'estate non vale (feat. Ana Mena),Fred De Palma,Uebe,1,1,16900,0,0,0,0,0,1,0,0,0,0,0,0,0,0,0,1,0,0,0,0,0
spotify:track:5QqCTlzMOfEHVBnK7dlqIq,Tu Cuerpo,Pitbull,I Am Armando - Armando Reloaded,1,1,4522,0,0,0,0,0,0,0,0,0,0,1,0,0,0,0,0,1,0,0,0,0
spotify:track:5QifrqmnjHzdOuBAheeeNU,Say Something - Zac Samuel Remix,Karen Harding,Say Something,1,1,4180,0,0,0,0,0,1,0,0,0,0,0,0,0,0,0,0,1,0,0,0,0
spotify:track:5QO79kh1waicV47BqGRL3g,Save Your Tears,The Weeknd,After Hours,1,0,215626,0,0,0,0,0,0,0,0,0,0,1,0,0,0,0,0,0,0,0,0,1
spotify:track:5QIbR39hAEDIOkr4ggh4xc,Atomic,Blondie,Eat To The Beat,1,1,11330,0,0,0,0,0,0,0,0,0,1,0,0,0,0,0,1,0,0,0,0,0
spotify:track:2EC9IJj7g0mN1Q5VrZkiYY,Rebel Rebel - 2016 Remaster,David Bowie,Diamond Dogs,1,1,8082,0,0,0,0,0,0,0,1,0,0,0,0,0,0,0,1,0,0,0,0,0
spotify:track:2E3eOycFibF2NW5ccWZHAK,Just for One Night (feat. Astrid S) - JLV Remix,Blonde,Just for One Night (feat. Astrid S),1,1,1900,0,0,0,0,0,1,0,0,0,0,0,0,0,0,0,0,1,0,0,0,0
spotify:track:5PGYWv9Xp4IraLSDs8h1bY,Changes,Butterfly Boucher,Shrek 2,1,1,6327,0,0,0,0,0,0,0,1,0,0,0,0,0,0,0,1,0,0,0,0,0
spotify:track:5OxcLLhgf2YMPT84NrYAQo,DA BUTTARE - Il ca**o,Marracash,Persona,1,1,4169,0,0,0,0,0,1,0,0,0,0,0,0,0,0,0,0,1,0,0,0,0
spotify:track:5Ohxk2dO5COHF1krpoPigN,Sign of the Times,Harry Styles,Harry Styles,1,1,2110,0,0,0,0,0,0,0,1,0,0,0,0,0,0,0,1,0,0,0,0,0
spotify:track:5O8L4I2S4izFGDjvP7xAKv,You Know You're Right,Nirvana,Nirvana,1,1,42670,0,0,0,0,0,0,0,0,0,1,0,0,0,0,0,1,0,0,0,0,0
spotify:track:5NpKtnAo7PMzuP10QYWqeo,Booty,Jennifer Lopez,A.K.A.,1,1,0,0,0,0,0,0,0,0,1,0,0,0,0,0,0,0,0,1,0,0,0,0
spotify:track:2DHNCWZYmVr1Lv08q5b0kB,Roses,Kanye West,Late Registration,1,1,8640,0,0,0,0,0,0,0,1,0,0,0,0,0,0,0,1,0,0,0,0,0
spotify:track:5Ng6UbryNd3eds2zQk9MUf,Spellbound,Siouxsie and the Banshees,Juju,1,1,13630,0,0,0,0,0,0,0,0,0,1,0,0,0,0,0,1,0,0,0,0,0
spotify:track:5NYejXf1mwigePilCGLjdM,Call Me A Spaceman,Hardwell,Spaceman,1,1,8290,0,0,0,0,0,0,0,1,0,0,0,0,0,0,0,1,0,0,0,0,0
spotify:track:2BqfIlpahcebJPeu1IUTEo,Do Me a Favour,Arctic Monkeys,Favourite Worst Nightmare,1,1,5520,0,0,0,0,0,0,0,1,0,0,0,0,0,0,0,1,0,0,0,0,0
spotify:track:5N5k9nd479b1xpDZ4usjrg,Promises (with Sam Smith),Calvin Harris,Promises (with Sam Smith),1,1,970,0,0,0,0,0,1,0,0,0,0,0,0,0,0,0,0,1,0,0,0,0
spotify:track:5TmFTHZp7HjBXjjsFvCY6h,Destination Calabria - Radio Edit,Alex Gaudino,Destination Calabria,1,1,3170,0,0,0,0,0,1,0,0,0,0,0,0,0,0,0,0,1,0,0,0,0
spotify:track:5TbzAWWc5eJaANpA9kfGCd,Love Me Again,John Newman,Tribute,1,1,1280,0,0,0,0,0,0,0,1,0,0,0,0,0,0,0,1,0,0,0,0,0
spotify:track:5TXDeTFVRVY7Cvt0Dw4vWW,Revenge,XXXTENTACION,17,1,1,1160,0,0,0,0,0,0,0,1,0,0,0,0,0,0,0,1,0,0,0,0,0
spotify:track:5TTGoX70AFrTvuEtqHK37S,No. 1 Party Anthem,Arctic Monkeys,AM,1,1,4060,0,0,0,0,0,0,0,1,0,0,0,0,0,0,0,1,0,0,0,0,0
spotify:track:5TDErCJDnkz8iJkfR11tP8,TOGETHER,KAYTRANADA,99.9%,1,1,3050,0,0,0,0,0,0,0,1,0,0,0,0,0,0,0,1,0,0,0,0,0
spotify:track:5TC8MQflxpxmChgiaIlj63,Simple As...,Kid Cudi,Man On The Moon: The End Of Day,1,1,66980,0,0,0,0,0,1,0,0,0,0,0,0,0,0,0,0,1,0,0,0,0
spotify:track:5SyedOgBgBwH41jSHfwBy9,Bagpipes From Baghdad,Eminem,Relapse [Deluxe],1,1,197,0,0,0,0,0,0,0,1,0,0,0,0,0,0,0,1,0,0,0,0,0
spotify:track:5StvAhgmgCOpCPHHNfS8bx,"Watch Out For This (Bumaye) [feat. Busy Signal, The Flexican, FS Green]",Major Lazer,Free the Universe,1,1,3387,0,0,0,0,0,0,0,1,0,0,0,0,0,0,0,1,0,0,0,0,0
spotify:track:5Sc5tNISXoSngUrgluerdm,Bomber,Il Pagante,Entro in pass,1,1,840,0,0,0,0,0,1,0,0,0,0,0,0,0,0,0,0,1,0,0,0,0
spotify:track:5SB73InpxuEQ20qEWhOQFV,Chunky,Format:B,Chunky,1,1,36040,0,0,0,0,0,0,0,1,0,0,0,0,0,0,0,1,0,0,0,0,0
spotify:track:2BgEsaKNfHUdlh97KmvFyo,2002,Anne-Marie,Speak Your Mind,1,1,5330,0,0,0,0,0,0,0,0,0,0,1,0,0,0,0,1,0,0,0,0,0
spotify:track:2Fxmhks0bxGSBdJ92vM42m,bad guy,Billie Eilish,"WHEN WE ALL FALL ASLEEP, WHERE DO WE GO?",1,1,7634,0,0,0,0,0,1,0,0,0,0,0,0,0,0,0,0,1,0,0,0,0
spotify:track:1sTsuZTdANkiFd7T34H3nb,Human,The Killers,Day & Age - Bonus Tracks,1,1,3330,0,0,0,0,0,0,0,1,0,0,0,0,0,0,0,1,0,0,0,0,0
spotify:track:5RvYbjPoLlvFw60ZrSufCi,ANTHEM,Salmo,CVLT,1,1,370,0,0,0,0,0,0,0,1,0,0,0,0,0,0,0,1,0,0,0,0,0
spotify:track:5ReLOUboXvaOVariwEJnl3,Like It Is - Mixed,Coeo,Defected In The House Radio Show Episode 041 (hosted by Sam Divine),1,1,6390,0,0,0,0,0,0,0,1,0,0,0,0,0,0,0,1,0,0,0,0,0
spotify:track:1s16yZ0cyNAJJT1iUVMwam,If You Want It,Niteflyte,Niteflyte,1,1,7576,0,0,0,0,0,0,0,1,0,0,0,0,0,0,0,1,0,0,0,0,0
spotify:track:5UqCQaDshqbIk3pkhy4Pjg,Levels - Radio Edit,Avicii,Levels,1,1,192550,0,0,0,0,0,1,0,0,0,0,0,0,0,0,0,0,1,0,0,0,0
spotify:track:1rqqCSm0Qe4I9rUvWncaom,High Hopes,Panic! At The Disco,Pray for the Wicked,1,1,1660,0,0,0,0,0,0,0,1,0,0,0,0,0,0,0,1,0,0,0,0,0
spotify:track:5UJmwdqGP7RONuVzYnHjUp,Hey You - 2011 Remastered Version,Pink Floyd,The Wall (Remastered),1,1,2220,0,0,0,0,0,0,0,0,0,0,1,0,0,0,0,0,1,0,0,0,0
spotify:track:0f8PaQYidr2eeeNsrWbYsf,Take Me Down,Mike Williams,Take Me Down,1,1,5080,0,0,0,0,0,0,0,1,0,0,0,0,0,0,0,1,0,0,0,0,0
spotify:track:1rfofaqEpACxVEHIZBJe6W,Havana (feat. Young Thug),Camila Cabello,Camila,1,1,3180,0,0,0,0,0,0,0,1,0,0,0,0,0,0,0,1,0,0,0,0,0
spotify:track:0evt4UZbdhnHtcAnxkm6A1,Normal,Eminem,Kamikaze,1,1,80658,0,0,0,0,0,0,0,0,0,0,1,0,0,0,0,0,1,0,0,0,0
spotify:track:0eu4C55hL6x29mmeAjytzC,Life Goes On,Oliver Tree,"Ugly is Beautiful: Shorter, Thicker & Uglier",1,1,1560,0,0,0,0,0,0,0,1,0,0,0,0,0,0,0,1,0,0,0,0,0
spotify:track:0ebZe792efS857spGJGteD,V.A.I.,Gemelli Diversi,Tutto da capo,1,1,7056,1,0,0,0,0,1,0,0,0,0,0,0,0,0,0,0,1,0,0,0,0
spotify:track:1rVPV7us0kW0mXBgoNKAYK,Le Cose In Comune,Alfa,Le Cose In Comune,1,1,6542,0,0,0,0,0,0,0,1,0,0,0,0,0,0,0,1,0,0,0,0,0
spotify:track:0eEXcw3JLVXcRxYrVYMy68,Electric Relaxation,A Tribe Called Quest,The Anthology,1,1,4182,0,0,0,0,0,1,0,0,0,0,0,0,0,0,0,0,1,0,0,0,0
spotify:track:0e7ipj03S05BNilyu5bRzt,rockstar (feat. 21 Savage),Post Malone,beerbongs & bentleys,1,1,2277,0,0,0,0,0,0,0,1,0,0,0,0,0,0,0,1,0,0,0,0,0
spotify:track:0e13CHS8vLGirFehnswUIS,Circles Around The Sun,DISPATCH,Circles Around The Sun,1,1,11880,0,0,0,0,0,0,0,1,0,0,0,0,0,0,0,1,0,0,0,0,0
spotify:track:0dyWQoMOU9oERL6c9vxtRp,25 To Life,Eminem,Recovery,1,0,241586,0,0,0,0,0,0,0,0,0,0,1,0,0,0,0,0,0,0,0,0,1
spotify:track:0dsdVX11jwfFhHNXmnYjxM,Mine - Bazzi vs. Eden Prince Remix,Bazzi vs.,Mine,1,1,11180,0,0,0,0,0,1,0,0,0,0,0,0,0,0,0,1,0,0,0,0,0
spotify:track:0dfQwyoZoS9LgQiU6AJO7f,100% Pure Love,Crystal Waters,The Best Of Crystal Waters,1,1,2600,0,0,0,0,0,0,0,1,0,0,0,0,0,0,0,1,0,0,0,0,0
spotify:track:1rDFHwb60YvuSfaCSp0Q4p,Guilty Conscience 2,Eminem,The Death of Slim Shady (Coup De Grâce): Expanded Mourner’s Edition,1,1,907,0,0,0,0,0,0,0,1,0,0,0,0,0,0,0,1,0,0,0,0,0
spotify:track:5YUlyo3ChqFBEFI8opsPix,We Are The People,Empire Of The Sun,Walking On A Dream,1,1,4330,0,0,0,0,0,0,0,1,0,0,0,0,0,0,0,1,0,0,0,0,0
spotify:track:5YPMEOJ58kfl56VHxTgwx3,Play Hard (feat. Ne-Yo & Akon),David Guetta,Nothing but the Beat,1,1,82228,0,0,0,0,0,0,0,0,0,0,1,0,0,0,0,1,0,0,0,0,0
spotify:track:1r7UK61NfEp0dPscWav94I,Barbie,VillaBanks,Quanto Manca,1,0,165810,0,0,0,0,0,0,0,0,0,0,1,0,0,0,0,0,0,0,0,0,1
spotify:track:5XhXt7kcM4rSvo03faDAjY,My Mom,Eminem,Relapse,1,1,6537,0,0,0,0,0,1,0,0,0,0,0,0,0,0,0,0,1,0,0,0,0
spotify:track:5XPtxe7eKdHt3vWJcUawYj,3 a.m.,Eminem,Relapse,1,1,7964,0,0,0,0,0,0,0,1,0,0,0,0,0,0,0,0,1,0,0,0,0
spotify:track:1qexrlq05Ak4NCthyLOhbd,BIKINI (feat. Guè),ANNA,VERA BADDIE,1,1,10997,0,0,0,0,0,0,0,1,0,0,0,0,0,0,0,1,0,0,0,0,0
spotify:track:5WeDOVU5YJsYUoKs7WOlKW,Head Honcho,Eminem,The Death of Slim Shady (Coup De Grâce): Expanded Mourner’s Edition,1,1,168,0,0,0,0,0,0,0,1,0,0,0,0,0,0,0,1,0,0,0,0,0
spotify:track:5WeAfSsuZ7Nog98C3fZDdm,Musica - Radio Edit,Fly Project,Musica,1,1,7060,0,0,0,0,0,1,0,0,0,0,0,0,0,0,0,0,1,0,0,0,0
spotify:track:1qZqFtSINOOmjYH1UE9805,Life Goes On,2Pac,All Eyez On Me,1,1,3560,0,0,0,0,0,0,0,1,0,0,0,0,0,0,0,1,0,0,0,0,0
spotify:track:2J3CYFUn6eAuHz5S9IKape,The Kiss - Skit,Eminem,The Eminem Show,1,1,565,0,0,0,0,0,1,0,0,0,0,0,0,0,0,0,0,1,0,0,0,0
spotify:track:5W3cjX2J3tjhG8zb6u0qHn,"Harder, Better, Faster, Stronger",Daft Punk,Discovery,1,1,33701,0,0,0,0,0,1,0,0,0,0,0,0,0,0,0,0,1,0,0,0,0
spotify:track:5Vwqy3CS2aCB6jcgm1qWfk,Amore e Capoeira,Takagi & Ketra,Amore e Capoeira,1,1,17540,0,0,0,0,0,0,0,1,0,0,0,0,0,0,0,1,0,0,0,0,0
spotify:track:2IJgVZqjbjPSdWWhYJVWvt,Mon amour,Gigi D'Alessio,Il Cammino Dell'Eta',1,0,238893,1,0,0,0,0,0,0,0,0,0,1,0,0,0,0,0,0,0,0,0,1
spotify:track:5VbV6BeCzuT8He3O2679l5,Steve Berman - Skit,Eminem,Relapse [Deluxe],1,0,89186,0,0,0,0,0,0,0,0,0,0,1,0,0,0,0,0,0,0,0,0,1
spotify:track:5UwfP6cV0tJjfBrAVDf199,Nero Bali (con Michele Bravi & Guè Pequeno),Elodie,This Is Elodie,1,1,2420,0,0,0,0,0,0,0,1,0,0,0,0,0,0,0,1,0,0,0,0,0
spotify:track:5UsLjwBaTHBX4ektWIr4XX,Forever,Drake,Relapse: Refill,1,1,2830,0,0,0,0,0,0,0,1,0,0,0,0,0,0,0,1,0,0,0,0,0
spotify:track:2I0gDnKl9OdIp5GxpXh9l4,Grazie Roma,Antonello Venditti,Circo Massimo,1,1,249840,0,0,0,0,0,1,0,0,0,0,0,0,0,0,0,1,0,0,0,0,0
spotify:track:0dWgyJ2naIXzHsw4ze6TYp,The Way I Am - Danny Lohner Remix Version,Eminem,The Marshall Mathers LP,1,1,2711,0,0,0,0,0,0,0,1,0,0,0,0,0,0,0,1,0,0,0,0,0
spotify:track:2HUHTYt61irb27FdT9g853,KIDS,Merk & Kremont,KIDS,1,1,2260,0,0,0,0,0,1,0,0,0,0,0,0,0,0,0,0,1,0,0,0,0
spotify:track:0cdit5Knt0s0bnWBiClBq7,Roc Boys (And The Winner Is)...,JAY-Z,American Gangster,1,1,8390,0,0,0,0,0,0,0,1,0,0,0,0,0,0,0,1,0,0,0,0,0
spotify:track:0cVyQfDyRnMJ0V3rjjdlU3,Lil Boo Thang,Paul Russell,Lil Boo Thang,1,1,3420,0,0,0,0,0,0,0,1,0,0,0,0,0,0,0,1,0,0,0,0,0
spotify:track:0cGG2EouYCEEC3xfa0tDFV,Tainted Love,Soft Cell,Non-Stop Erotic Cabaret,1,1,9950,0,0,0,0,0,0,0,1,0,0,0,0,0,0,0,1,0,0,0,0,0
spotify:track:2HIv4bKTCULRZ2eZIkVB3N,HONEY (feat. Lazza & Capo Plaza),Tony Effe,ICON,1,1,465,0,0,0,0,0,0,0,1,0,0,0,0,0,0,0,1,0,0,0,0,0
spotify:track:0bcrOUFQTXyJCC1lT2xfWI,Maledetta primavera,Loretta Goggi,Collection,1,0,253160,0,0,0,0,0,0,0,0,0,0,1,0,0,0,0,0,0,0,0,0,1
spotify:track:0bSEor7VCHPuRiwyT6dvTM,Malafede,Club Dogo,Club Dogo,1,1,1540,0,0,0,0,0,0,0,1,0,0,0,0,0,0,0,1,0,0,0,0,0
spotify:track:2GrOq1y5gksYrqkc8Jzl9T,It Was A Good Day,Ice Cube,Greatest Hits,1,1,1613,0,0,0,0,0,0,0,1,0,0,0,0,0,0,0,1,0,0,0,0,0
spotify:track:2GSfyPIIDLRDxZ4YuB9ZvN,Badabum Cha Cha,Marracash,Marracash,1,1,3293,0,0,0,0,0,1,0,0,0,0,0,0,0,0,0,0,1,0,0,0,0
spotify:track:5ZrDlcxIDZyjOzHdYW1ydr,Barbie Girl,Aqua,Aquarium,1,1,3373,0,0,0,0,0,1,0,0,0,0,0,0,0,0,0,0,1,0,0,0,0
spotify:track:5ZgUh87itaRiOHz3XyJrBC,Trouble,Eminem,The Death of Slim Shady (Coup De Grâce): Expanded Mourner’s Edition,1,1,1242,0,0,0,0,0,0,0,1,0,0,0,0,0,0,0,1,0,0,0,0,0
spotify:track:2GCYlHf2CHjqgi8ikhUT8Y,Full Circle,Quinn XCII,Full Circle,1,1,9190,0,0,0,0,0,0,0,1,0,0,0,0,0,0,0,1,0,0,0,0,0
spotify:track:5ZBeML7Lf3FMEVviTyvi8l,Twist And Shout - Remastered 2009,The Beatles,Please Please Me,1,1,5281,0,0,0,0,0,1,0,0,0,0,0,0,0,0,0,1,0,0,0,0,0
spotify:track:5YUyW9opqNsMSEzzecZih1,X,Nicky Jam,Intimo,1,1,3590,0,0,0,0,0,0,0,1,0,0,0,0,0,0,0,1,0,0,0,0,0
spotify:track:5evKhV8kwKhMg2BBsNVAES,HAPPY HIPPO,Nello Taver,HO UCCISO L'HIP HOP ITALIANO,1,0,141796,0,0,0,0,0,0,0,0,0,0,1,0,0,0,0,0,0,0,0,0,1
spotify:track:5eqK0tbzUPo2SoeZsov04s,Bank Account,21 Savage,Issa Album,1,1,3343,0,0,0,0,0,0,0,1,0,0,0,0,0,0,0,1,0,0,0,0,0
spotify:track:5eeYNsbrF2MuUSoYfq5Wgy,Relax and Take Notes (feat. Notorious B.I.G. and Project Pat),8Ball & MJG,Ridin' High,1,1,2016,0,0,0,0,0,0,0,1,0,0,0,0,0,0,0,1,0,0,0,0,0
spotify:track:5eePARgaJdjj41WMgvctZE,Cinderella Man,Eminem,Curtain Call 2,1,1,1687,0,0,0,0,0,0,0,1,0,0,0,0,0,0,0,1,0,0,0,0,0
spotify:track:5eOmhymcp3AisKPVAytrs6,Poe Mans Dreams (His Vice) (feat. GLC),Kendrick Lamar,Section.80,1,1,258340,0,0,0,0,0,1,0,0,0,0,0,0,0,0,0,1,0,0,0,0,0
spotify:track:1pKYYY0dkg23sQQXi0Q5zN,Around the World,Daft Punk,Homework,1,1,2533,0,0,0,0,0,1,0,0,0,0,0,0,0,0,0,1,0,0,0,0,0
spotify:track:5e5MKPtJuFb8NaeSEyV5gD,Say You Will,Kanye West,808s & Heartbreak,1,1,1410,0,0,0,0,0,0,0,1,0,0,0,0,0,0,0,1,0,0,0,0,0
spotify:track:5dsz7MTrNdN9aMTrnp7sOG,CRUDELIA - I nervi,Marracash,Persona,1,0,230922,0,0,0,0,0,1,0,0,0,0,0,0,0,0,0,0,0,0,0,0,1
spotify:track:5cZqsjVs6MevCnAkasbEOX,Break Stuff,Limp Bizkit,Significant Other,1,1,12183,0,0,0,0,0,0,0,1,0,0,0,0,0,0,0,1,0,0,0,0,0
spotify:track:5bsnLiT00hG37qd8p2jdVl,Cornerstone,Arctic Monkeys,Humbug,1,1,8960,0,0,0,0,0,0,0,1,0,0,0,0,0,0,0,1,0,0,0,0,0
spotify:track:5bi0gh89wRuH2OgjdAKFsb,Santa,Rvssian,Santa,1,1,4980,0,0,0,0,0,0,0,1,0,0,0,0,0,0,0,1,0,0,0,0,0
spotify:track:5bUVHuzQh5mkvMPjUU074i,"No Woman, No Cry",Fugees,The Score,1,1,16778,0,0,0,0,0,0,0,1,0,0,0,0,0,0,0,1,0,0,0,0,0
spotify:track:1p8tL0q77EnKkSFssFsXNu,Rap God - Mr. Cii Remix,Eminem,Curtain Call 2,1,1,3781,0,0,0,0,0,0,0,1,0,0,0,0,0,0,0,1,0,0,0,0,0
spotify:track:5a6ABzVhqgVKI1znaI9tar,Dove Si Balla,Dargen D'Amico,NEI SOGNI NESSUNO È MONOGAMO,1,1,5610,0,0,0,0,0,0,0,1,0,0,0,0,0,0,0,1,0,0,0,0,0
spotify:track:5ZxX55HFfi4aofGTxMp58x,Steve Berman - Skit,Eminem,The Eminem Show,1,1,500,0,0,0,0,0,1,0,0,0,0,0,0,0,0,0,0,1,0,0,0,0
spotify:track:1oTHteQbmJw15rPxPVXUTv,Insane in the Brain,Cypress Hill,Black Sunday,1,1,772,0,0,0,0,0,1,0,0,0,0,0,0,0,0,0,0,1,0,0,0,0
spotify:track:5lSUBOoR69N6lbwGySVdSr,Aeroplanini Di Carta,Rkomi,Dasein Sollen,1,1,16906,1,0,0,0,0,0,0,0,0,0,1,0,0,0,0,0,1,0,0,0,0
spotify:track:1oHClQEgDmmbcEx12Kc5nZ,4 Minutes (feat. Justin Timberlake & Timbaland),Madonna,Celebration,1,1,16549,0,0,0,0,0,0,0,1,0,0,0,0,0,0,0,1,0,0,0,0,0
spotify:track:5kxVyCgEUND7E2QKG7JmoF,Teddy Picker,Arctic Monkeys,Favourite Worst Nightmare,1,1,17350,0,0,0,0,0,0,0,1,0,0,0,0,0,0,0,1,0,0,0,0,0
spotify:track:5jkbw3FDS3bSSb4oLKYbjf,Freak (feat. REI AMI),Sub Urban,Thrill Seeker,1,1,40888,0,0,0,0,0,0,0,1,0,0,0,0,0,0,0,1,0,0,0,0,0
spotify:track:1o0kWPueYo94LIjPYOE5Nf,Saint Pablo,Kanye West,The Life Of Pablo,1,1,9484,0,0,0,0,0,0,0,1,0,0,0,0,0,0,0,1,0,0,0,0,0
spotify:track:5jE48hhRu8E6zBDPRSkEq7,All About That Bass,Meghan Trainor,Title,1,0,9968,0,0,0,0,0,0,0,1,0,0,0,0,1,0,0,0,0,0,0,0,0
spotify:track:5iSHLCuc0K3pUW16b7sSP4,Torna Da Me,Luchè,Potere,1,1,29810,0,0,0,0,0,0,0,1,0,0,0,0,0,0,0,1,0,0,0,0,0
spotify:track:5iLoVWRuwPity9CuN1VTJ8,Il Ragazzo Della Via Gluck,Adriano Celentano,Il Ragazzo Della Via Gluck,1,0,253746,0,0,0,0,0,0,0,0,0,0,1,0,0,0,0,0,0,0,0,0,1
spotify:track:5iHO0dAm9FmDA017mWdFkB,Drive Slow (feat. Kanye West & GLC),Paul Wall,The People's Champ,1,1,30817,0,0,0,0,0,0,0,0,0,0,1,0,0,0,0,0,1,0,0,0,0
spotify:track:5h5tBFnbcVioFXiOixTn6E,"Bitch, Don’t Kill My Vibe",Kendrick Lamar,"good kid, m.A.A.d city",1,1,1290,0,0,0,0,0,0,0,1,0,0,0,0,0,0,0,1,0,0,0,0,0
spotify:track:1ntwYN2nT0Dl3c8lne15ii,Can Can,Jacques Offenbach,"Operas Operetta Overtures, Operetten Opern Ouvertüren",1,0,15630,0,0,0,0,0,0,0,1,0,0,0,0,1,0,0,0,0,0,0,0,0
spotify:track:5gTuH5Jl8PVUitsFzFslWu,Certe notti,Ligabue,Buon compleanno Elvis [Remastered Version],1,0,261400,1,0,0,0,0,0,0,0,0,0,1,0,0,0,0,0,0,0,0,0,1
spotify:track:5fnA9mkIfScSqHIpeDyvck,Prayer in C - Robin Schulz Radio Edit,Lilly Wood and The Prick,Prayer in C,1,1,20320,0,0,0,0,0,1,0,0,0,0,0,0,0,0,0,1,0,0,0,0,0
spotify:track:5fhLs4SZyV31c3wlQH5lgu,Talkin' All That,Ca$his,Eminem Presents The Re-Up,1,1,1080,0,0,0,0,0,0,0,1,0,0,0,0,0,0,0,1,0,0,0,0,0
spotify:track:5fZJQrFKWQLb7FpJXZ1g7K,A Bar Song (Tipsy),Shaboozey,"Where I've Been, Isn't Where I'm Going",1,1,5765,0,0,0,0,0,0,0,1,0,0,0,0,0,0,0,1,0,0,0,0,0
spotify:track:2L6ypr3l5t5mLkY3lXIpZE,Thinking out Loud,Ed Sheeran,x - Wembley Edition,1,1,4920,0,0,0,0,0,0,0,0,1,0,0,0,0,0,0,1,0,0,0,0,0
spotify:track:5lyWuTW3zjzc9o9oeiAgrM,Phenomenal,Eminem,Curtain Call 2,1,1,5295,0,0,0,0,0,0,0,1,0,0,0,0,0,0,0,1,0,0,0,0,0
spotify:track:5lUTzPuiloBHm1qEaJcJfF,Candyman,Christina Aguilera,Back To Basics,1,1,150890,0,0,0,0,0,1,0,0,0,0,0,0,0,0,0,1,0,0,0,0,0
spotify:track:5lTTuESHokJHpSsEvvSR64,Romantico Ma Muori,Pinguini Tattici Nucleari,Romantico Ma Muori,1,0,166330,1,0,0,0,0,0,0,0,0,0,1,0,0,0,0,0,0,0,0,0,1
spotify:track:0azC730Exh71aQlOt9Zj3y,This Is What You Came For,Calvin Harris,This Is What You Came For,1,1,720,0,0,0,0,0,1,0,0,0,0,0,0,0,0,0,0,1,0,0,0,0
spotify:track:0aym2LBJBk9DAYuHHutrIl,Hey Jude - Remastered 2015,The Beatles,1,1,1,1560,0,0,0,0,0,0,0,1,0,0,0,0,0,0,0,1,0,0,0,0,0
spotify:track:0afhq8XCExXpqazXczTSve,Galway Girl,Ed Sheeran,÷,1,0,170826,0,0,0,0,0,1,0,0,0,0,0,0,0,0,0,0,0,0,0,0,1
spotify:track:0a72Oo8rFK3PPOIc5kiWX8,So Fly - J. Period Remix,Nate Dogg,A Tribute to the King of G-Funk,1,1,437,0,0,0,0,0,0,0,1,0,0,0,0,0,0,0,1,0,0,0,0,0
spotify:track:2KwojFDebQV4J2b0JMRR5Q,Is That For Me,Alesso,Is That For Me,1,1,700,0,0,0,0,0,1,0,0,0,0,0,0,0,0,0,0,1,0,0,0,0
spotify:track:0ZoedAbORBCd07pxI3f10O,Show Me Love - Boeboe Remix,Steve Angello,Show Me Love (2015 Remixes),1,1,5310,0,0,0,0,0,1,0,0,0,0,0,0,0,0,0,0,1,0,0,0,0
spotify:track:2KrHwwnKAfSDdOStftigJm,Years,Alesso,Years,1,1,1380,0,0,0,0,0,1,0,0,0,0,0,0,0,0,0,0,1,0,0,0,0
spotify:track:2KklXplRtxMsBYo474Es0w,Be Mine,Ofenbach,Be Mine,1,0,161322,0,0,0,0,0,0,0,0,0,0,1,0,0,0,0,0,0,0,0,0,1
spotify:track:0ZDwhNFZnPx9EIPCcwGUHC,Hell N Back (feat. Summer Walker),Bakar,Hell N Back (feat. Summer Walker),1,1,3305,0,0,0,0,0,0,0,1,0,0,0,0,0,0,0,1,0,0,0,0,0
spotify:track:0Z7nGFVCLfixWctgePsRk9,TEXAS HOLD 'EM,Beyoncé,TEXAS HOLD 'EM,1,1,3857,0,0,0,0,0,0,0,1,0,0,0,0,0,0,0,1,0,0,0,0,0
spotify:track:0YnN9IJPhKR0HGDVG5ebtf,I Don't Wanna Go Home,Oliver Heldens,I Don't Wanna Go Home,1,1,2220,0,0,0,0,0,1,0,0,0,0,0,0,0,0,0,0,1,0,0,0,0
spotify:track:2KdcUxAJWAARnGTWmSWxwu,Quanto ti vorrei,chiello,OCEANO PARADISO,1,1,9520,0,0,0,0,0,0,0,1,0,0,0,0,0,0,0,1,0,0,0,0,0
spotify:track:0YI32qkEhhUjoGVMGXDm8b,ANELLI E COLLANE (feat. ANNA),Artie 5ive,ASPETTANDO LA BELLA VITA,1,1,760,0,0,0,0,0,0,0,1,0,0,0,0,0,0,0,1,0,0,0,0,0
spotify:track:5oybkyECAyGaDxYLUCPjFh,Under Pressure,Queen,Best of Bowie,1,1,140250,0,0,0,0,0,1,0,0,0,0,0,0,0,0,0,0,1,0,0,0,0
spotify:track:5odtVIhEujejNnxSJCgpCa,I giardini di marzo - Remastered,Lucio Battisti,Umanamente uomo: il sogno,1,1,14467,0,0,0,0,0,0,0,1,0,0,0,0,0,0,0,1,0,0,0,0,0
spotify:track:5oJVfPUHsD7A8bZtKVqgL2,L'ULTIMA POESIA (feat. Ultimo),Geolier,DIO LO SA,1,1,1127,0,0,0,0,0,0,0,1,0,0,0,0,0,0,0,1,0,0,0,0,0
spotify:track:5o8WGxOQbBFEJmu7WlRodP,Heart Of A Lion (Kid Cudi Theme Music),Kid Cudi,Man On The Moon: The End Of Day,1,0,261360,0,0,0,0,0,1,0,0,0,0,0,0,0,0,0,0,0,0,0,0,1
spotify:track:2OewgwaDHgeMZepcAyVlzy,Il Terrone Va Di Moda,Il Pagante,Paninaro 2.0,1,1,350,0,0,0,0,0,1,0,0,0,0,0,0,0,0,0,0,1,0,0,0,0
spotify:track:5nkUIVKqOqdpB6ApKgEMkv,Stay Ready (What A Life),Jhené Aiko,Sail Out,1,1,1077,0,0,0,0,0,0,0,1,0,0,0,0,0,0,0,1,0,0,0,0,0
spotify:track:5nIBAxexnK1M7VSTa39Tn6,La Nuova Stella Di Broadway - Live Logico Tour / 2014,Cesare Cremonini,Più Che Logico,1,1,2065,0,0,0,0,0,1,0,0,0,0,0,0,0,0,0,0,1,0,0,0,0
spotify:track:5nFyfjGy6AMZqkW0OMUWJJ,Per due come noi,Olly,TUTTA VITA,1,0,212853,1,0,0,0,0,0,0,0,0,0,1,0,0,0,0,0,0,0,0,0,1
spotify:track:5n276uEKrEFohrt42pP8Tf,Miami,Will Smith,Big Willie Style,1,1,20230,0,0,0,0,0,0,0,1,0,0,0,0,0,0,0,1,0,0,0,0,0
spotify:track:5mzu1p3kwqQtRR3o2C2DzK,Real Life - Dillon Francis Remix,Duke Dumont,Real Life,1,1,3320,0,0,0,0,0,1,0,0,0,0,0,0,0,0,0,0,1,0,0,0,0
spotify:track:2O9O26335YYVckmRgPKY3s,Alive,Empire Of The Sun,Ice On The Dune,1,1,1500,0,0,0,0,0,0,0,1,0,0,0,0,0,0,0,1,0,0,0,0,0
spotify:track:2MuWTIM3b0YEAskbeeFE1i,Master Of Puppets,Metallica,Master Of Puppets,1,1,31033,0,0,0,0,0,1,0,0,0,0,0,0,0,0,0,0,1,0,0,0,0
spotify:track:5mQNVUP0weaqUx4zJI2whE,My Name Is - Instrumental,Eminem,The Slim Shady LP,1,1,7566,0,0,0,0,0,0,0,1,0,0,0,0,0,0,0,1,0,0,0,0,0
spotify:track:5mO7Btjn4If8MOqg4pLCOT,Keepin' It Tight,Busta Rhymes,Extinction Level Event: The Final World Front,1,1,6840,0,0,0,0,0,0,0,1,0,0,0,0,0,0,0,1,0,0,0,0,0
spotify:track:2MZVMXJpp6vyz4ideG27Sc,Seduction,Eminem,Recovery,1,1,1008,0,0,0,0,0,0,0,1,0,0,0,0,0,0,0,1,0,0,0,0,0
spotify:track:5m1biubVG1kofLM6hcLv1F,Know My Love,Matt Nash,Know My Love,1,1,8460,0,0,0,0,0,1,0,0,0,0,0,0,0,0,0,0,1,0,0,0,0
spotify:track:5stZnlPMYz3Ba8Hbo3ajlP,X,Xzibit,Restless,1,1,9626,0,0,0,0,0,0,0,1,0,0,0,0,0,0,0,1,0,0,0,0,0
spotify:track:2MLHyLy5z5l5YRp7momlgw,Island In The Sun,Weezer,Weezer,1,1,2360,0,0,0,0,0,0,0,1,0,0,0,0,0,0,0,1,0,0,0,0,0
spotify:track:5sdb5pMhcK44SSLsj1moUh,I Found You (with Calvin Harris),benny blanco,I Found You (with Calvin Harris),1,1,900,0,0,0,0,0,1,0,0,0,0,0,0,0,0,0,0,1,0,0,0,0
spotify:track:2LxAeJ9KUj1GRS9oeHgQ3i,Mundian To Bach Ke,Panjabi MC,The Album,1,0,124560,0,0,0,0,0,0,0,1,0,0,0,0,1,0,0,0,0,0,0,0,0
spotify:track:5s7xgzXtmY4gMjeSlgisjy,Easy Love,Sigala,Brighter Days,1,1,3610,0,0,0,0,0,0,0,1,0,0,0,0,0,0,0,1,0,0,0,0,0
spotify:track:2LsKvF1f5PVm18UZgQrwml,Koala - Radio Edit,Oliver Heldens,Koala (Radio Edit) [feat. KStewart],1,1,2910,0,0,0,0,0,1,0,0,0,0,0,0,0,0,0,0,1,0,0,0,0
spotify:track:2LKjfCnn5dAnx2fv11CxMJ,ONLYFANS (feat. MamboLosco),Slings,Wave Deluxe,1,0,143142,0,0,0,0,0,0,0,0,0,0,1,0,0,0,0,0,0,0,0,0,1
spotify:track:1qPbGZqppFwLwcBC1JQ6Vr,Wonderwall,Oasis,(What's The Story) Morning Glory?,1,0,258906,1,0,0,0,0,0,0,0,0,0,1,0,0,0,0,0,0,0,0,0,1
spotify:track:5r5cp9IpziiIsR6b93vcnQ,Walking On A Dream,Empire Of The Sun,Walking On A Dream,1,1,1200,0,0,0,0,0,0,0,1,0,0,0,0,0,0,0,1,0,0,0,0,0
spotify:track:1pymWRCuZfCd0zdiBJo0Hj,REAL GANGSTA LOVE,Trueno,EL ÚLTIMO BAILE,1,1,2580,0,0,0,0,0,0,0,1,0,0,0,0,0,0,0,1,0,0,0,0,0
spotify:track:2SDx0PooHZI1SQKR0y44bs,Grace Kelly,MIKA,Life In Cartoon Motion,1,1,3470,0,0,0,0,0,1,0,0,0,0,0,0,0,0,0,0,1,0,0,0,0
spotify:track:2RsAajgo0g7bMCHxwH3Sk0,Come As You Are,Nirvana,Nevermind,1,1,28521,0,0,0,0,0,0,0,0,0,0,1,0,0,0,0,0,1,0,0,0,0
spotify:track:2Rk4JlNc2TPmZe2af99d45,ME! (feat. Brendon Urie of Panic! At The Disco),Taylor Swift,Lover,1,1,9900,0,0,0,0,0,0,0,1,0,0,0,0,0,0,0,1,0,0,0,0,0
spotify:track:2RSHsoi04658QL5xgQVov3,Bad Liar,Imagine Dragons,Origins,1,0,260773,1,0,0,0,0,0,0,0,0,0,1,0,0,0,0,0,0,0,0,0,1
spotify:track:5px6upUHM3fhOP621Edp4V,Physical,Dua Lipa,Physical,1,0,193829,0,0,0,0,0,0,0,0,0,0,1,0,0,0,0,0,0,0,0,0,1
spotify:track:5p3NP9mQblDsVJLdfNZJ3I,GOD.,Kendrick Lamar,DAMN.,1,1,2787,0,0,0,0,0,1,0,0,0,0,0,0,0,0,0,0,1,0,0,0,0
spotify:track:5tEaVciE2GnR28aN6W9cLS,FUK SUMN,¥$,VULTURES 1,1,1,987,0,0,0,0,0,0,0,1,0,0,0,0,0,0,0,1,0,0,0,0,0
spotify:track:5swpvba5YLqVDy1nbzUdog,Auto Blu,Shiva,Auto Blu,1,1,1500,0,0,0,0,0,1,0,0,0,0,0,0,0,0,0,0,1,0,0,0,0
spotify:track:2RBcYkonAofm0rYycVrCGt,Lady Writer,Dire Straits,Communiqué,1,1,7000,0,0,0,0,0,1,0,0,0,0,0,0,0,0,0,1,0,0,0,0,0
spotify:track:0XDzR8OpZWYH0eE6KYF2iI,SLIDE,¥$,VULTURES 2,1,0,198000,0,0,0,0,0,0,0,1,0,0,0,0,0,0,0,0,0,0,0,0,1
spotify:track:0WtDGnWL2KrMCk0mI1Gpwz,Redbone,Childish Gambino,"""Awaken, My Love!""",1,1,1590,0,0,0,0,0,1,0,0,0,0,0,0,0,0,0,0,1,0,0,0,0
spotify:track:2QgfDF0fQ4sskDthP8MG5w,asmr,21 Savage,i am > i was,1,1,1218,0,0,0,0,0,0,0,1,0,0,0,0,0,0,0,1,0,0,0,0,0
spotify:track:0WWem437MQdylQuXxzE80H,Bar One,Dr. Dre,2001,1,0,50653,0,0,0,0,0,0,0,0,0,0,1,0,0,0,0,0,0,0,0,0,1
spotify:track:0WSjVLITbxV6kVXndziQDm,Drop That Low (When I Dip),Tujamo,Drop That Low (When I Dip),1,1,8610,0,0,0,0,0,0,0,1,0,0,0,0,0,0,0,1,0,0,0,0,0
spotify:track:0WSWYAYnr0aR9a0fvIeyYc,Enter Galactic (Love Connection Part I),Kid Cudi,Man On The Moon: The End Of Day,1,1,66690,0,0,0,0,0,1,0,0,0,0,0,0,0,0,0,0,1,0,0,0,0
spotify:track:0WKVClYF08eMEStJBTgq7C,In Sbatti,Club Dogo,Club Dogo,1,1,2880,0,0,0,0,0,0,0,1,0,0,0,0,0,0,0,1,0,0,0,0,0
spotify:track:0WIv5qV41y6YjjB9V1biuC,Made For Me,Muni Long,Made For Me,1,1,5976,0,0,0,0,0,0,0,1,0,0,0,0,0,0,0,1,0,0,0,0,0
spotify:track:0WFryfbNKPXVtVQlz5dZ8H,hotline (edit),Billie Eilish,hotline (edit),1,1,18095,0,0,0,0,0,0,0,0,0,0,1,0,0,0,0,1,0,0,0,0,0
spotify:track:2QN9zL3SzXdGqqmXO68gFp,Somebody's Watching Me - Single Version,Rockwell,Somebody’s Watching Me,1,1,3300,0,0,0,0,0,0,0,1,0,0,0,0,0,0,0,1,0,0,0,0,0
spotify:track:2PzU4IB8Dr6mxV3lHuaG34,(I Can't Get No) Satisfaction - Mono Version,The Rolling Stones,Out Of Our Heads,1,1,148000,0,0,0,0,0,0,0,0,0,0,1,0,0,0,0,0,1,0,0,0,0
spotify:track:0Vj3mh1hBHQSMMVS0Bwzcr,ONLY YOU (The Magician Remix),Savage,ONLY YOU (The Magician Remix),1,1,5870,0,0,0,0,0,1,0,0,0,0,0,0,0,0,0,0,1,0,0,0,0
spotify:track:5stbfxsPi8gcOH2LCuA4Le,pad lock,21 Savage,i am > i was,1,1,495,0,0,0,0,0,0,0,1,0,0,0,0,0,0,0,1,0,0,0,0,0
spotify:track:5y7dpbKf0E3TW93k5w0JIs,melodrama,Angelina Mango,poké melodrama,1,1,921,0,0,0,0,0,0,0,1,0,0,0,0,0,0,0,1,0,0,0,0,0
spotify:track:5y788ya4NvwhBznoDIcXwK,The Sound of Silence - Acoustic Version,Simon & Garfunkel,"Wednesday Morning, 3 A.M.",1,1,0,0,0,0,0,0,0,0,1,0,0,0,0,0,0,0,1,0,0,0,0,0
spotify:track:5y772o4em4S4ZFpUiUeJZX,Nino Balletto tattico ),NINO-emax2a_,Nino Balletto tattico ),1,1,11823,0,0,0,0,0,0,0,1,0,0,0,0,0,0,0,1,0,0,0,0,0
spotify:track:5y0eCFQyp23HUBiNfTcMwj,Volevo te,Brasiliano,Volevo te,1,0,173737,0,0,0,0,0,1,0,0,0,0,0,0,0,0,0,0,0,0,0,0,1
spotify:track:5xzzxWj8a1YBbNZhNLqWuQ,Dancing Alone,Axwell /\ Ingrosso,Dancing Alone,1,1,9700,0,0,0,0,0,1,0,0,0,0,0,0,0,0,0,0,1,0,0,0,0
spotify:track:5xmoVsBtPZONzHOKBwzBdd,Pedro,midnight Berlin,Pedro,1,1,6095,0,0,0,0,0,0,0,1,0,0,0,0,0,0,0,1,0,0,0,0,0
spotify:track:5wU2NUt1pSAeTIWfXnRRkQ,PILLOLE (feat. Sfera Ebbasta & Geolier),Tony Effe,ICON,1,1,1260,0,0,0,0,0,0,0,1,0,0,0,0,0,0,0,1,0,0,0,0,0
spotify:track:2Pn9RYCSFr0ZxVmyL77yld,Reload - Radio Edit,Sebastian Ingrosso,Fascinating Rhythms,1,1,1130,0,0,0,0,0,1,0,0,0,0,0,0,0,0,0,0,1,0,0,0,0
spotify:track:2PESSRrfGBuDrJ1I7rm8dc,DUCKWORTH.,Kendrick Lamar,DAMN. COLLECTORS EDITION.,1,1,17599,0,0,0,0,0,0,0,1,0,0,0,0,0,0,0,1,0,0,0,0,0
spotify:track:2P4OICZRVAQcYAV2JReRfj,Waiting For Love,Avicii,Stories,1,1,4310,0,0,0,0,0,0,0,1,0,0,0,0,0,0,0,1,0,0,0,0,0
spotify:track:5uhXsZtubzej8sNFkyg7n8,Sognami (feat. Tananai & Don Joe),Biagio Antonacci,L'inizio,1,1,580,0,0,0,0,0,0,0,1,0,0,0,0,0,0,0,1,0,0,0,0,0
spotify:track:5ug9gNueuS7ReifuwGLdml,Ocean Drive - Michael Calfan Remix,Duke Dumont,Ocean Drive,1,1,2070,0,0,0,0,0,0,0,1,0,0,0,0,0,0,0,0,1,0,0,0,0
spotify:track:2V65y3PX4DkRhy1djlxd9p,Don't You Worry Child - Radio Edit,Swedish House Mafia,Don't You Worry Child,1,1,1170,0,0,0,0,0,1,0,0,0,0,0,0,0,0,0,0,1,0,0,0,0
spotify:track:5u4hhtZ7f4rWkMZEZcTKrH,Relax My Eyes,ANOTR,Relax My Eyes,1,1,9223,0,0,0,0,0,0,0,1,0,0,0,0,0,0,0,1,0,0,0,0,0
spotify:track:5u1vw4nmCG8iuerg6ppBf0,Fast Life,GEE LEE,Fast Life,1,1,7700,0,0,0,0,0,0,0,1,0,0,0,0,0,0,0,1,0,0,0,0,0
spotify:track:5tf1VVWniHgryyumXyJM7w,Sugar (feat. Francesco Yates),Robin Schulz,Sugar,1,1,1540,0,0,0,0,0,1,0,0,0,0,0,0,0,0,0,0,1,0,0,0,0
spotify:track:62JvDbmEtwIU3m4LhiG6Ah,Water Of Love,Dire Straits,Dire Straits,1,1,14070,0,0,0,0,0,0,0,0,0,1,0,0,0,0,0,1,0,0,0,0,0
spotify:track:629DixmZGHc7ILtEntuiWE,LUNCH,Billie Eilish,HIT ME HARD AND SOFT,1,1,2292,0,0,0,0,0,0,0,1,0,0,0,0,0,0,0,1,0,0,0,0,0
spotify:track:627JZ3dVd88Xc5IoHOeNT5,Stop It,FISHER,Oi Oi,1,1,17740,0,0,0,0,0,0,0,1,0,0,0,0,0,0,0,1,0,0,0,0,0
spotify:track:6134tdWf6qjAGgQs1xJRyA,Una Vita In Vacanza,Lo Stato Sociale,Primati,1,1,13737,0,0,0,0,0,0,0,1,0,0,0,0,0,0,0,1,0,0,0,0,0
spotify:track:2UdbN109XCUQO83jLIHUPr,The Lows,Quinn XCII,The People's Champ,1,1,3590,0,0,0,0,0,1,0,0,0,0,0,0,0,0,0,1,0,0,0,0,0
spotify:track:60nw7bwqYjVsrccNjF6TMO,Fiamme negli occhi,Coma_Cose,Nostralgia,1,0,206146,0,0,0,0,0,0,0,0,0,0,1,0,0,0,0,0,0,0,0,0,1
spotify:track:60mrGpCA4OIUuRLwi4T5Nm,Broken Summer,DJ Snake,Broken Summer,1,1,1100,0,0,0,0,0,0,0,1,0,0,0,0,0,0,0,1,0,0,0,0,0
spotify:track:60kEYpqklKbrwPrQHYSTsL,World Hold On (Children Of The Sky) - Radio Edit - Vintage Culture & Dubdogz Remix,Bob Sinclar,World Hold On (Children Of The Sky),1,1,5330,0,0,0,0,0,1,0,0,0,0,0,0,0,0,0,0,1,0,0,0,0
spotify:track:5zuPzhnGl0DRRWmquMi2MP,Man In Finance (G6 Trust Fund),Girl On Couch,Man In Finance (G6 Trust Fund),1,1,5242,0,0,0,0,0,0,0,1,0,0,0,0,0,0,0,1,0,0,0,0,0
spotify:track:5zjD95M2XMZ5LJCDsJekkT,I Need Some Sleep,Eels,Shrek 2,1,1,11485,0,0,0,0,0,0,0,1,0,0,0,0,0,0,0,1,0,0,0,0,0
spotify:track:5zdkUzguZYAfBH9fnWn3Zl,Need U (100%) (feat. A*M*E) - Radio Edit,Duke Dumont,Need U (100%) (feat. A*M*E),1,1,1780,0,0,0,0,0,1,0,0,0,0,0,0,0,0,0,0,1,0,0,0,0
spotify:track:2UJfBtaGdp3cUPETLhlPKL,Berzerk,Eminem,The Marshall Mathers LP2,1,1,1685,0,0,0,0,0,1,0,0,0,0,0,0,0,0,0,0,1,0,0,0,0
spotify:track:5ydeCNaWDmFbu4zl0roPAH,Groovejet (If This Ain't Love) [feat. Sophie Ellis-Bextor],Spiller,Groovejet (If This Ain't Love) [feat. Sophie Ellis-Bextor],1,1,6065,0,0,0,0,0,0,0,1,0,0,0,0,0,0,0,1,0,0,0,0,0
spotify:track:5yY9lUy8nbvjM1Uyo1Uqoc,Life Is Good (feat. Drake),Future,Life Is Good (feat. Drake),1,1,2680,0,0,0,0,0,0,0,1,0,0,0,0,0,0,0,1,0,0,0,0,0
spotify:track:2UEQHoXBlO5M8ckZ0fQBSy,Mai sola mai,Marco Conidi,"Mai sola mai e l'essenziale, Vol. 1",1,0,281169,0,0,0,0,0,0,0,0,0,0,1,0,0,0,0,0,0,0,0,0,1
spotify:track:5yFSF6qQA1rcLsQRnBsZgb,All Falls Down (feat. Juliander),Alan Walker,All Falls Down (feat. Juliander),1,1,1680,0,0,0,0,0,1,0,0,0,0,0,0,0,0,0,0,1,0,0,0,0
spotify:track:2U6u4NcGmeIgkDjTMrIidr,Niggas in Paris,Meek Mill,The Freestyles (DJ Trigga & Grz Tapez Present),1,1,9640,0,0,0,0,0,0,0,1,0,0,0,0,0,0,0,1,0,0,0,0,0
spotify:track:64j3Bd62HTe0pclk8Aq9BE,Open Wide (feat. Big Sean),Calvin Harris,Motion,1,1,6540,0,0,0,0,0,0,0,1,0,0,0,0,0,0,0,1,0,0,0,0,0
spotify:track:64ibrUJCQaa9wgOC4iWWIL,Better Off Alone,Besomage,Better Off Alone,1,1,0,0,0,0,0,0,0,0,1,0,0,0,0,0,0,0,1,0,0,0,0,0
spotify:track:64VzxgaIpjB52YUtsF9St7,If I Lose Myself - Alesso vs OneRepublic,OneRepublic,Forever,1,1,7180,0,0,0,0,0,1,0,0,0,0,0,0,0,0,0,0,1,0,0,0,0
spotify:track:2TwkuVUbnBO0t9ZEOZPwg2,Touch Me (Peace Division's Higher Dub) [feat. Cassandra],Rui Da Silva,Kismet Records Presents Touch Me (feat. Cassandra),1,1,17212,0,0,0,0,0,0,0,1,0,0,0,0,0,0,0,1,0,0,0,0,0
spotify:track:63mdY4U0KvnbMkUEc7FHN8,L'ultima notte,ARIETE,L'ultima notte,1,1,11309,0,0,0,0,0,0,0,1,0,0,0,0,0,0,0,1,0,0,0,0,0
spotify:track:63aj87TQG6F3RVO5nbG2VQ,In Da Getto,J Balvin,In Da Getto,1,1,1920,0,0,0,0,0,0,0,1,0,0,0,0,0,0,0,1,0,0,0,0,0
spotify:track:2T3jgoAMbBXiMMD8pSc6QL,This Is The Life,Amy Macdonald,This Is The Life,1,1,184413,0,0,0,0,0,0,0,1,0,0,0,0,0,0,0,1,0,0,0,0,0
spotify:track:2SwVANVclNOS3PHr4ozJ14,Wombass - Extended Mix,Tiësto,Wombass,1,1,5460,0,0,0,0,0,1,0,0,0,0,0,0,0,0,0,0,1,0,0,0,0
spotify:track:63HwAAXuSV2tzIUPoHOwZa,Atmosphere,FISHER,Atmosphere,1,1,4370,0,0,0,0,0,0,0,1,0,0,0,0,0,0,0,1,0,0,0,0,0
spotify:track:2SvgBb7Wxa9ZfeamgGIGZl,I'm Shady,Eminem,The Slim Shady LP,1,1,380,0,0,0,0,0,0,0,1,0,0,0,0,0,0,0,1,0,0,0,0,0
spotify:track:62yJjFtgkhUrXktIoSjgP2,Radioactive,Imagine Dragons,Night Visions,1,1,11230,0,0,0,0,0,0,0,1,0,0,0,0,0,0,0,1,0,0,0,0,0
spotify:track:62nwL86RYUpg1gjljKJisp,Beat Dancer - Edit,Juliet Sikora,Beat Bang EP,1,1,2630,0,0,0,0,0,0,0,1,0,0,0,0,0,0,0,1,0,0,0,0,0
spotify:track:62feRreeM9ea7i2VHVSKrg,Freaks,Timmy Trumpet,Freaks,1,1,3710,0,0,0,0,0,1,0,0,0,0,0,0,0,0,0,1,0,0,0,0,0
spotify:track:62c1RhroaeTVV7yGKBIBne,Em Calls Paul - Skit,Eminem,Encore,1,1,1354,0,0,0,0,0,1,0,0,0,0,0,0,0,0,0,0,1,0,0,0,0
spotify:track:2Sionb7ZAmdVGH9mieuJ7Z,Signs,Snoop Dogg,Signs,1,1,2160,0,0,0,0,0,0,0,1,0,0,0,0,0,0,0,1,0,0,0,0,0
spotify:track:650OeHTLxZAQmb4aEbGmaA,Good Goodbye (feat. Pusha T and Stormzy),Linkin Park,One More Light,1,1,21640,0,0,0,0,0,1,0,0,0,0,0,0,0,0,0,1,0,0,0,0,0
spotify:track:1n7omixiROWs5q6xpWiQuL,Satisfaction - Isak Original Extended,Benny Benassi,Hypnotica,1,1,1310,0,0,0,0,0,1,0,0,0,0,0,0,0,0,0,0,1,0,0,0,0
spotify:track:64rCnKKEHAS84Q93hQBzIg,GRAFFITI (feat. Bresh),Rose Villain,RADIO SAKURA,1,1,12670,0,0,0,0,0,0,0,0,0,1,0,0,0,0,0,1,0,0,0,0,0
spotify:track:1mXVgsBdtIVeCLJnSnmtdV,Too Good At Goodbyes,Sam Smith,The Thrill Of It All,1,1,907,0,0,0,0,0,1,0,0,0,0,0,0,0,0,0,0,1,0,0,0,0
spotify:track:1mFHMzbaECWFaPfoePoEYl,Late,Kanye West,Late Registration,1,1,1070,0,0,0,0,0,0,0,1,0,0,0,0,0,0,0,1,0,0,0,0,0
spotify:track:0Uv5Kp8sEnriJjkX4oLfNI,Paul - Skit,Paul Rosenberg,Kamikaze,1,0,35240,0,0,0,0,0,0,0,0,0,0,1,0,0,0,0,0,0,0,0,0,1
spotify:track:1mCA6ZasOlv1MOD16f0VhL,679 (feat. Monty),Fetty Wap,Fetty Wap,1,0,187008,1,0,0,0,0,0,0,0,0,0,1,0,0,0,0,0,0,0,0,0,1
spotify:track:0UeYCHOETPfai02uskjJ3x,Shooting Stars,Bag Raiders,Bag Raiders,1,1,6656,0,0,0,0,0,0,0,1,0,0,0,0,0,0,0,1,0,0,0,0,0
spotify:track:0USK9GYk8n1FQg5rUTWadD,Winter (L'Inverno) Op.8 No.4 F Minor: Allegro Non Molto,Baroque Festival Orchestra,Vivaldi - The Four Seasons,1,1,101993,0,0,0,0,0,0,0,1,0,0,0,0,0,0,0,1,0,0,0,0,0
spotify:track:0UKSbTiAm0orpQREOXJpI5,3 DI CUORI (feat. Lazza),ANNA,LISTA 47,1,1,1260,0,0,0,0,0,1,0,0,0,0,0,0,0,0,0,0,1,0,0,0,0
spotify:track:0U10zFw4GlBacOy9VDGfGL,We Found Love,Rihanna,Talk That Talk,1,1,8460,0,0,0,0,0,0,0,1,0,0,0,0,0,0,0,1,0,0,0,0,0
spotify:track:1m4Q4BxRmuRHOCVsesAHTH,Analyzing,Dennis Lloyd,Analyzing,1,1,656,0,0,0,0,0,1,0,0,0,0,0,0,0,0,0,0,1,0,0,0,0
spotify:track:0TyUOnU4H4GLqOcrH0auc8,Sharks,Imagine Dragons,Sharks,1,0,40800,1,0,0,0,0,0,0,1,0,0,0,0,1,0,0,0,0,0,0,0,0
spotify:track:2XTquzYQAdT1Hk78bOUwsv,Greatest,Eminem,Kamikaze,1,1,156724,0,0,0,0,0,0,0,0,0,0,1,0,0,0,0,0,1,0,0,0,0
spotify:track:0TlLq3lA83rQOYtrqBqSct,Nonstop,Drake,Scorpion,1,1,7160,0,0,0,0,0,1,0,0,0,0,0,0,0,0,0,1,0,0,0,0,0
spotify:track:2X0Qr8LevXJSPsqSLHsw2K,What Do You Do When You're Branded,Busta Rhymes,It Ain't Safe No More,1,1,930,0,0,0,0,0,0,0,1,0,0,0,0,0,0,0,1,0,0,0,0,0
spotify:track:2WP8G2pdddDmnh1xbfKBOI,Finesse,Drake,Scorpion,1,1,4900,0,0,0,0,0,0,0,1,0,0,0,0,0,0,0,0,1,0,0,0,0
spotify:track:69R5Ot0VZjFd71SOBgivoL,Show Me Love - Radio Edit,Laidback Luke,Show Me Love,1,1,5680,0,0,0,0,0,1,0,0,0,0,0,0,0,0,0,0,1,0,0,0,0
spotify:track:2Vnw8zKmjhr1jczUeaqiQg,"Hot Stuff - 12"" Version",Donna Summer,Bad Girls,1,1,3280,0,0,0,0,0,1,0,0,0,0,0,0,0,0,0,0,1,0,0,0,0
spotify:track:2ViwZ1Ht21XTkO4UXqsicw,Giugno,Tananai,Giugno,1,1,1230,0,0,0,0,0,0,0,1,0,0,0,0,0,0,0,1,0,0,0,0,0
spotify:track:2V7NoXGv2VDnLeTM7w8SFd,Seduction,Eminem,Recovery,1,1,3160,0,0,0,0,0,0,0,1,0,0,0,0,0,0,0,1,0,0,0,0,0
spotify:track:68rRbbwmXydDOqhArVTFTX,Sorry For Party Rocking,LMFAO,Sorry For Party Rocking,1,1,69312,0,0,0,0,0,1,0,0,0,0,0,0,0,0,0,0,1,0,0,0,0
spotify:track:2bJvI42r8EF3wxjOuDav4r,Time of Our Lives,Pitbull,Globalization,1,1,1040,0,0,0,0,0,1,0,0,0,0,0,0,0,0,0,0,1,0,0,0,0
spotify:track:2bCQHF9gdG5BNDVuEIEnNk,Smooth Criminal - 2012 Remaster,Michael Jackson,Bad 25th Anniversary,1,1,3696,0,0,0,0,0,0,0,1,0,0,0,0,0,0,0,1,0,0,0,0,0
spotify:track:66orjI5vOkyxOZLHWrPklh,X Gon' Give It To Ya - Int'l Bonus track,DMX,Grand Champ,1,1,630,0,0,0,0,0,0,0,1,0,0,0,0,0,0,0,1,0,0,0,0,0
spotify:track:66l5RSJ4kvo9FUHqZ4x7Ti,Nessuno Vuole Essere Robin,Cesare Cremonini,Possibili Scenari,1,1,29431,0,0,0,0,0,0,0,0,0,0,1,0,0,0,0,0,1,0,0,0,0
spotify:track:66kQ7wr4d2LwwSjr7HXcyr,All The Stars (with SZA),Kendrick Lamar,All The Stars (with SZA),1,1,9540,0,0,0,0,0,0,0,1,0,0,0,0,0,0,0,1,0,0,0,0,0
spotify:track:2aTAk8fQ0Hc5lIRkzudyxl,The Only Way Is Up,Martin Garrix,The Only Way Is Up,1,1,670,0,0,0,0,0,1,0,0,0,0,0,0,0,0,0,0,1,0,0,0,0
spotify:track:66Q3fAmSX5eHamgbKa9alP,Real Friends,Kanye West,The Life Of Pablo,1,1,3630,0,0,0,0,0,0,0,1,0,0,0,0,0,0,0,1,0,0,0,0,0
spotify:track:66BjcDhhwWCcQIBxHMpKXh,Flames,David Guetta,7,1,1,2910,0,0,0,0,0,0,0,1,0,0,0,0,0,0,0,1,0,0,0,0,0
spotify:track:65hRZOQkVjmBdusz1N7aOv,Save The World,Swedish House Mafia,Save The World,1,1,890,0,0,0,0,0,1,0,0,0,0,0,0,0,0,0,0,1,0,0,0,0
spotify:track:2Z7cRvS9SjIM3fGNsT3Emt,I migliori anni della nostra vita - Remastered 2019,Renato Zero,Sulle tracce dell'imperfetto,1,0,265506,1,0,0,0,0,0,0,0,0,0,1,0,0,0,0,0,0,0,0,0,1
spotify:track:0QdLe32rmGquRDdALuY92Q,CRINGE,Salmo,CVLT,1,1,1272,0,0,0,0,0,0,0,1,0,0,0,0,0,0,0,1,0,0,0,0,0
spotify:track:2Z5EUCXngeoYD7wmJBcJv1,UNHEALTHY (feat. Shania Twain),Anne-Marie,UNHEALTHY,1,1,30210,0,0,0,0,0,0,0,0,0,0,1,0,0,0,0,1,0,0,0,0,0
spotify:track:6CfXJBOhCEtEDgLUdrBffK,Mary,Gemelli Diversi,Fuego,1,1,25864,0,0,0,0,0,0,0,1,0,0,0,0,0,0,0,1,0,0,0,0,0
spotify:track:6CXh0RBouuXSUyIKzwYswZ,Play (with Years & Years),Jax Jones,Snacks,1,1,14300,0,0,0,0,0,1,0,0,0,0,0,0,0,0,0,0,1,0,0,0,0
spotify:track:6CPAznSrkDmiPBgLXoi00f,From The D 2 The LBC (with Snoop Dogg),Eminem,Curtain Call 2,1,1,8580,0,0,0,0,0,0,0,1,0,0,0,0,0,0,0,1,0,0,0,0,0
spotify:track:2YWjW3wwQIBLNhxWKBQd16,Lean On (feat. MØ & DJ Snake),Major Lazer,Peace Is The Mission : Extended,1,1,1560,0,0,0,0,0,1,0,0,0,0,0,0,0,0,0,0,1,0,0,0,0
spotify:track:6CCbKMOTlcYvHd9f8Sm3qm,Diventerai una star,Finley,Tutto è possibile,1,1,4980,0,0,0,0,0,0,0,1,0,0,0,0,0,0,0,0,1,0,0,0,0
spotify:track:2YMCSqTmBTtcYA8dyUCvbT,Spiral,21 Savage,Spiral,1,1,11837,0,0,0,0,0,0,0,1,0,0,0,0,0,0,0,1,0,0,0,0,0
spotify:track:1ni8ZTAY1GHXEFOGHl7fdg,bellyache,Billie Eilish,dont smile at me,1,1,13570,0,0,0,0,0,0,0,1,0,0,0,0,0,0,0,1,0,0,0,0,0
spotify:track:6B3zy3LOKHndqsviCr2z15,Em Calls Paul - Skit,Eminem,Kamikaze,1,1,1681,0,0,0,0,0,1,0,0,0,0,0,0,0,0,0,0,1,0,0,0,0
spotify:track:1nRBnmoVz7Hgs8ZQAbTqMK,Rubami la Notte,Pinguini Tattici Nucleari,Rubami la Notte,1,1,2920,0,0,0,0,0,0,0,1,0,0,0,0,0,0,0,1,0,0,0,0,0
spotify:track:6B1RtXteyMp3mJZTeuFRmE,"Piano Concerto No. 2 in C Minor, Op. 18: 1. Moderato",Sergei Rachmaninoff,Rachmaninov: Piano Concerto No.2,1,1,58846,0,0,0,0,0,0,0,1,0,0,0,0,0,0,0,1,0,0,0,0,0
spotify:track:6AQbmUe0Qwf5PZnt4HmTXv,Boy's a liar Pt. 2,PinkPantheress,Boy's a liar Pt. 2,1,1,1460,0,0,0,0,0,0,0,1,0,0,0,0,0,0,0,1,0,0,0,0,0
spotify:track:1nHzbEDVrohk7fbVsEyfkF,No Apologies,Consequence,No Apologies,1,1,10664,0,0,0,0,0,0,0,0,0,0,1,0,0,0,0,0,1,0,0,0,0
spotify:track:6A3axRTw93LhvnlQLFmi7S,Dicono Di Me,Cesare Cremonini,Il Primo Bacio Sulla Luna,1,1,17040,0,0,0,0,0,0,0,1,0,0,0,0,0,0,0,1,0,0,0,0,0
spotify:track:69tLc4k4v1PbNseXqISOUO,El Paradiso - DJ Antoine & Mad Mark 2k18 Mix,DJ Antoine,The Time Is Now,1,1,6690,0,0,0,0,0,1,0,0,0,0,0,0,0,0,0,0,1,0,0,0,0
spotify:track:6DzBTj1UCr1BvzNX3Pm5rL,One Step Beyond (2009 Remaster),Madness,One Step Beyond,1,1,12830,0,0,0,0,0,0,0,0,0,1,0,0,0,0,0,1,0,0,0,0,0
spotify:track:6Dy1jexKYriXAVG6evyUTJ,OUT OUT (feat. Charli XCX & Saweetie),Joel Corry,OUT OUT (feat. Charli XCX & Saweetie),1,1,1913,0,0,0,0,0,0,0,1,0,0,0,0,0,0,0,1,0,0,0,0,0
spotify:track:6DVYQ2LyhFLM4eLs6ytA23,Sweet Dreams - Andrey Keyton & Sharapov Radio Mix,Lika Morgan,Enormous Tunes - Amsterdam Nights 2016,1,1,1190,0,0,0,0,0,1,0,0,0,0,0,0,0,0,0,0,1,0,0,0,0
spotify:track:0TAUAUIEtq06TdQDVlUSxW,Hurricane,Kanye West,Donda,1,1,4970,0,0,0,0,0,0,0,1,0,0,0,0,0,0,0,1,0,0,0,0,0
spotify:track:0StxpuoKBB6kq8VzDuUABL,Fuori Dalla Città,Mecna,Neverland,1,1,18220,0,0,0,0,0,0,0,1,0,0,0,0,0,0,0,1,0,0,0,0,0
spotify:track:0SiywuOBRcynK0uKGWdCnn,Bad Romance,Lady Gaga,The Fame Monster,1,0,294573,0,0,0,0,0,0,0,0,0,0,1,0,0,0,0,0,0,0,0,0,1
spotify:track:0SVvv5Xq5U0kVcNWsUul2Y,Look Away,JLV,Look Away,1,1,5660,0,0,0,0,0,1,0,0,0,0,0,0,0,0,0,0,1,0,0,0,0
spotify:track:2f86Ae3R4OKAu1lEIqouih,"To Summer, From Cole - Audio Hug",Summer Walker,CLEAR 2: SOFT LIFE EP,1,1,1350,0,0,0,0,0,1,0,0,0,0,0,0,0,0,0,0,1,0,0,0,0
spotify:track:0Rsfm3UqHkNzKsb6L0Yz3Y,Esagono (feat. Salmo),Gemitaiz,Scatola Nera,1,1,770,0,0,0,0,0,1,0,0,0,0,0,0,0,0,0,0,1,0,0,0,0
spotify:track:0ReCEc0B5vFdvMMpc18xYf,Cola - Club Mix,CamelPhat,Cola,1,1,4300,0,0,0,0,0,1,0,0,0,0,0,0,0,0,0,0,1,0,0,0,0
spotify:track:0RYqzVMfEjbDr1CTL7fta5,L'universo tranne noi,Max Pezzali,MAX 20,1,0,253100,0,0,0,0,0,0,0,0,0,0,1,0,0,0,0,0,0,0,0,0,1
spotify:track:0RXag5aDZzFBBgQguKxPKL,Notte prima degli esami,Antonello Venditti,TuttoVenditti,1,0,286040,0,0,0,0,0,0,0,0,0,0,1,0,0,0,0,0,0,0,0,0,1
spotify:track:0RTzJVkunbGwuRjXDFHnjf,Dreamer,Axwell /\ Ingrosso,More Than You Know,1,1,830,0,0,0,0,0,1,0,0,0,0,0,0,0,0,0,0,1,0,0,0,0
spotify:track:2eOuL8KesslTLQERQPu11D,Bad Boy for Life,Diddy,The Saga Continues...,1,1,10170,0,0,0,0,0,1,0,0,0,0,0,0,0,0,0,1,0,0,0,0,0
spotify:track:0R6NfOiLzLj4O5VbYSJAjf,La Diabla,Xavi,La Diabla,1,1,2008,0,0,0,0,0,0,0,1,0,0,0,0,0,0,0,1,0,0,0,0,0
spotify:track:0QnIwOkOyJnhhuhOktR4t5,NON MI PASSA (feat. Gemitaiz),Salmo,CVLT - HELLRAISERS,1,1,12380,0,0,0,0,0,0,0,1,0,0,0,0,0,0,0,1,0,0,0,0,0
spotify:track:6I28wnb48iMVVfyTSf4lkx,Svuotatasche,Bresh,ORO BLU,1,0,231602,1,0,0,0,0,0,0,0,0,0,1,0,0,0,0,0,0,0,0,0,1
spotify:track:6HlE9t71z9DjGi7KqSyEpA,Deep End,Fousheé,Deep End,1,1,1740,0,0,0,0,0,0,0,1,0,0,0,0,0,0,0,1,0,0,0,0,0
spotify:track:6HVRRlc2sBlkcKEkhlsp86,STUPIDO,Massimo Pericolo,SOLO TUTTO,1,0,187431,0,0,0,0,0,0,0,0,0,0,1,0,0,0,0,0,0,0,0,0,1
spotify:track:2e3Ea0o24lReQFR4FA7yXH,Love Yourz,J. Cole,2014 Forest Hills Drive,1,1,8392,0,0,0,0,0,1,0,0,0,0,0,0,0,0,0,1,0,0,0,0,0
spotify:track:6HPH4AuWHXbTX2uiGWjb3v,Love Game,Eminem,The Marshall Mathers LP2,1,1,1177,0,0,0,0,0,1,0,0,0,0,0,0,0,0,0,0,1,0,0,0,0
spotify:track:6HFbq7cewJ7rPiffV0ciil,A Sky Full of Stars,Coldplay,A Sky Full of Stars,1,1,27690,0,0,0,0,0,1,0,0,0,0,0,0,0,0,0,0,1,0,0,0,0
spotify:track:2dS1EkNtCC6TnYNdsfin08,"Cracovia, Pt. 3",Il Tre,ALI,1,1,17580,0,0,0,0,0,0,0,1,0,0,0,0,0,0,0,1,0,0,0,0,0
spotify:track:2d3fdQ6OxmUIsF20eCpcrv,Stepdad - Intro,Eminem,Music To Be Murdered By,1,1,232,0,0,0,0,0,0,0,1,0,0,0,0,0,0,0,1,0,0,0,0,0
spotify:track:6GI4WXUhWtJ8g1ru1TYwLG,Symbiosis,Enrico Sangiuliano,Biomorph,1,1,3950,0,0,0,0,0,0,0,1,0,0,0,0,0,0,0,1,0,0,0,0,0
spotify:track:6FCWM1nmcM5fEPgS2EUAtB,CRIMINALE,Salmo,FLOP,1,1,1867,0,0,0,0,0,0,0,1,0,0,0,0,0,0,0,1,0,0,0,0,0
spotify:track:6F2vo4sxRNQ58VYe3pdiaL,Rapture,Blondie,Greatest Hits: Blondie,1,1,17219,0,0,0,0,0,0,0,1,0,0,0,0,0,0,0,1,0,0,0,0,0
spotify:track:2ceJa7d62wQ3eRBK589ALG,Gotham (feat. Kid Yugi),Shiva,Milano Angels,1,0,207346,1,0,0,0,0,0,0,0,0,0,1,0,0,0,0,0,0,0,0,0,1
spotify:track:2cH8wHImerFokgmhjyhCTU,Huntin’ Wabbitz,J. Cole,Might Delete Later,1,1,6182,0,0,0,0,0,0,0,1,0,0,0,0,0,0,0,0,1,0,0,0,0
spotify:track:6ERdPHlTmbSsNvSn7XlkzK,Devoted To U,Folamour,Umami,1,1,22050,0,0,0,0,0,0,0,1,0,0,0,0,0,0,0,1,0,0,0,0,0
spotify:track:6EB9gbY9xIU2aCGpKZUm9C,melodrama,Angelina Mango,melodrama,1,1,4469,0,0,0,0,0,0,0,1,0,0,0,0,0,0,0,1,0,0,0,0,0
spotify:track:6E6gltW9bZ7NsoB9vFrWd9,10 Freaky Girls (feat. OG Phee),Doe B,D.O.A.T. 3 (Definition Of A Trapper) (Deluxe Edition),1,1,2995,0,0,0,0,0,0,0,1,0,0,0,0,0,0,0,1,0,0,0,0,0
spotify:track:2cFK03sObtI6AK3QKeOT5g,We Got That Cool (feat. Afrojack & Icona Pop),Yves V,We Got That Cool (feat. Afrojack & Icona Pop),1,1,16490,0,0,0,0,0,1,0,0,0,0,0,0,0,0,0,0,1,0,0,0,0
spotify:track:6KF78W66DcQ9m5YqR0r5Ig,BIMBI PER STRADA (CHILDREN),Fedez,BIMBI PER STRADA (CHILDREN),1,1,4150,0,0,0,0,0,1,0,0,0,0,0,0,0,0,0,0,1,0,0,0,0
spotify:track:6KEO499uUuvv65wAfOltod,Dr. West - Skit,Eminem,Relapse: Refill,1,0,32815,0,0,0,0,0,0,0,1,0,0,0,0,0,0,0,0,0,0,0,0,1
spotify:track:6K8qKeWo5MsFED7wCR6Kop,Sing,Ed Sheeran,x,1,0,235382,0,0,0,0,0,1,0,0,0,0,0,0,0,0,0,0,0,0,0,0,1
spotify:track:2c0uWMyR2X5VKFv84192sM,One (Always Hardcore),Scooter,20 Years Of Hardcore,1,1,9760,0,0,0,0,0,0,0,0,0,1,0,0,0,0,0,1,0,0,0,0,0
spotify:track:2by2FnmRxYWrbG76oZC1iX,Spunta La Luna Dal Monte - Disamparados,Pierangelo Bertoli,Una Voce Tra Due Fuochi,1,1,1340,0,0,0,0,0,0,0,1,0,0,0,0,0,0,0,1,0,0,0,0,0
spotify:track:6Jqgepi7N8m4Gn2m7YUIZb,Sola,Venerus,Il Segreto,1,1,17670,0,0,0,0,0,0,0,0,0,1,0,0,0,0,0,1,0,0,0,0,0
spotify:track:6Jiugs1FQWhP13yxnke3CK,Baby,Eminem,The Marshall Mathers LP2,1,1,54982,0,0,0,0,0,1,0,0,0,0,0,0,0,0,0,0,1,0,0,0,0
spotify:track:6JVOeKaRMwFjgiH3IbZhW1,Make You Mine,Valentin,Make You Mine,1,1,5527,0,0,0,0,0,0,0,1,0,0,0,0,0,0,0,1,0,0,0,0,0
spotify:track:2g3wyAWIAvmjfZ8K6Jb4Zn,Con il nastro rosa,Lucio Battisti,Una giornata uggiosa,1,1,5762,0,0,0,0,0,0,0,1,0,0,0,0,0,0,0,1,0,0,0,0,0
spotify:track:1lCRw5FEZ1gPDNPzy1K4zW,We Are The Champions - Remastered 2011,Queen,News Of The World,1,0,179200,0,0,0,0,0,1,0,0,0,0,0,0,0,0,0,0,0,0,0,0,1
spotify:track:1ktyKCzfI8hooCJP3X2yP5,uNa DiReZioNe giUsTa,yungest Moonstar,uNa DiReZioNe giUsTa,1,1,6340,0,0,0,0,0,0,0,1,0,0,0,0,0,0,0,1,0,0,0,0,0
spotify:track:6IdiuMw1FSAvU3e6bgWQVX,È sempre bello,Coez,È sempre bello,1,1,883,0,0,0,0,0,1,0,0,0,0,0,0,0,0,0,0,1,0,0,0,0
spotify:track:6IHQYCcVjN6byEKKsx5n1K,Crapa pelada,Quartetto Cetra,Nella vecchia fattoria,1,0,24065,0,0,0,0,0,0,0,1,0,0,0,0,1,0,0,0,0,0,0,0,0
spotify:track:1icgLGTpX2fQXKRe4D7w2b,BACK TO ME,¥$,VULTURES 1,1,1,648,0,0,0,0,0,0,0,1,0,0,0,0,0,0,0,1,0,0,0,0,0
spotify:track:6I9VzXrHxO9rA9A5euc8Ak,Toxic,Britney Spears,In The Zone,1,0,198800,0,0,0,0,0,0,0,0,0,0,1,0,0,0,0,0,0,0,0,0,1
spotify:track:6NLLIPKjqFRnbCorRNTEHe,Express Yourself - Remix,N.W.A.,Greatest Hits,1,1,84280,0,0,0,0,0,1,0,0,0,0,0,0,0,0,0,0,1,0,0,0,0
spotify:track:1iQDltZqI7BXnHrFy4Qo1k,Trampoline (with ZAYN),SHAED,Trampoline (with ZAYN),1,0,184280,1,0,0,0,0,0,0,0,0,0,1,0,0,0,0,0,0,0,0,0,1
spotify:track:6NAbLPUknE9nKxQJeFGFKa,Nei treni la notte,Frah Quintale,Regardez moi,1,1,13577,0,0,0,0,0,0,0,0,0,0,1,0,0,0,0,0,1,0,0,0,0
spotify:track:6N22FZs2ZhPBYi3b9XPajV,Still Don't Know My Name,Labrinth,Euphoria (Original Score from the HBO Series),1,1,5770,0,0,0,0,0,0,0,1,0,0,0,0,0,0,0,1,0,0,0,0,0
spotify:track:6MtI49ggHHumUTONlvMQlq,Stronger Than I Was,Eminem,The Marshall Mathers LP2,1,1,1830,0,0,0,0,0,0,0,1,0,0,0,0,0,0,0,1,0,0,0,0,0
spotify:track:6MrCccPAByfUy41kvJlUUu,Ken Kaniff - Skit,Eminem,The Slim Shady LP,1,1,0,0,0,0,0,0,0,0,1,0,0,0,0,0,0,0,1,0,0,0,0,0
spotify:track:2fyIS6GXMgUcSv4oejx63f,Mardy Bum,Arctic Monkeys,"Whatever People Say I Am, That's What I'm Not",1,1,8540,0,0,0,0,0,0,0,1,0,0,0,0,0,0,0,1,0,0,0,0,0
spotify:track:6LwrEZNkvFTOypNwSLjuaJ,2 Of Amerikaz Most Wanted (ft. Snoop Doggy Dogg),2Pac,All Eyez On Me,1,1,2828,0,0,0,0,0,1,0,0,0,0,0,0,0,0,0,0,1,0,0,0,0
spotify:track:6Lc0La3OwOmAouQjbID4uX,Nera,Irama,Plume,1,1,3430,0,0,0,0,0,0,0,1,0,0,0,0,0,0,0,1,0,0,0,0,0
spotify:track:6LUfuyLgvgqrykiTE6sJHY,Stylo (feat. Mos Def and Bobby Womack),Gorillaz,Plastic Beach,1,1,22756,0,0,0,0,0,0,0,0,0,0,1,0,0,0,0,1,0,0,0,0,0
spotify:track:6LEG4PJ3kyA8Ko7VMTKZ7F,LUCCIOLA,Tamango,COME FOSSERO CAREZZE,1,1,19050,0,0,0,0,0,0,0,0,0,1,0,0,0,0,0,1,0,0,0,0,0
spotify:track:2kYqdSlrtovVMMIn6ykzba,I Wanna Know,Alesso,I Wanna Know,1,1,2760,0,0,0,0,0,1,0,0,0,0,0,0,0,0,0,0,1,0,0,0,0
spotify:track:6L89mwZXSOwYl76YXfX13s,Basket Case,Green Day,Dookie,1,1,6750,0,0,0,0,0,0,0,1,0,0,0,0,0,0,0,1,0,0,0,0,0
spotify:track:6KzkqZqhUBEsWYJJa2aBOd,The Weekend - Radio Edit,Michael Gray,Analog Is On,1,1,19803,0,0,0,0,0,0,0,1,0,0,0,0,0,0,0,1,0,0,0,0,0
spotify:track:6KuZR1aVGMKu8sJ53DNMOw,Look Right Through - MK Dub III,Storm Queen,Look Right Through - Remixes,1,1,15740,0,0,0,0,0,0,0,1,0,0,0,0,0,0,0,1,0,0,0,0,0
spotify:track:6KqM3xmPIDonsTjCSGrrr5,TOO COOL TO BE CARELESS,PAWSA,TOO COOL TO BE CARELESS,1,1,18558,0,0,0,0,0,0,0,1,0,0,0,0,0,0,0,1,0,0,0,0,0
spotify:track:6PCUP3dWmTjcTtXY02oFdT,Castle on the Hill,Ed Sheeran,÷,1,1,2640,0,0,0,0,0,1,0,0,0,0,0,0,0,0,0,0,1,0,0,0,0
spotify:track:0QctD9krtPbC8KBOK6hRfb,Lonely Dancers,Conan Gray,Lonely Dancers,1,0,149027,0,0,0,0,0,0,0,0,0,0,1,0,0,0,0,0,0,0,0,0,1
spotify:track:0QMHVTnrFTQJoaqmkdsKhT,I Wish - Radio Edit,Skee-Lo,I Wish,1,1,6150,0,0,0,0,0,0,0,1,0,0,0,0,0,0,0,1,0,0,0,0,0
spotify:track:0Q4v8N758nx98YxObfqkNC,Blu (feat. Elisa),Rkomi,Dove Gli Occhi Non Arrivano,1,0,165333,0,0,0,0,0,0,0,0,0,0,1,0,0,0,0,0,0,0,0,0,1
spotify:track:0Px0Y0dF5mwFOSLdNaVtHq,Non Me Lo So Spiegare,Tiziano Ferro,TZN -The Best Of Tiziano Ferro,1,0,240040,1,0,0,0,0,0,0,0,0,0,1,0,0,0,0,0,0,0,0,0,1
spotify:track:0Pu71wxadDlB8fJXfjIjeJ,Shoop,Salt-N-Pepa,Very Necessary,1,1,2230,0,0,0,0,0,0,0,1,0,0,0,0,0,0,0,1,0,0,0,0,0
spotify:track:2jkIbZ43eH3rM1yro2Ojzh,Veleno 7,Gemitaiz,Scatola Nera,1,1,3035,0,0,0,0,0,1,0,0,0,0,0,0,0,0,0,0,1,0,0,0,0
spotify:track:0PV1TFUMTBrDETzW6KQulB,93 'Til Infinity,Souls Of Mischief,93 'til Infinity,1,1,2630,0,0,0,0,0,0,0,1,0,0,0,0,0,0,0,1,0,0,0,0,0
spotify:track:0PKJxo97zXT8oAwl2zFnPh,good kid,Kendrick Lamar,"good kid, m.A.A.d city",1,0,214120,0,0,0,0,0,1,0,0,0,0,0,0,0,0,0,0,0,0,0,0,1
spotify:track:0OkXESesbJwrq97WaK7TC1,Gente che spera (feat. Reverendo),Articolo 31,Domani smetto,1,1,18850,0,0,0,0,0,0,0,1,0,0,0,0,0,0,0,1,0,0,0,0,0
spotify:track:0Oe49j06Bjrxs8PltuVeaW,On The Floor - Radio Edit,Jennifer Lopez,On The Floor,1,1,644,0,0,0,0,0,1,0,0,0,0,0,0,0,0,0,0,1,0,0,0,0
spotify:track:2je56j0xuoTi1gYkLLMlJU,Get Down On It - Single Version,Kool & The Gang,Collected,1,1,1440,0,0,0,0,0,0,0,1,0,0,0,0,0,0,0,1,0,0,0,0,0
spotify:track:0O45fw2L5vsWpdsOdXwNAR,SexyBack (feat. Timbaland),Justin Timberlake,FutureSex/LoveSounds,1,1,2113,0,0,1,0,0,0,0,0,0,0,0,0,0,0,0,1,0,0,0,0,0
spotify:track:6ORqU0bHbVCRjXm9AjyHyZ,Good Riddance (Time of Your Life),Green Day,Nimrod,1,1,5750,0,0,0,0,0,0,0,1,0,0,0,0,0,0,0,1,0,0,0,0,0
spotify:track:6O7pAOsUm3d9R37vYdQnG5,Lovebars,Coez,Lovebars,1,1,0,0,0,0,0,0,1,0,0,0,0,0,0,0,0,0,0,1,0,0,0,0
spotify:track:6NjWCIYu1W8xa3HIvcIhd4,Nasty,Tinashe,Nasty,1,1,9078,0,0,0,0,0,0,0,1,0,0,0,0,0,0,0,1,0,0,0,0,0
spotify:track:6U0rtcquyfAqpoypGCKN3I,Calm Down 2.0,Busta Rhymes,Calm Down 2.0 - Single,1,1,8940,0,0,0,0,0,0,0,1,0,0,0,0,0,0,0,1,0,0,0,0,0
spotify:track:6Tj82tvIsDmfMTskuomuEq,Ricordi,Pinguini Tattici Nucleari,Ricordi,1,1,8240,0,0,0,0,0,0,0,1,0,0,0,0,0,0,0,1,0,0,0,0,0
spotify:track:6TdFkofgTvN0WfnWFmh4a6,née-nah,21 Savage,née-nah,1,1,6172,0,0,0,0,0,0,0,1,0,0,0,0,0,0,0,1,0,0,0,0,0
spotify:track:6TCfbxgcjQwxCzM4Vmi6kf,If I Had,Eminem,The Slim Shady LP,1,1,387,0,0,0,0,0,0,0,1,0,0,0,0,0,0,0,1,0,0,0,0,0
spotify:track:6St9lR6dhV2tpCNVz7qfrS,In My Head,Jason Derulo,Jason Derulo,1,0,199026,1,0,0,0,0,0,0,0,0,0,1,0,0,0,0,0,0,0,0,0,1
spotify:track:6SiJ1o6148rcmF2BydC1LW,Nightmares,Bresh,Nightmares,1,1,2321,0,0,0,0,0,0,0,1,0,0,0,0,0,0,0,1,0,0,0,0,0
spotify:track:6SMrWEWukd0DWh5iHGWgks,Dead Wrong (feat. Eminem) - 2007 Remaster,The Notorious B.I.G.,Greatest Hits,1,1,22794,0,0,0,0,0,0,0,1,0,0,0,0,0,0,0,1,0,0,0,0,0
spotify:track:6RnkFd8Fqqgk1Uni8RgqCQ,Like I Do,David Guetta,Like I Do,1,1,2660,0,0,0,0,0,1,0,0,0,0,0,0,0,0,0,0,1,0,0,0,0
spotify:track:6Rb0ptOEjBjPPQUlQtQGbL,Hotel Room Service,Pitbull,Pitbull Starring In Rebelution,1,1,5330,0,0,0,0,0,0,0,1,0,0,0,0,0,0,0,1,0,0,0,0,0
spotify:track:6RUKPb4LETWmmr3iAEQktW,Something Just Like This,The Chainsmokers,Memories...Do Not Open,1,0,247160,0,0,0,0,0,0,0,0,0,0,1,0,0,0,0,0,0,0,0,0,1
spotify:track:6Qyc6fS4DsZjB2mRW9DsQs,Iris,The Goo Goo Dolls,Dizzy up the Girl,1,1,5890,0,0,0,0,0,1,0,0,0,0,0,0,0,0,0,0,1,0,0,0,0
spotify:track:6Qw9JB2Oyn7Mg6fESl1Cjs,Manic Monday,Hypermorph,Manic Monday,1,1,3436,0,0,0,0,0,0,0,1,0,0,0,0,0,0,0,1,0,0,0,0,0
spotify:track:6Q44rxzH39y2tjic98Spo5,Fergalicious,Fergie,The Dutchess,1,1,20660,0,0,0,0,0,0,0,1,0,0,0,0,0,0,0,1,0,0,0,0,0
spotify:track:2iyOKKZXBZr39G7evMbzkO,BLA BLA (feat. Guè),ANNA,BLA BLA (feat. Guè),1,1,2940,0,0,0,0,0,0,0,1,0,0,0,0,0,0,0,0,1,0,0,0,0
spotify:track:6PypGyiu0Y2lCDBN1XZEnP,Everybody Hurts,R.E.M.,Automatic For The People,1,1,5200,0,0,0,0,0,0,0,1,0,0,0,0,0,0,0,1,0,0,0,0,0
spotify:track:6PnfLB5Z1DtXFMqhNn6wDY,It Ain't Me - Tiësto's AFTR:HRS Remix,Kygo,It Ain't Me,1,1,2180,0,0,0,0,0,1,0,0,0,0,0,0,0,0,0,0,1,0,0,0,0
spotify:track:6YYd5MLpu45J0uLrMdivF7,Got Your Money (feat. Kelis),Ol' Dirty Bastard,Nigga Please,1,1,2320,0,0,0,0,0,0,0,1,0,0,0,0,0,0,0,1,0,0,0,0,0
spotify:track:6YB6CK4Tsb0BgtxCEL9KlI,Give It Up to Me,Sean Paul,The Trinity,1,1,2146,1,0,0,0,0,0,0,0,0,0,1,0,0,0,0,1,0,0,0,0,0
spotify:track:2ioSGpzv91icuerCil1UZd,MIRACOLO,Salmo,CVLT,1,1,1155,0,0,0,0,0,0,0,1,0,0,0,0,0,0,0,1,0,0,0,0,0
spotify:track:2iGvsJuc2mC4mDVOVMNAP6,DO IT,¥$,VULTURES 1,1,1,836,0,0,0,0,0,0,0,1,0,0,0,0,0,0,0,1,0,0,0,0,0
spotify:track:6XhwcdZxNEPLkaFvRceYy6,Antichrist,Eminem,The Death of Slim Shady (Coup De Grâce): Expanded Mourner’s Edition,1,1,402,0,0,0,0,0,0,0,1,0,0,0,0,0,0,0,1,0,0,0,0,0
spotify:track:6Wt5QBzHp9vdSLAFlvdnDQ,"I Need a Girl (Pt. 2) [feat. Loon, Ginuwine, Mario Winans]",Diddy,Bad Boy's 10th Anniversary- The Hits,1,1,2150,0,0,0,0,0,0,0,1,0,0,0,0,0,0,0,1,0,0,0,0,0
spotify:track:6WkJ2OK163XXS2oARUC9JM,Dancin (feat. Luvli) - Krono Remix,Aaron Smith,Dancin (feat. Luvli),1,1,20390,0,0,0,0,0,0,0,1,0,0,0,0,0,0,0,1,0,0,0,0,0
spotify:track:6WgxXdBZrtdQFGBcxQxpiv,The Message,Dr. Dre,2001,1,0,304026,0,0,0,0,0,0,0,0,0,0,1,0,0,0,0,0,0,0,0,0,1
spotify:track:2iB7IKO80VAZoxnfuRXVK9,Truck Volume,Busta Rhymes,Genesis,1,1,1040,0,0,0,0,0,0,0,1,0,0,0,0,0,0,0,1,0,0,0,0,0
spotify:track:2hxm7xa1RxJ2z7brYTsAYd,Same Song & Dance,Eminem,Relapse,1,1,13179,0,0,0,0,0,0,0,0,0,0,1,0,0,0,0,1,0,0,0,0,0
spotify:track:6WK9dVrRABMkUXFLNlgWFh,Enjoy the Silence,Depeche Mode,The Singles 86-98,1,1,728,0,0,0,0,0,0,0,1,0,0,0,0,0,0,0,1,0,0,0,0,0
spotify:track:6W9qtw3ddhkYznaOxB50p8,The Feeling,Lost Frequencies,The Feeling,1,1,12491,0,0,0,0,0,0,0,1,0,0,0,0,0,0,0,1,0,0,0,0,0
spotify:track:6VQDaTTTHeLUhKaHcDe2Bz,Pasilda,Afro Medusa,Pasilda,1,1,12895,0,0,0,0,0,0,0,1,0,0,0,0,0,0,0,1,0,0,0,0,0
spotify:track:2heluxdt59fhduxNDOLcPp,You’re Never Over,Eminem,Recovery,1,1,802,0,0,0,0,0,0,0,1,0,0,0,0,0,0,0,1,0,0,0,0,0
spotify:track:6VObnIkLVruX4UVyxWhlqm,Skyfall,Adele,Skyfall,1,1,1470,0,0,0,0,0,1,0,0,0,0,0,0,0,0,0,0,1,0,0,0,0
spotify:track:6U6XkwUEXvKT5hHSSLKxRn,Unaccommodating (feat. Young M.A),Eminem,Music To Be Murdered By - Side B,1,1,4237,0,0,0,0,0,1,0,0,0,0,0,0,0,0,0,1,0,0,0,0,0
spotify:track:6ZtotviVyGiu09bF3qVQwC,Inhale - The Tribe Of Good Remix,Duke Dumont,Inhale,1,1,4840,0,0,0,0,0,0,0,1,0,0,0,0,0,0,0,0,1,0,0,0,0
spotify:track:0NzNKU2MJ9LCetT2uZMJH2,So Many Tears,2Pac,Me Against The World,1,1,3830,0,0,0,0,0,0,0,1,0,0,0,0,0,0,0,1,0,0,0,0,0
spotify:track:2hFjxLPeeBZrvLb302MKLj,Like It Is,Coeo,Disco Volante EP,1,1,8180,0,0,0,0,0,0,0,1,0,0,0,0,0,0,0,1,0,0,0,0,0
spotify:track:0NdTUS4UiNYCNn5FgVqKQY,Snap Out Of It,Arctic Monkeys,AM,1,1,15300,0,0,0,0,0,0,0,1,0,0,0,0,0,0,0,1,0,0,0,0,0
spotify:track:2h8mtZXFfkxcDNO52gvsMY,It's On,Eazy-E,It's On (Dr. Dre) 187um Killa,1,1,600,0,0,0,0,0,0,0,1,0,0,0,0,0,0,0,1,0,0,0,0,0
spotify:track:2gtVRW9gC770jYWYFTe1Yy,For You (feat. CoCo),Mecna,Mentre Nessuno Guarda,1,0,232333,0,0,0,0,0,0,0,0,0,0,1,0,0,0,0,0,0,0,0,0,1
spotify:track:0NIC4unbe5KZOp1d9T7OaF,Secrets,Tiësto,"Club Life, Vol. 4 - New York City",1,1,2910,0,0,0,0,0,1,0,0,0,0,0,0,0,0,0,0,1,0,0,0,0
spotify:track:2plbrEY59IikOBgBGLjaoe,Die With A Smile,Lady Gaga,Die With A Smile,1,1,9930,0,0,0,0,0,1,0,0,0,0,0,0,0,0,0,0,1,0,0,0,0
spotify:track:0MOiv7WTXCqvm89lVCf9C8,Million Voices - Radio Edit,Otto Knows,Million Voices,1,1,16720,0,0,0,0,0,0,0,1,0,0,0,0,0,0,0,1,0,0,0,0,0
spotify:track:2orGI5VXRF4uplYVuvdRyU,Nato Per Questo (feat. Marracash),Club Dogo,Club Dogo,1,1,7680,0,0,0,0,0,0,0,1,0,0,0,0,0,0,0,1,0,0,0,0,0
spotify:track:0LfMuWu6FKNSDHEoxHu9iK,m12ano - feat. Mara Sattei,thasup,23 6451,1,0,188426,1,0,0,0,0,0,0,0,0,0,1,0,0,0,0,0,0,0,0,0,1
spotify:track:0LZy30mVmxqUpdQmaXKXBd,ADIVINO,Myke Towers,ADIVINO,1,1,1290,0,0,0,0,0,0,0,1,0,0,0,0,0,0,0,1,0,0,0,0,0
spotify:track:2oVvW4wbCGjtAOvatvYAFu,Eppure Sentire (un senso di te),Elisa,Soundtrack '96 - 06,1,1,4620,0,0,0,0,0,0,0,1,0,0,0,0,0,0,0,1,0,0,0,0,0
spotify:track:6YxWzMtFrGETbAcvqbUiww,Cum On Everybody,Eminem,The Slim Shady LP,1,1,731,0,0,0,0,0,0,0,1,0,0,0,0,0,0,0,1,0,0,0,0,0
spotify:track:6YtCeSdotERxZAECJ1qIIq,T'Amo,Mahmood,Ghettolimpo,1,1,9800,0,0,0,0,0,0,0,1,0,0,0,0,0,0,0,1,0,0,0,0,0
spotify:track:6Yfg3TrnzThhrZ0i6UDBSv,Fuel,Eminem,The Death of Slim Shady (Coup De Grâce): Expanded Mourner’s Edition,1,1,1181,0,0,0,0,0,0,0,1,0,0,0,0,0,0,0,1,0,0,0,0,0
spotify:track:2o1pb13quMReXZqE7jWsgq,intro (end of the world),Ariana Grande,eternal sunshine,1,1,4710,0,0,0,0,0,1,0,0,0,0,0,0,0,0,0,1,0,0,0,0,0
spotify:track:6dVZCbi9CYtD9LjAHXRjIG,Mask Off (feat. Kendrick Lamar) - Remix,Future,FUTURE,1,1,1040,0,0,0,0,0,0,0,1,0,0,0,0,0,0,0,1,0,0,0,0,0
spotify:track:2nLtzopw4rPReszdYBJU6h,Numb,Linkin Park,Meteora,1,1,5390,0,0,0,0,0,1,0,0,0,0,0,0,0,0,0,0,1,0,0,0,0
spotify:track:2nKUtJ6G05qVViRaXkXWQZ,DOPPIOGANG - prod. tha Supreme,MACHETE,MACHETE MIXTAPE 4,1,0,83652,1,0,0,0,0,0,0,0,0,0,1,0,0,0,0,0,0,0,0,0,1
spotify:track:6dIOXIxiSLC7yc5sbYFUBZ,Chances (feat. Brielle Von Hugel),Mesto,Chances (feat. Brielle Von Hugel),1,1,3190,0,0,0,0,0,0,0,1,0,0,0,0,0,0,0,1,0,0,0,0,0
spotify:track:2nDu67ACo2uRWpxA8jslBc,Be Here,Duke Dumont,"For Club Play Only, Pt. 4",1,1,1810,0,0,0,0,0,0,0,1,0,0,0,0,0,0,0,0,1,0,0,0,0
spotify:track:2mlGPkAx4kwF8Df0GlScsC,Buttercup,Jack Stauber,Pop Food,1,1,3210,0,0,0,0,0,0,0,1,0,0,0,0,0,0,0,1,0,0,0,0,0
spotify:track:2m7QTaFkY4n1EEqZyVvAPe,Make Me Feel - EDX Dubai Skyline Remix,Janelle Monáe,Make Me Feel,1,1,7940,0,0,0,0,0,1,0,0,0,0,0,0,0,0,0,0,1,0,0,0,0
spotify:track:2m2ckMc8CrRHzmUtGeGk8I,Baciami Ancora,Jovanotti,Backup 1987-2012,1,0,278160,0,0,0,0,0,0,0,0,0,0,1,0,0,0,0,0,0,0,0,0,1
spotify:track:6bzuCE27mlZKc9xXljntD6,Love The Way You Lie (feat. Rihanna),Eminem,Curtain Call 2,1,1,995,0,0,0,0,0,0,0,1,0,0,0,0,0,0,0,1,0,0,0,0,0
spotify:track:2luTCiWtvUxVkMrqNKNxNF,Lady (Hear Me Tonight) - Modjo's Dyrt Remix,Modjo,Modjo Remixes,1,1,17128,0,0,0,0,0,0,0,1,0,0,0,0,0,0,0,1,0,0,0,0,0
spotify:track:6bN41HjY008ggroMFxNLaa,Calcolatrici,Sfera Ebbasta,X2VR,1,1,107,0,0,0,0,0,0,0,1,0,0,0,0,0,0,0,1,0,0,0,0,0
spotify:track:6bK9BH9Ts8Gj5JFvnQkzak,Get Busy,Sean Paul,Dutty Rock,1,0,211666,0,0,0,0,0,0,0,0,0,0,1,0,0,0,0,0,0,0,0,0,1
spotify:track:6aV7Bwv6WKxTIBxCpZmVBz,PASSIONE,Fred De Palma,PASSIONE,1,1,5350,0,0,0,0,0,1,0,0,0,0,0,0,0,0,0,0,1,0,0,0,0
spotify:track:6aBUnkXuCEQQHAlTokv9or,This Must Be the Place (Naive Melody) - 2005 Remaster,Talking Heads,Speaking in Tongues,1,1,15940,0,0,0,0,0,0,0,0,0,1,0,0,0,0,0,1,0,0,0,0,0
spotify:track:6a9Z1jUms915w4O7N1PxjY,Santa,Rvssian,Santa,1,1,760,0,0,0,0,0,0,0,1,0,0,0,0,0,0,0,1,0,0,0,0,0
spotify:track:2lEuz5U4338FPZ3kh1hThb,Feelin' It,JAY-Z,Reasonable Doubt,1,1,9140,0,0,0,0,0,1,0,0,0,0,0,0,0,0,0,1,0,0,0,0,0
spotify:track:2lD6AoA8qf2t4Dkf2TcmNK,Rigamortus,Kendrick Lamar,Section.80,1,1,3760,0,0,0,0,0,0,0,1,0,0,0,0,0,0,0,1,0,0,0,0,0
spotify:track:2qCKVLeanphs1pxxvH3XNR,Missing (feat. Mingue),EDX,Missing (feat. Mingue),1,1,5270,0,0,0,0,0,1,0,0,0,0,0,0,0,0,0,0,1,0,0,0,0
spotify:track:6hJp6uo0z0Stoxo2wVv6P3,Berzerk - Instrumental,Eminem,The Marshall Mathers LP2,1,1,48,0,0,0,0,0,1,0,0,0,0,0,0,0,0,0,0,1,0,0,0,0
spotify:track:1i3z3GR1JtLswOSJNO0BQw,"You Can't Stop The Girl (From Disney's ""Maleficent: Mistress of Evil"")",Bebe Rexha,"You Can't Stop The Girl (From Disney's ""Maleficent: Mistress of Evil"")",1,1,4982,1,0,0,0,0,1,0,0,0,0,0,0,0,0,0,0,1,0,0,0,0
spotify:track:1i0oabK4KhsbIJr029XStL,Alé (feat. Capo Plaza),Rhove,Popolari,1,1,800,0,0,0,0,0,0,0,1,0,0,0,0,0,0,0,1,0,0,0,0,0
spotify:track:6h5PAsRni4IRlxWr6uDPTP,More Than You Know,Axwell /\ Ingrosso,More Than You Know,1,1,1910,0,0,0,0,0,1,0,0,0,0,0,0,0,0,0,0,1,0,0,0,0
spotify:track:1huvTbEYtgltjQRXzrNKGi,Don't,Ed Sheeran,x,1,0,219840,0,0,0,0,0,0,0,0,0,0,1,0,0,0,0,0,0,0,0,0,1
spotify:track:6glsMWIMIxQ4BedzLqGVi4,"So Fresh, So Clean",Outkast,Stankonia,1,1,6230,0,0,0,0,0,0,0,1,0,0,0,0,0,0,0,1,0,0,0,0,0
spotify:track:1hu2s7qkm5bo03eODpRQO3,Wanna Be Startin' Somethin',Michael Jackson,Thriller,1,0,10346,0,0,0,0,0,0,0,1,0,0,0,0,1,0,0,0,0,0,0,0,0
spotify:track:6fwdbPMwP1zVStm8FybmkO,X (feat. Future),21 Savage,Savage Mode,1,1,3269,0,0,0,0,0,0,0,1,0,0,0,0,0,0,0,1,0,0,0,0,0
spotify:track:6f49kbOuQSOsStBpyGvQfA,A Head Full of Dreams,Coldplay,A Head Full of Dreams,1,1,34773,0,0,0,0,0,0,0,0,0,0,1,0,0,0,0,0,1,0,0,0,0
spotify:track:6eypw7fGYBtYxD3dCE2pld,Do It Again,The Chemical Brothers,We Are The Night,1,1,18390,0,0,0,0,0,0,0,0,0,1,0,0,0,0,0,1,0,0,0,0,0
spotify:track:6ewNVQqN4Heqy3v3bytuiu,I Got Love (feat. Nate Dogg),Don Diablo,I Got Love (feat. Nate Dogg),1,1,2600,0,0,0,0,0,0,0,1,0,0,0,0,0,0,0,1,0,0,0,0,0
spotify:track:6etVFDSbFabj0tPY10MAXR,Wombass,Tiësto,Wombass,1,1,3780,0,0,0,0,0,1,0,0,0,0,0,0,0,0,0,0,1,0,0,0,0
spotify:track:6eCIYNIasTRya5UYBWjxSE,Su Di Te,Simone Panetti,Su Di Te,1,1,4570,0,0,0,0,0,0,0,1,0,0,0,0,0,0,0,1,0,0,0,0,0
spotify:track:6lrDckuosGpwEHtm1hHBcf,November Has Come,Gorillaz,Demon Days,1,1,29751,0,0,0,0,0,0,0,0,0,0,1,0,0,0,0,0,1,0,0,0,0
spotify:track:6lOyqdJApD2K1o82eNCxbJ,Contact,Foreign Beggars,United Colours of Beggattron,1,1,23080,0,0,0,0,0,0,0,1,0,0,0,0,0,0,0,1,0,0,0,0,0
spotify:track:6lKIgwNjioNQ8ZNB8CQv0W,Be With You,Thomas Newson,Be With You,1,1,3440,0,0,0,0,0,1,0,0,0,0,0,0,0,0,0,0,1,0,0,0,0
spotify:track:6lK2xptPzLPmvpE29U4mDH,Sarà perché ti amo,Ricchi E Poveri,...E Penso A Te,1,1,3872,0,0,0,0,0,0,0,1,0,0,0,0,0,0,0,1,0,0,0,0,0
spotify:track:6l75Og7UcnKVqM14tGhjD6,Not Afraid,Eminem,Recovery,1,1,382,0,0,0,0,0,0,0,1,0,0,0,0,0,0,0,1,0,0,0,0,0
spotify:track:6kh17zXl4MM4AzSeJP02hB,Same Old Story,Skepta,Ignorance is Bliss,1,1,1710,0,0,0,0,0,0,0,1,0,0,0,0,0,0,0,1,0,0,0,0,0
spotify:track:6kex4EBAj0WHXDKZMEJaaF,Swalla (feat. Nicki Minaj & Ty Dolla $ign),Jason Derulo,Swalla (feat. Nicki Minaj & Ty Dolla $ign),1,0,216408,0,0,0,0,0,0,0,0,0,0,1,0,0,0,0,0,0,0,0,0,1
spotify:track:6k2900NjJeVqZM55G3Danu,Bum Bum Tam Tam,MC Fioti,Bum Bum Tam Tam,1,1,1590,0,0,0,0,0,0,0,1,0,0,0,0,0,0,0,1,0,0,0,0,0
spotify:track:1hRv3AxmkmVrSQf0Ak9v7p,In My Dreams (Cudder Anthem),Kid Cudi,Man On The Moon: The End Of Day,1,1,76610,0,0,0,0,0,0,0,1,0,0,0,0,0,0,0,0,1,0,0,0,0
spotify:track:6jreFSOTUAViWjKyzOC4Kg,REMEDY,Alesso,REMEDY,1,1,6490,0,0,0,0,0,1,0,0,0,0,0,0,0,0,0,1,0,0,0,0,0
spotify:track:6jin465re80co3DeK8hsns,Remember The Name (feat. Eminem & 50 Cent),Ed Sheeran,Remember The Name (feat. Eminem & 50 Cent),1,1,1080,0,0,0,0,0,1,0,0,0,0,0,0,0,0,0,0,1,0,0,0,0
spotify:track:6jReB7746zm66rQtNETHuT,Groundhog Day,Eminem,The Marshall Mathers LP2,1,1,105175,0,0,0,0,0,1,0,0,0,0,0,0,0,0,0,0,1,0,0,0,0
spotify:track:6j8gTlbhj9KJSeypNcNAS9,Street Lights,Kanye West,808s & Heartbreak,1,0,14074,0,0,0,0,0,0,0,1,0,0,0,0,1,0,0,0,0,0,0,0,0
spotify:track:6igJzslHAWnb4IpJiltPCq,Survival - Instrumental,Eminem,The Marshall Mathers LP2,1,1,604,0,0,0,0,0,1,0,0,0,0,0,0,0,0,0,0,1,0,0,0,0
spotify:track:6iW38RGqdDGOofmz2HeXLW,Piece Of Your Heart - Alok Remix,MEDUZA,Piece Of Your Heart,1,1,4020,0,0,0,0,0,1,0,0,0,0,0,0,0,0,0,0,1,0,0,0,0
spotify:track:6i6cWTCYBOKEdJnWjzm2yk,Hood Gone Love It (feat. Kendrick Lamar),Jay Rock,Follow Me Home,1,1,1136,0,0,0,0,0,1,0,0,0,0,0,0,0,0,0,0,1,0,0,0,0
spotify:track:1gZPjMzCaSJquVHc4fU7Hz,Suicidal Thoughts,Rodiel,Suicidal Thoughts,1,1,25635,0,0,0,0,0,1,0,0,0,0,0,0,0,0,0,1,0,0,0,0,0
spotify:track:0KM2y796j63t5RHhvRUxld,"Relax, Take It Easy",MIKA,Life In Cartoon Motion,1,1,5322,0,0,0,0,0,1,0,0,0,0,0,0,0,0,0,0,1,0,0,0,0
spotify:track:0JiVRyTJcJnmlwCZ854K4p,Alone,Alan Walker,Alone,1,1,5580,0,0,0,0,0,1,0,0,0,0,0,0,0,0,0,0,1,0,0,0,0
spotify:track:0JarHeck5c9TbguVahtmr5,Temporary,Eminem,The Death of Slim Shady (Coup De Grâce): Expanded Mourner’s Edition,1,1,951,0,0,0,0,0,0,0,1,0,0,0,0,0,0,0,1,0,0,0,0,0
spotify:track:0JAuefEn9V3NCNKb31IF0O,Sing It Back,Moloko,I Am Not a Doctor,1,1,11194,0,0,0,0,0,0,0,1,0,0,0,0,0,0,0,1,0,0,0,0,0
spotify:track:1gRQxbfL4ULWyTosgXSbWT,You Little Beauty,FISHER,You Little Beauty,1,1,2840,0,0,0,0,0,0,0,1,0,0,0,0,0,0,0,1,0,0,0,0,0
spotify:track:0J07ya7WC09FaQADutoBRZ,Love Tonight (Robin Schulz Remix),Shouse,Love Tonight (Robin Schulz Remix),1,1,3870,0,0,0,0,0,0,0,1,0,0,0,0,0,0,0,1,0,0,0,0,0
spotify:track:1gGVV2i0KUBHEldMr6QG8q,Forgotten,Lorne Balfe,13 Hours: The Secret Soldiers of Benghazi (Music from the Motion Picture),1,1,8906,0,0,0,0,0,0,0,1,0,0,0,0,0,0,0,1,0,0,0,0,0
spotify:track:0IVAlb0cFCH1cQ974iR1TU,Ms. Fat Booty,Mos Def,Black On Both Sides,1,1,7080,0,0,0,0,0,0,0,1,0,0,0,0,0,0,0,1,0,0,0,0,0
spotify:track:0INUNNYfsp4qr6kJdY46mY,Travelin' Band,Creedence Clearwater Revival,Cosmo's Factory,1,1,11770,0,0,0,0,0,0,0,0,0,1,0,0,0,0,0,1,0,0,0,0,0
spotify:track:0I0b7uTFfHhBz5bMkSDouF,LA DOLCE VITA,Fedez,LA DOLCE VITA,1,1,3307,0,0,0,0,0,0,0,1,0,0,0,0,0,0,0,1,0,0,0,0,0
spotify:track:1ff8lsrJ2kuZuofMw81EQo,Save a Prayer - 2009 Remaster,Duran Duran,Rio,1,1,1600,0,0,0,0,0,0,0,1,0,0,0,0,0,0,0,1,0,0,0,0,0
spotify:track:6mICuAdrwEjh6Y6lroV2Kg,Chantaje (feat. Maluma),Shakira,El Dorado,1,0,195840,0,0,0,0,0,0,0,0,0,0,1,0,0,0,0,0,0,0,0,0,1
spotify:track:2tBJjWPeVthyObVtca2ZeY,Giulia,Pinguini Tattici Nucleari,AHIA!,1,1,8690,0,0,0,0,0,0,0,1,0,0,0,0,0,0,0,1,0,0,0,0,0
spotify:track:2t8UoPFVXCRZulscbwv0QL,We Will Rock You - Movie Mix,Queen,Bohemian Rhapsody,1,1,96623,0,0,0,0,0,0,0,0,0,0,1,0,0,0,0,0,1,0,0,0,0
spotify:track:2sXMYMpvGVJJBIwrzNf0Lr,Streiht Up Menace,Compton's Most Wanted,When We Wuz Bangin,1,1,1341,0,0,0,0,0,1,0,0,0,0,0,0,0,0,0,1,0,0,0,0,0
spotify:track:6phmKeRhJUsiSBJgMkgjg8,Alwayz Into Somethin',N.W.A.,Efil4zaggin,1,1,2840,0,0,0,0,0,1,0,0,0,0,0,0,0,0,0,0,1,0,0,0,0
spotify:track:2sTjfPFi1UthRs8qwaqMwB,Cinderella Man,Eminem,Recovery,1,1,322,0,0,0,0,0,0,0,1,0,0,0,0,0,0,0,1,0,0,0,0,0
spotify:track:2sLwPnIP3CUVmIuHranJZU,Wiggle (feat. Snoop Dogg),Jason Derulo,Talk Dirty,1,0,193295,0,0,0,0,0,0,0,0,0,0,1,0,0,0,0,0,0,0,0,0,1
spotify:track:2sCkQ5AoGNKy0urYd2E3BT,RICCHI E MORTI,Salmo,Playlist,1,1,6766,0,0,0,0,0,0,0,0,0,0,1,0,0,0,0,0,1,0,0,0,0
spotify:track:2rMhztfOqEt00j47vpCfKl,SESSO E SAMBA (feat. Gaia),Tony Effe,SESSO E SAMBA (feat. Gaia),1,1,6857,0,0,0,0,0,0,0,1,0,0,0,0,0,0,0,1,0,0,0,0,0
spotify:track:2qjDNbgLzfBpCvDwfw11Qg,Sing Hallelujah!,Dr. Alban,One Love,1,1,8345,0,0,0,0,0,0,0,1,0,0,0,0,0,0,0,0,1,0,0,0,0
spotify:track:2qVroroHcnJprF5rmgzj5Z,Empire (Made Of Gold) [feat. Donny Anderson],Humain,Empire (Made Of Gold) [feat. Donny Anderson],1,1,24960,0,0,0,0,0,1,0,0,0,0,0,0,0,0,0,0,1,0,0,0,0
spotify:track:2qPUnoasNe4Ep43emVXEig,Billionaire (feat. Bruno Mars),Travie McCoy,Lazarus,1,0,211160,1,0,0,0,0,0,0,0,0,0,1,0,0,0,0,0,0,0,0,0,1
spotify:track:6o0gJtOgimGamRBTS80H5g,PICK UP THE PHONE (feat. Nate Dogg),PAWSA,PICK UP THE PHONE (feat. Nate Dogg),1,1,5194,0,0,0,0,0,0,0,1,0,0,0,0,0,0,0,1,0,0,0,0,0
spotify:track:6npBv8PhiZH8l6g4YPclhh,So Far...,Eminem,The Marshall Mathers LP2,1,1,42294,0,0,0,0,0,1,0,0,0,0,0,0,0,0,0,0,1,0,0,0,0
spotify:track:6ngx6PjG5Gy2y1WJl3epZQ,Reach For The Dead,Boards of Canada,Tomorrow's Harvest,1,1,6863,0,0,0,0,0,0,0,1,0,0,0,0,0,0,0,1,0,0,0,0,0
spotify:track:2wpSLqGcN5KXVeAGdAnQd0,Sant'allegria - Jack Sani Remix,Ornella Vanoni,Sant'allegria,1,1,8970,0,0,0,0,0,1,0,0,0,0,0,0,0,0,0,0,1,0,0,0,0
spotify:track:6nTiIhLmQ3FWhvrGafw2zj,American Idiot,Green Day,American Idiot,1,1,10971,0,0,0,0,0,0,0,1,0,0,0,0,0,0,0,1,0,0,0,0,0
spotify:track:6me7F0aaZjwDo6RJ5MrfBD,Evergreen,Richy Mitch & The Coal Miners,RMCM,1,1,13293,0,0,0,0,0,0,0,0,0,0,1,0,0,0,0,1,0,0,0,0,0
spotify:track:6maTPqynTmrkWIralgGaoP,If We Ever Broke Up,Mae Stephens,If We Ever Broke Up,1,1,2070,0,0,0,0,0,0,0,1,0,0,0,0,0,0,0,1,0,0,0,0,0
spotify:track:2wnsBaxrmkthIFAm6vqCuX,So Lonely,The Police,Outlandos D'Amour - Remastered 2003,1,1,2810,0,0,0,0,0,0,0,1,0,0,0,0,0,0,0,1,0,0,0,0,0
spotify:track:2wWoQSkztkPRfOVja8KKse,Desperation,Eminem,The Marshall Mathers LP2,1,1,1447,0,0,0,0,0,1,0,0,0,0,0,0,0,0,0,0,1,0,0,0,0
spotify:track:2wFlrdEmnKjCUuviwwbeIQ,What A Feeling - Radio Edit,Alex Gaudino,Doctor Love,1,1,1430,0,0,0,0,0,1,0,0,0,0,0,0,0,0,0,0,1,0,0,0,0
spotify:track:2w66gxRgO7ViVaerp870nF,Estate,Will,Manchester,1,1,11558,0,0,0,0,0,0,0,1,0,0,0,0,0,0,0,1,0,0,0,0,0
spotify:track:6sHsXIJoEN5JpdkGMQDJxt,The Boy Is Mine,Brandy,Never Say Never,1,1,23290,0,0,0,0,0,0,0,0,0,1,0,0,0,0,0,1,0,0,0,0,0
spotify:track:2w5lNPWb8vsCYiwPPGxL4W,Trinity: titoli,Franco Micalizzi,Lo chiamavano Trinità... (Original Motion Picture Soundtrack),1,1,1164,0,0,0,0,0,1,0,0,0,0,0,0,0,0,0,0,1,0,0,0,0
spotify:track:6s8nHXTJVqFjXE4yVZPDHR,Troublemaker (feat. Flo Rida),Olly Murs,Right Place Right Time - Expanded Edition,1,1,4000,0,0,0,0,0,0,0,1,0,0,0,0,0,0,0,1,0,0,0,0,0
spotify:track:6s4kWgzQwsueo3mfllY1s6,Dead Wrong (feat. Eminem) - 2005 Remaster,The Notorious B.I.G.,Born Again,1,1,1100,0,0,0,0,0,0,0,1,0,0,0,0,0,0,0,1,0,0,0,0,0
spotify:track:2vs5byLcEKsGxKIDa3WaMG,"World, Hold On - Radio Edit 2",Bob Sinclar,"World, Hold On (Children Of The Sky)",1,0,214573,0,0,0,0,0,0,0,0,0,0,1,0,0,0,0,0,0,0,0,0,1
spotify:track:6s2vYgLML3ClOtlJhYyYKR,Hit 'Em Up Style (Oops!),ESSEL,Hit 'Em Up Style (Oops!),1,1,18120,0,0,0,0,0,0,0,1,0,0,0,0,0,0,0,1,0,0,0,0,0
spotify:track:2vAzyP21f777MdZNcyt6yt,L'amore eternit (feat. Noemi),Fedez,Pop-hoolista,1,0,258880,1,0,0,0,0,0,0,0,0,0,1,0,0,0,0,0,0,0,0,0,1
spotify:track:6rvsIniNCo4hDJSE63hR1w,Premonition - Intro,Eminem,Music To Be Murdered By - Side B,1,1,77897,0,0,0,0,0,0,0,0,0,0,1,0,0,0,0,0,1,0,0,0,0
spotify:track:2vAyFmd5LfkSCIHA8uuya1,POLKA 3,Rosa Chemical,POLKA 3,1,0,160645,0,0,0,0,0,0,0,0,0,0,1,0,0,0,0,0,0,0,0,0,1
spotify:track:2uwnP6tZVVmTovzX5ELooy,Power Trip (feat. Miguel),J. Cole,Born Sinner,1,1,6648,0,0,0,0,0,0,0,1,0,0,0,0,0,0,0,1,0,0,0,0,0
spotify:track:2unqiEdHtabnsbv6TJ7gCW,Lose Control,MEDUZA,MEDUZA,1,1,11200,0,0,0,0,0,0,0,1,0,0,0,0,0,0,0,1,0,0,0,0,0
spotify:track:2uZVfvOK7MTjBTRICYmpso,Birds (feat. Elisa),Imagine Dragons,Birds,1,0,219434,1,0,0,0,0,1,0,0,0,0,0,0,0,0,0,0,0,0,0,0,1
spotify:track:6pxWv6GV35VGmcPf5dh6CH,Proud Mary,Creedence Clearwater Revival,Bayou Country,1,1,14800,0,0,0,0,0,0,0,0,0,1,0,0,0,0,0,1,0,0,0,0,0
spotify:track:6wVWJl64yoTzU27EI8ep20,Crying Lightning,Arctic Monkeys,Humbug,1,1,4680,0,0,0,0,0,0,0,1,0,0,0,0,0,0,0,1,0,0,0,0,0
spotify:track:6wNUBZNWFxdUGof6vkaykE,One For The Road,Arctic Monkeys,AM,1,1,6420,0,0,0,0,0,0,0,1,0,0,0,0,0,0,0,1,0,0,0,0,0
spotify:track:6vra7BbbjVoFJeJk11Dxpm,Untitled,Eminem,Recovery,1,0,194440,0,0,0,0,0,0,0,1,0,0,0,0,0,0,0,0,0,0,0,0,1
spotify:track:6vPJvkEuWZPcv58NnQ3dBR,Sweet Escape,Alesso,Forever,1,1,3080,0,0,0,0,0,1,0,0,0,0,0,0,0,0,0,0,1,0,0,0,0
spotify:track:2uMbCJ8lxF7hqpQUaeo42D,Do It Right,Martin Solveig,Do It Right,1,1,1710,0,0,0,0,0,1,0,0,0,0,0,0,0,0,0,0,1,0,0,0,0
spotify:track:6v3KW9xbzN5yKLt9YKDYA2,Señorita,Shawn Mendes,Shawn Mendes,1,1,830,0,0,0,0,0,0,0,1,0,0,0,0,0,0,0,1,0,0,0,0,0
spotify:track:6uqeN1m6DXG0yOQ4WMNndB,Nulla Accade,Marracash,Santeria,1,1,5254,0,0,0,0,0,1,0,0,0,0,0,0,0,0,0,0,1,0,0,0,0
spotify:track:6uUpssCxQaQWrlx869314b,"Street Advisor (feat. Noyz Narcos, Marracash & Capo Plaza)",Night Skinny,Mattoni,1,1,4760,0,0,0,0,0,0,0,1,0,0,0,0,0,0,0,1,0,0,0,0,0
spotify:track:6uTPdRrEDeH8Fyg5L5qmeU,Never Lose Me,Flo Milli,Never Lose Me,1,1,2232,0,0,0,0,0,0,0,1,0,0,0,0,0,0,0,1,0,0,0,0,0
spotify:track:6uN0PQk9GLI4ze5Vr9hOX3,CARRARA (feat. Simba La Rue),Tony Effe,ICON,1,1,3831,0,0,0,0,0,0,0,1,0,0,0,0,0,0,0,1,0,0,0,0,0
spotify:track:6uBhi9gBXWjanegOb2Phh0,Stay,Zedd,Stay,1,1,3120,0,0,0,0,0,0,0,1,0,0,0,0,0,0,0,1,0,0,0,0,0
spotify:track:2tpj93xPguptg254LXF38V,Lies - Merk & Kremont remix,Addal,Lies,1,1,1800,0,0,0,0,0,1,0,0,0,0,0,0,0,0,0,0,1,0,0,0,0
spotify:track:6taEl81TyyzSezfsAla9o5,Money Ain't A Thang,JAY-Z,Vol.2... Hard Knock Life,1,1,17690,0,0,0,0,0,0,0,1,0,0,0,0,0,0,0,1,0,0,0,0,0
spotify:track:2y4ZR0BUAVePljHSsZyIgj,PAID,¥$,VULTURES 1,1,1,150,0,0,0,0,0,0,0,1,0,0,0,0,0,0,0,1,0,0,0,0,0
spotify:track:6tNgRQ0K2NYZ0Rb9l9DzL8,obsessed,Olivia Rodrigo,GUTS (spilled),1,1,12376,0,0,0,0,0,0,0,1,0,0,0,0,0,0,0,1,0,0,0,0,0
spotify:track:6tDxrq4FxEL2q15y37tXT9,Dear Mama,2Pac,Me Against The World,1,1,4390,0,0,0,0,0,0,0,1,0,0,0,0,0,0,0,1,0,0,0,0,0
spotify:track:6xRWoYwfwIKnT8bQGzKbxR,God Is,Kanye West,JESUS IS KING,1,1,1852,0,0,0,0,0,0,0,1,0,0,0,0,0,0,0,1,0,0,0,0,0
spotify:track:1fa7bRXO9pZI8kkLZVZywf,Don't Front,Eminem,The Marshall Mathers LP2,1,1,937,0,0,0,0,0,1,0,0,0,0,0,0,0,0,0,0,1,0,0,0,0
spotify:track:0HPD5WQqrq7wPWR7P7Dw1i,TiK ToK,Kesha,Animal (Expanded Edition),1,0,199693,1,0,0,0,0,0,0,0,0,0,1,0,0,0,0,0,0,0,0,0,1
spotify:track:0HJd4ynGL3mn0p2o6WE9DI,Loneliness,Calcutta ,RELAX,1,1,16580,0,0,0,0,0,0,0,0,0,1,0,0,0,0,0,1,0,0,0,0,0
spotify:track:0H7LRye21kQjDfHVqnGoiM,Carmen Suite No. 2: 2. Habanera,Georges Bizet,Bizet: Carmen Suites; L'Arlésienne Suites,1,1,12597,0,0,0,0,0,0,0,1,0,0,0,0,0,0,0,1,0,0,0,0,0
spotify:track:1f2HVTtVTRuA2k4IcledYy,What's Next - Instrumental,Warren G,Regulate… G Funk Era,1,1,2443,0,0,0,0,0,0,0,1,0,0,0,0,0,0,0,1,0,0,0,0,0
spotify:track:0Gfe0uC41xaBjxWoGrxeHT,Same Song & Dance,Eminem,Relapse [Deluxe],1,1,112,0,0,0,0,0,0,0,1,0,0,0,0,0,0,0,1,0,0,0,0,0
spotify:track:1eaqMiiUn2P7MnqJK4XeK0,TALKING,¥$,VULTURES 1,1,1,946,0,0,0,0,0,0,0,1,0,0,0,0,0,0,0,1,0,0,0,0,0
spotify:track:0GRzZ2o5LtYDEOUNjbzTUa,Those Kinda Nights (feat. Ed Sheeran),Eminem,Music To Be Murdered By - Side B,1,1,265,0,0,0,0,0,0,0,1,0,0,0,0,0,0,0,1,0,0,0,0,0
spotify:track:0GQQzmMNA7JE4tOdcSFh1C,Lolo - Intro,Dr. Dre,2001,1,0,19305,0,0,0,0,0,0,0,1,0,0,0,0,0,0,0,0,0,0,0,0,1
spotify:track:1eLU27PPFxBhbp1CBjPh9J,"1Train (feat. Kendrick Lamar, Joey Bada$$, Yelawolf, Danny Brown, Action Bronson & Big K.R.I.T.)",A$AP Rocky,LONG.LIVE.A$AP (Deluxe Version),1,1,5597,0,0,0,0,0,1,0,0,0,0,0,0,0,0,0,1,0,0,0,0,0
spotify:track:0G3fbPbE1vGeABDEZF0jeG,Good Times,CHIC,Risqué,1,1,3070,0,0,0,0,0,0,0,1,0,0,0,0,0,0,0,1,0,0,0,0,0
spotify:track:1eLSF6HfrRA0AsNmTkUlKx,"King's Dead (with Kendrick Lamar, Future & James Blake)",Jay Rock,Black Panther The Album Music From And Inspired By,1,1,1580,0,0,0,0,0,0,0,1,0,0,0,0,0,0,0,1,0,0,0,0,0
spotify:track:6xKVnA3xFRKj0LJywmIrqB,Who You Are,Mihail,Who You Are,1,1,4140,0,0,0,0,0,0,0,1,0,0,0,0,0,0,0,1,0,0,0,0,0
spotify:track:6wyTrrGdLHaW0ED36BXND2,Werdz From The Ghetto Child,Gang Starr,The Ownerz,1,1,765,0,0,0,0,0,1,0,0,0,0,0,0,0,0,0,0,1,0,0,0,0
spotify:track:6wrujrWK30hnVbpOJYbnQt,No Love,Eminem,Recovery,1,1,962,0,0,0,0,0,0,0,1,0,0,0,0,0,0,0,1,0,0,0,0,0
spotify:track:71d1KcqByBe8cl0NhFUKVU,Ronald Reagan Era,Kendrick Lamar,Section.80,1,1,24190,0,0,0,0,0,0,0,0,0,0,1,0,0,0,0,0,1,0,0,0,0
spotify:track:71SmBQv9oyzbELEh5DbuOX,Shake Ya Tailfeather (feat. Nelly & Murphy Lee),Diddy,Bad Boys II,1,1,2300,0,0,0,0,0,1,0,0,0,0,0,0,0,0,0,0,1,0,0,0,0
spotify:track:7102UhVPxGoYGNE2w3duPh,Turn up the Speakers - Radio Edit,AFROJACK,Turn Up The Speakers,1,1,910,0,0,0,0,0,1,0,0,0,0,0,0,0,0,0,0,1,0,0,0,0
spotify:track:70kdJnm1X6eEM8DbWa8Mnc,YOU'RE THE ONE,KAYTRANADA,99.9%,1,1,1450,0,0,0,0,0,0,0,1,0,0,0,0,0,0,0,1,0,0,0,0,0
spotify:track:70eFcWOvlMObDhURTqT4Fv,Beautiful People (feat. Khalid),Ed Sheeran,No.6 Collaborations Project,1,1,1730,0,0,0,0,0,1,0,0,0,0,0,0,0,0,0,0,1,0,0,0,0
spotify:track:70Vdd1gx5tn84jkAU31ASv,Sexy And I Know It,LMFAO,Sorry For Party Rocking,1,1,14363,0,0,0,0,0,1,0,0,0,0,0,0,0,0,0,0,1,0,0,0,0
spotify:track:0R73O4mqSPv5dYnYug30LB,Ti Scatterò Una Foto,Tiziano Ferro,TZN -The Best Of Tiziano Ferro,1,0,272053,1,0,0,0,0,0,0,0,0,0,1,0,0,0,0,0,0,0,0,0,1
spotify:track:6z7tGTD6yvyloEm6K2H8EX,LUNA PIENA (con IRAMA),Rkomi,TAXI DRIVER,1,1,3410,0,0,0,0,0,0,0,1,0,0,0,0,0,0,0,1,0,0,0,0,0
spotify:track:6yVnpVWuT3NdhAmQe05T33,Wild West End,Dire Straits,Dire Straits,1,1,15190,0,0,0,0,0,0,0,0,0,1,0,0,0,0,0,1,0,0,0,0,0
spotify:track:1eKZjOja6i7iKS7N2Bzj8D,Rap God,Eminem,The Marshall Mathers LP2,1,1,1196,0,0,0,0,0,1,0,0,0,0,0,0,0,0,0,0,1,0,0,0,0
spotify:track:6yE9LZDnjotlcr1gACxnmh,Hello,Eminem,Relapse,1,1,28187,0,0,0,0,0,0,0,1,0,0,0,0,0,0,0,1,0,0,0,0,0
spotify:track:1eIS75JS5rfbJpSu6ZC9EO,VOCE,Madame,VOCE,1,1,5200,0,0,0,0,0,0,0,1,0,0,0,0,0,0,0,1,0,0,0,0,0
spotify:track:6xp1u6ZEHXX8DxJIFFrVoP,Little Things x Gypsy Woman - L BEATS MASHUP,Jorja Smith,Little Things x Gypsy Woman,1,1,2835,0,0,0,0,0,0,0,1,0,0,0,0,0,0,0,1,0,0,0,0,0
spotify:track:6xdLJrVj4vIXwhuG8TMopk,Crazy Little Thing Called Love - Remastered 2011,Queen,The Game,1,1,3600,0,0,0,0,0,0,0,0,0,1,0,0,0,0,0,1,0,0,0,0,0
spotify:track:1di1BEgJYzPvXUuinsYJGP,Everybody (Backstreet's Back) - Radio Edit,Backstreet Boys,Backstreet's Back,1,1,6353,0,0,0,0,0,1,0,0,0,0,0,0,0,0,0,1,0,0,0,0,0
spotify:track:6xVRtkQwQsuCBUMhWue5Es,Future,Parov Stelar,Future,1,1,10154,0,0,0,0,0,0,0,1,0,0,0,0,0,0,0,1,0,0,0,0,0
spotify:track:76hfruVvmfQbw0eYn1nmeC,Cake By The Ocean,DNCE,DNCE,1,1,1920,0,0,0,0,0,0,0,1,0,0,0,0,0,0,0,1,0,0,0,0,0
spotify:track:76cy1WJvNGJTj78UqeA5zr,IDGAF,Dua Lipa,Dua Lipa,1,0,217946,0,0,0,0,0,0,0,0,0,0,1,0,0,0,0,0,0,0,0,0,1
spotify:track:1dFnMC9NlHVUE4rlT5vr83,My 1st Single,Eminem,Encore,1,1,3100,0,0,0,0,0,1,0,0,0,0,0,0,0,0,0,0,1,0,0,0,0
spotify:track:2xnoPV3NLescauc0ZJ1MDZ,Dance Again (feat. Pitbull),Jennifer Lopez,Dance Again...The Hits,1,1,1504,0,0,0,0,0,1,0,0,0,0,0,0,0,0,0,0,1,0,0,0,0
spotify:track:2x8evxqUlF0eRabbW2JBJd,Fluorescent Adolescent,Arctic Monkeys,Favourite Worst Nightmare,1,1,18350,0,0,0,0,0,0,0,1,0,0,0,0,0,0,0,1,0,0,0,0,0
spotify:track:74lo85x5FUL8Wyc2ur9jAE,No Love (feat. Lil Wayne),Eminem,Curtain Call 2,1,0,299480,0,0,0,0,0,0,0,0,0,0,1,0,0,0,0,0,0,0,0,0,1
spotify:track:2x0RZdkZcD8QRI53XT4GI5,SOS (feat. Aloe Blacc),Avicii,TIM,1,1,2530,0,0,0,0,0,0,0,1,0,0,0,0,0,0,0,1,0,0,0,0,0
spotify:track:74dQwVKuCx6aDI2BQ7xW92,Revival (Interlude),Eminem,Revival,1,1,116,0,0,0,0,0,0,0,1,0,0,0,0,0,0,0,1,0,0,0,0,0
spotify:track:31VOknKjFrEX47bZXzqcoF,Next To Me,Imagine Dragons,Evolve,1,1,1200,0,0,0,0,0,0,0,1,0,0,0,0,0,0,0,1,0,0,0,0,0
spotify:track:74PyndGWYtfs86n60lAsYW,Everytime We Touch - Radio Edit,Cascada,Original Me,1,0,199120,1,0,0,0,0,0,0,0,0,0,1,0,0,0,0,0,0,0,0,0,1
spotify:track:30oTS7bm0aH3p7lqjEIu8q,Full Clip,Gang Starr,Full Clip: A Decade Of Gang Starr,1,1,3000,0,0,0,0,0,0,0,1,0,0,0,0,0,0,0,1,0,0,0,0,0
spotify:track:72aqCNAdOo6H4nrPyAivSV,Te lo prometto,Il Tre,Te lo prometto,1,1,7250,0,0,0,0,0,0,0,1,0,0,0,0,0,0,0,1,0,0,0,0,0
spotify:track:2yyO7EKRr7c3txi4xCXUFk,PAPERWORK,¥$,VULTURES 1,1,1,802,0,0,0,0,0,0,0,1,0,0,0,0,0,0,0,1,0,0,0,0,0
spotify:track:2yjlYDiNiQkdxVqTlaSrlX,Super Freaky Girl,Nicki Minaj,Queen Radio: Volume 1,1,1,15610,0,0,0,0,0,0,0,1,0,0,0,0,0,0,0,1,0,0,0,0,0
spotify:track:71ytDkCnYc11VRiRCrhDHX,Only Ones Who Know,Arctic Monkeys,Favourite Worst Nightmare,1,1,4310,0,0,0,0,0,0,0,1,0,0,0,0,0,0,0,1,0,0,0,0,0
spotify:track:71dRBSmaKMdaFZPeZlVzf5,You,Bad Religion,No Control,1,1,11530,0,0,0,0,0,0,0,0,0,1,0,0,0,0,0,1,0,0,0,0,0
spotify:track:2ySUSHhkltyM9LGaFbFXbj,Soli A Milano (feat. Elodie),Club Dogo,Club Dogo,1,1,3600,0,0,0,0,0,0,0,1,0,0,0,0,0,0,0,1,0,0,0,0,0
spotify:track:780be5fB7823aHG06mwTat,Baianá,Bakermat,The Ringmaster,1,1,2010,0,0,0,0,0,0,0,1,0,0,0,0,0,0,0,1,0,0,0,0,0
spotify:track:2yBb1CRq98SSWRuDSn36SZ,Life Of The Party (with André 3000),Kanye West,Donda,1,1,52840,0,0,0,0,0,0,0,1,0,0,0,0,0,0,0,1,0,0,0,0,0
spotify:track:0FpLfrOyHblbDlHUsrPN1N,What's It Gonna Be?! (feat. Janet Jackson),Busta Rhymes,Extinction Level Event: The Final World Front,1,1,37450,0,0,0,0,0,0,0,1,0,0,0,0,0,0,0,1,0,0,0,0,0
spotify:track:2yAVzRiEQooPEJ9SYx11L3,Blue (Da Ba Dee) - Gabry Ponte Ice Pop Radio,Eiffel 65,Europop,1,1,1181,0,0,0,0,0,0,0,1,0,0,0,0,0,0,0,1,0,0,0,0,0
spotify:track:34sGnIHB3ZthMvHpNX1i7e,Day 'N' Nite - Crookers Remix,Kid Cudi,Man On The Moon: The End Of Day,1,1,30983,0,0,0,0,0,1,0,0,0,0,0,0,0,0,0,1,0,0,0,0,0
spotify:track:34gCuhDGsG4bRPIf9bb02f,Thinking out Loud,Ed Sheeran,x,1,1,101271,0,0,0,0,0,0,0,0,0,0,1,0,0,0,0,0,1,0,0,0,0
spotify:track:0FDjc7fIiK29BWH45Ka7Vp,Deja Vu,Eminem,Relapse: Refill,1,1,22001,0,0,0,0,0,1,0,0,0,0,0,0,0,0,0,0,1,0,0,0,0
spotify:track:0F845nujLVqCb0XMZCh5Pc,I Fall In Love Too Easily,Chet Baker,Chet Baker Sings,1,1,46590,0,0,0,0,0,0,0,0,0,1,0,0,0,0,0,1,0,0,0,0,0
spotify:track:0EgkVzDidmq4MP57jZFeik,Paul Rosenberg - Skit,Eminem,The Eminem Show,1,1,1313,0,0,0,0,0,1,0,0,0,0,0,0,0,0,0,0,1,0,0,0,0
spotify:track:34WI9hCaE3AzbOYT9wFXLP,High And Low,Empire Of The Sun,Two Vines,1,1,11750,0,0,0,0,0,0,0,1,0,0,0,0,0,0,0,1,0,0,0,0,0
spotify:track:34UHhwlly3SHryWuVfMOJm,Fuori E Dentro (feat. thasup),Gemitaiz,Scatola Nera,1,1,371,0,0,0,0,0,1,0,0,0,0,0,0,0,0,0,0,1,0,0,0,0
spotify:track:34KUIBsIUiPV7oCIzSdDAU,Diamonds From Sierra Leone - Remix,Kanye West,Late Registration,1,1,2150,0,0,0,0,0,0,0,1,0,0,0,0,0,0,0,1,0,0,0,0,0
spotify:track:0DPNSvaN3rfzHLvUwt3Yaq,Il Calvo,Ken La Fen,Mi kiamo Ken,1,1,780,0,0,0,0,0,0,0,1,0,0,0,0,0,0,0,1,0,0,0,0,0
spotify:track:77F0NNChJGfDBp3fTCWaDc,DISPOVERY CHANNEL (feat. Nitro),Salmo,Playlist,1,1,128550,0,0,0,0,0,1,0,0,0,0,0,0,0,0,0,0,1,0,0,0,0
spotify:track:76wJIkA63AgwA92hUhpE2V,Me Against The World,2Pac,Me Against The World,1,1,2251,0,0,0,0,0,0,0,1,0,0,0,0,0,0,0,1,0,0,0,0,0
spotify:track:7CvOnbFdnIoXMQ4eFCo5lB,Around the World (La La La La La) - Radio Version,A Touch Of Class,Planet Pop,1,1,1260,0,0,0,0,0,1,0,0,0,0,0,0,0,0,0,0,1,0,0,0,0
spotify:track:7CufDALaisOBzcT0nfeaZF,TANGO,Tananai,TANGO,1,1,12123,0,0,0,0,0,0,0,1,0,0,0,0,0,0,0,1,0,0,0,0,0
spotify:track:7CijDWxEEbKq76O5rpyCEN,Guantanamera (She's Hot),Pitbull,I Am Armando - Armando Reloaded,1,1,9034,0,0,0,0,0,0,0,1,0,0,0,0,0,0,0,0,1,0,0,0,0
spotify:track:33xM3SLxNLpZxbvxOzBbew,"You Gon’ Learn (feat. Royce Da 5'9"" & White Gold)",Eminem,Music To Be Murdered By - Side B,1,1,1331,0,0,0,0,0,0,0,1,0,0,0,0,0,0,0,1,0,0,0,0,0
spotify:track:7COfe3P7KgfwDwIRB8LIDw,Mi Gente,J Balvin,Vibras,1,1,8420,0,0,0,0,0,0,0,1,0,0,0,0,0,0,0,1,0,0,0,0,0
spotify:track:7BuzJmV2h6eBbSDdRaDY7C,Fake Tales Of San Francisco,Arctic Monkeys,"Whatever People Say I Am, That's What I'm Not",1,1,7330,0,0,0,0,0,0,0,1,0,0,0,0,0,0,0,1,0,0,0,0,0
spotify:track:7BeZyW4hVjeCocSLwDrCME,"I P’ ME, TU P’ TE",Geolier,DIO LO SA,1,1,490,0,0,0,0,0,1,0,0,0,0,0,0,0,0,0,0,1,0,0,0,0
spotify:track:7BKgMYhnTx4Gh1XnTVF4hR,L'Ultima Volta,Pinguini Tattici Nucleari,Fake News,1,1,11090,0,0,0,0,0,0,0,1,0,0,0,0,0,0,0,1,0,0,0,0,0
spotify:track:7BHPGtpuuWWsvE7cCaMuEU,Naive,The Kooks,Inside In / Inside Out,1,1,9240,0,0,0,0,0,0,0,1,0,0,0,0,0,0,0,1,0,0,0,0,0
spotify:track:7AYmToZ5y67fBjq4RLFbuq,TEXAS HOLD 'EM,Beyoncé,TEXAS HOLD 'EM,1,1,16415,0,0,0,0,0,0,0,1,0,0,0,0,0,0,0,1,0,0,0,0,0
spotify:track:7ATSAXVEBlryu2EKOAo0Nh,So Much Better,Eminem,The Marshall Mathers LP2,1,1,53238,0,0,0,0,0,0,0,0,0,0,1,0,0,0,0,0,1,0,0,0,0
spotify:track:7A7AuPfFh0Ytjtojxu97Vu,How Long - Roisto Remix,Charlie Puth,How Long,1,1,3200,0,0,0,0,0,1,0,0,0,0,0,0,0,0,0,0,1,0,0,0,0
spotify:track:79z9QkhHePTFsSeVw9uyj0,Smile,Lily Allen,"Alright, Still",1,1,16160,0,0,0,0,0,0,0,1,0,0,0,0,0,0,0,1,0,0,0,0,0
spotify:track:79s5XnCN4TJKTVMSmOx8Ep,Dior,Pop Smoke,Meet The Woo,1,1,1950,0,0,0,0,0,0,0,1,0,0,0,0,0,0,0,1,0,0,0,0,0
spotify:track:796jJSvjEyQh23WRTfrle9,la noia - Hypaton Remix,Angelina Mango,la noia,1,1,3660,0,0,0,0,0,1,0,0,0,0,0,0,0,0,0,0,1,0,0,0,0
spotify:track:78bmr5QI4GvyDbGGnaa4WP,Stronger Than I Was,Eminem,The Marshall Mathers LP2,1,1,14536,0,0,0,0,0,0,0,0,0,0,1,0,0,0,0,0,1,0,0,0,0
spotify:track:0CjJqkWOpIUXdem5hUcxAk,Momma,Kendrick Lamar,To Pimp A Butterfly,1,1,3376,0,0,0,0,0,1,0,0,0,0,0,0,0,0,0,1,0,0,0,0,0
spotify:track:33CfD8UkDEcSdAP9j4QpUY,All Day And Night,Jax Jones,All Day And Night,1,1,1800,0,0,0,0,0,0,0,1,0,0,0,0,0,0,0,0,1,0,0,0,0
spotify:track:31xPPj5N9M2FxAf7raygym,Gettin' Over (feat. Chris Willis & Fergie),David Guetta,One More Love,1,0,182013,0,0,0,0,0,0,0,0,0,0,1,0,0,0,0,0,0,0,0,0,1
spotify:track:0C9jZPUv4SuaXkuEQw6L40,I'm A Believer,Smash Mouth,Smash Mouth,1,1,23630,0,0,0,0,0,0,0,0,0,1,0,0,0,0,0,1,0,0,0,0,0
spotify:track:0ByMNEPAPpOR5H69DVrTNy,Don't Stop The Music,Rihanna,Good Girl Gone Bad: Reloaded,1,0,267080,0,0,0,0,0,0,0,0,0,0,1,0,0,0,0,0,0,0,0,0,1
spotify:track:0BxfFnk0YzONqvmrkO0QrB,Don't Cha,The Pussycat Dolls,PCD,1,1,21840,0,0,0,0,0,0,0,1,0,0,0,0,0,0,0,1,0,0,0,0,0
spotify:track:0BbwXzj06GnSL4Ei6jR04h,W.T.P.,Eminem,Recovery,1,1,483,0,0,0,0,0,0,0,1,0,0,0,0,0,0,0,1,0,0,0,0,0
spotify:track:1aX0Ki80LFzzhqxqRlqbAV,Morirò da Re,Måneskin,Il ballo della vita,1,1,1570,0,0,0,0,0,0,0,0,0,0,1,0,0,0,0,1,0,0,0,0,0
spotify:track:0BYYqGmANIGbA1oAyUM5Nr,Cudi Zone,Kid Cudi,Man On The Moon: The End Of Day,1,0,259040,0,0,0,0,0,0,0,0,0,0,1,0,0,0,0,0,0,0,0,0,1
spotify:track:38T0tPVZHcPZyhtOcCP7pF,STAR WALKIN' (League of Legends Worlds Anthem),Lil Nas X,STAR WALKIN' (League of Legends Worlds Anthem),1,1,2100,0,0,0,0,0,0,0,1,0,0,0,0,0,0,0,1,0,0,0,0,0
spotify:track:386RUes7n1uM1yfzgeUuwp,The Lazy Song,Bruno Mars,Doo-Wops & Hooligans,1,0,189109,0,0,0,0,0,0,0,0,0,0,1,0,0,0,0,0,0,0,0,0,1
spotify:track:3850dYVgOFIXJh5U4BFEWH,Hung Up,Madonna,Confessions on a Dance Floor,1,1,9184,0,0,0,0,0,0,0,1,0,0,0,0,0,0,0,1,0,0,0,0,0
spotify:track:7E8edqa0m0ASLXkLfmWY03,Problem,Ariana Grande,My Everything,1,0,193893,0,0,0,0,0,0,0,0,0,0,1,0,0,0,0,0,0,0,0,0,1
spotify:track:37WCMrX9XnmmPCMY0aqZjo,Fino a qui,Alessandra Amoroso,Fino a qui,1,1,3813,0,0,0,0,0,0,0,1,0,0,0,0,0,0,0,1,0,0,0,0,0
spotify:track:7Dj2wqPYXfSRFwa6qyOztr,In Too Deep,Eminem,Music To Be Murdered By,1,1,156,0,0,0,0,0,0,0,1,0,0,0,0,0,0,0,1,0,0,0,0,0
spotify:track:36UjTTrSwaAqLkAlf2Ooc4,Soldier Like Me,2Pac,Loyal To The Game,1,1,18941,0,0,0,0,0,0,0,0,0,0,1,0,0,0,0,0,1,0,0,0,0
spotify:track:7HmhmCf8QMeQpq3ozjiHUC,Quali alibi,Daniele Silvestri,Quali alibi,1,1,2980,0,0,0,0,0,0,0,1,0,0,0,0,0,0,0,1,0,0,0,0,0
spotify:track:7HfAmljHy9CCEzkN85tKcY,L'Emozione Non Ha voce (Io Non So Parlar D'Amore),Adriano Celentano,Unicamentecelentano,1,0,247040,0,0,0,0,0,0,0,0,0,0,1,0,0,0,0,0,0,0,0,0,1
spotify:track:36PAtqVaQg5d91OGB1qWUl,Strump - Original Mix,Federico Scavo,"Let's Talk About House, Vol. 6",1,1,1780,0,0,0,0,0,1,0,0,0,0,0,0,0,0,0,0,1,0,0,0,0
spotify:track:7Gx2q0ueNwvDp2BOZYGCMO,Money - 2011 Remastered Version,Pink Floyd,The Dark Side Of The Moon,1,1,14290,0,0,0,0,0,0,0,1,0,0,0,0,0,0,0,0,1,0,0,0,0
spotify:track:7FrJV8tydWEv1Mxu2mIQrm,Beautiful,Snoop Dogg,Paid Tha Cost To Be Da Bo$$,1,1,310,0,0,0,0,0,1,0,0,0,0,0,0,0,0,0,0,1,0,0,0,0
spotify:track:7Fg4jpwpkdkGCvq1rrXnvx,Comfortably Numb - 2011 Remastered Version,Pink Floyd,The Wall (Remastered),1,1,24330,0,0,0,0,0,1,0,0,0,0,0,0,0,0,0,0,1,0,0,0,0
spotify:track:7FbrGaHYVDmfr7KoLIZnQ7,Cupid - Twin Ver.,FIFTY FIFTY,The Beginning: Cupid,1,1,107972,0,0,0,0,0,0,0,1,0,0,0,0,0,0,0,1,0,0,0,0,0
spotify:track:7FKtv4vAg9iPIfDB55NKaa,Tobey (feat. Big Sean and BabyTron),Eminem,The Death of Slim Shady (Coup De Grâce): Expanded Mourner’s Edition,1,1,693,0,0,0,0,0,0,0,1,0,0,0,0,0,0,0,1,0,0,0,0,0
spotify:track:7F7h1FZ1bgST5JBExLnLdA,All'Ultimo Respiro,Club Dogo,Che Bello Essere Noi,1,0,269386,0,0,0,0,0,0,0,0,0,0,1,0,0,0,0,0,0,0,0,0,1
spotify:track:360UM2DaiHZPRu0EsrOvMp,If We Ever Meet Again (Featuring Katy Perry),Timbaland,Shock Value II,1,1,12406,0,0,0,0,0,1,0,0,0,0,0,0,0,0,0,0,1,0,0,0,0
spotify:track:35weSxL477aChs1wx7oZS5,Ordinary World,Green Day,Revolution Radio,1,1,5570,0,0,0,0,0,0,0,1,0,0,0,0,0,0,0,1,0,0,0,0,0
spotify:track:35srNkJVToAzYiZzron1FY,Young Forever,JAY-Z,The Blueprint 3,1,1,28590,0,0,0,0,0,0,0,1,0,0,0,0,0,0,0,1,0,0,0,0,0
spotify:track:35kN1wEPub5ysY8q4fKK2h,Space Bound,Eminem,Recovery,1,1,960,0,0,0,0,0,0,0,1,0,0,0,0,0,0,0,1,0,0,0,0,0
spotify:track:35Bz9Lr74rowqcNxr3EpAS,King Of The Jungle,Club Dogo,Club Dogo,1,1,2520,0,0,0,0,0,0,0,1,0,0,0,0,0,0,0,1,0,0,0,0,0
spotify:track:7EZcLhi3EhKMb408cHOQOU,Splash,Colapesce,Splash,1,1,11840,0,0,0,0,0,0,0,0,0,1,0,0,0,0,0,1,0,0,0,0,0
spotify:track:0Cz12ejDQ5L1c1f4sVck4n,VULTURES,¥$,VULTURES 1,1,1,5929,0,0,0,0,0,0,0,1,0,0,0,0,0,0,0,1,0,0,0,0,0
spotify:track:7MXVkk9YMctZqd1Srtv4MB,Starboy,The Weeknd,Starboy,1,0,230453,0,0,0,0,0,0,0,0,0,0,1,0,0,0,0,0,0,0,0,0,1
spotify:track:38q117S1yZJorvr6hvMhkT,Lines of the Broken,DROELOE,Lines of the Broken,1,1,1750,0,0,0,0,0,1,0,0,0,0,0,0,0,0,0,0,1,0,0,0,0
spotify:track:1cpGp4Ow7HaiNfsnDaHcmU,Stay Wide Awake,Eminem,Relapse,1,1,1912,0,0,0,0,0,0,0,1,0,0,0,0,0,0,0,1,0,0,0,0,0
spotify:track:7M13FwBAKWNa2jqcZeUhL6,Love Generation - Radio Edit,Bob Sinclar,Love Generation,1,0,204798,1,0,0,0,0,0,0,0,0,0,1,0,0,0,0,0,0,0,0,0,1
spotify:track:7LzouaWGFCy4tkXDOOnEyM,Liar,Camila Cabello,Liar,1,1,14850,0,0,0,0,0,0,0,0,0,1,0,0,0,0,0,1,0,0,0,0,0
spotify:track:7LR85XLWw2yXqKBSI5brbG,Run This Town,JAY-Z,The Blueprint 3,1,0,13870,0,0,0,0,0,0,0,1,0,0,0,0,0,0,0,0,0,0,0,0,1
spotify:track:7LOR8Rdc5n2EkduOXZeTp6,Amend,j^p^n,Spoils,1,1,11910,0,0,0,0,0,0,0,1,0,0,0,0,0,0,0,1,0,0,0,0,0
spotify:track:1chVaw8nqcLmGBgc3247Nq,Feel the Vibe - Radio Edit,Bob Sinclar,Feel the Vibe,1,1,5230,0,0,0,0,0,0,0,1,0,0,0,0,0,0,0,0,1,0,0,0,0
spotify:track:1cc9BzqfV6aO0EV8c7jGnN,Take 4,Shiva,Milano Demons,1,1,1121,0,0,0,0,0,0,0,1,0,0,0,0,0,0,0,1,0,0,0,0,0
spotify:track:7L3yLy4K5CI7AWK2DfAbTv,Hello,J. Cole,2014 Forest Hills Drive,1,1,7893,0,0,0,0,0,1,0,0,0,0,0,0,0,0,0,1,0,0,0,0,0
spotify:track:7Kszjzps0xbQXyo1pO4KfE,Le Freak - 2018 Remaster,CHIC,C'est Chic,1,1,2350,0,0,0,0,0,0,0,1,0,0,0,0,0,0,0,1,0,0,0,0,0
spotify:track:1caFMoQlQyF5JHvfPNe49E,Bad Things,Cults,Cults,1,1,20350,0,0,0,0,0,0,0,1,0,0,0,0,0,0,0,1,0,0,0,0,0
spotify:track:1bjeWoagtHmUKputLVyDxQ,Saturn,SZA,Saturn,1,1,6860,0,0,0,0,0,0,0,1,0,0,0,0,0,0,0,1,0,0,0,0,0
spotify:track:1bhUWB0zJMIKr9yVPrkEuI,Perfect Duet (Ed Sheeran & Beyoncé),Ed Sheeran,Perfect Duet (Ed Sheeran & Beyoncé),1,1,1290,0,0,0,0,0,1,0,0,0,0,0,0,0,0,0,0,1,0,0,0,0
spotify:track:7J1uxwnxfQLu4APicE5Rnj,Billie Jean,Michael Jackson,Thriller,1,1,1035,0,0,0,0,0,0,0,1,0,0,0,0,0,0,0,1,0,0,0,0,0
spotify:track:7I9l9qOYfdUMuSO6Q4VQtZ,GASOLINA,ANNA,LISTA 47,1,1,1110,0,0,0,0,0,1,0,0,0,0,0,0,0,0,0,0,1,0,0,0,0
spotify:track:7dU4pBUbhEjMInWBbyGaO1,Symphony - DJ Antoine vs Mad Mark 2k18 Mix,DJ Antoine,The Time Is Now,1,1,1440,0,0,0,0,0,1,0,0,0,0,0,0,0,0,0,0,1,0,0,0,0
spotify:track:7clUVcSOtkNWa58Gw5RfD4,Speed of Sound,Coldplay,X&Y,1,1,93228,0,0,0,0,0,0,0,0,0,0,1,0,0,0,0,0,1,0,0,0,0
spotify:track:1bCmvezFg5MRcENzCGG1Cy,Chelsea Dagger,The Fratellis,Costello Music,1,1,12200,0,0,0,0,0,0,0,1,0,0,0,0,0,0,0,1,0,0,0,0,0
spotify:track:7cbXhbH8Is98BrDA3Yglck,Calypso,Round Table Knights,Say What?!,1,1,2540,0,0,0,0,0,0,0,1,0,0,0,0,0,0,0,1,0,0,0,0,0
spotify:track:1b8tFExEyHyxTzrrlQAsu4,Marmellata #25,Cesare Cremonini,Maggese,1,1,7240,0,0,0,0,0,0,0,1,0,0,0,0,0,0,0,1,0,0,0,0,0
spotify:track:7bduXtI62rKp25DkU0092J,Brainless,Eminem,The Marshall Mathers LP2,1,0,286525,0,0,0,0,0,1,0,0,0,0,0,0,0,0,0,0,0,0,0,0,1
spotify:track:3DCc4HPrVukBeaDGe3Cosk,Starboy (feat. Daft Punk) - Kygo Remix,The Weeknd,Starboy,1,1,12660,0,0,0,0,0,1,0,0,0,0,0,0,0,0,0,0,1,0,0,0,0
spotify:track:7bHT9osSq1rwT2yaImzqCi,No Love,Eminem,Recovery,1,1,30250,0,0,0,0,0,0,0,1,0,0,0,0,0,0,0,1,0,0,0,0,0
spotify:track:3DBFOXJKitLKUjlyOCX7ow,Chapter Six,Kendrick Lamar,Section.80,1,0,161137,0,0,0,0,0,0,0,0,0,0,1,0,0,0,0,0,0,0,0,0,1
spotify:track:7aw1LKhEXhxNE16Y3hqDMI,Legghins di pelle,Bello Figo,Leggins di pelle,1,0,132330,0,0,0,0,0,0,0,0,0,0,1,0,0,0,0,0,0,0,0,0,1
spotify:track:7aqfrAY2p9BUSiupwk3svU,First Person Shooter (feat. J. Cole),Drake,For All The Dogs,1,1,4607,0,0,0,0,0,1,0,0,0,0,0,0,0,0,0,0,1,0,0,0,0
spotify:track:7aIgWx6leXxqbJwq6q92rN,Taste It,Busta Rhymes,It Ain't Safe No More,1,1,9040,0,0,0,0,0,0,0,1,0,0,0,0,0,0,0,1,0,0,0,0,0
spotify:track:7aE5WXu5sFeNRh3Z05wwu4,Wish You Were Here - 2011 Remaster,Pink Floyd,Wish You Were Here,1,1,15230,0,0,0,0,0,0,0,1,0,0,0,0,0,0,0,1,0,0,0,0,0
spotify:track:7a53HqqArd4b9NF4XAmlbI,Kings & Queens,Ava Max,Heaven & Hell,1,1,6710,0,0,0,0,0,1,0,0,0,0,0,0,0,0,0,0,1,0,0,0,0
spotify:track:7a3i9viOERXiWg1T7yXWqM,Don't Turn The Lights On,Chromeo,Business Casual,1,0,1080,0,0,0,0,0,1,0,0,0,0,0,0,0,0,0,0,0,1,0,0,0
spotify:track:7N3PAbqfTjSEU1edb2tY8j,Jump - 2015 Remaster,Van Halen,1984,1,1,25036,0,0,0,0,0,0,0,1,0,0,0,0,0,0,0,1,0,0,0,0,0
spotify:track:3CxFt7ONHGfR5ls3JQqtV8,Vip In Trip,Fabri Fibra,Controcultura,1,0,236253,0,0,0,0,0,0,0,0,0,0,1,0,0,0,0,0,0,0,0,0,1
spotify:track:3CNbDbMHxYHxEgrPGf89yc,My Fault,Eminem,The Slim Shady LP,1,1,5560,0,0,0,0,0,0,0,1,0,0,0,0,0,0,0,1,0,0,0,0,0
spotify:track:3CIyK1V4JEJkg02E4EJnDl,Enemy (with JID) - from the series Arcane League of Legends,Imagine Dragons,Mercury - Acts 1 & 2,1,1,4560,0,0,0,0,0,0,0,1,0,0,0,0,0,0,0,1,0,0,0,0,0
spotify:track:0AxRJk8LTx7w4xQWw9NIFF,ICON,Tony Effe,ICON,1,1,510,0,0,0,0,0,0,0,1,0,0,0,0,0,0,0,1,0,0,0,0,0
spotify:track:0AtP8EkGPn6SwxKDaUuXec,Remember The Name (feat. Eminem & 50 Cent),Ed Sheeran,No.6 Collaborations Project,1,1,75660,0,0,0,0,0,1,0,0,0,0,0,0,0,0,0,0,1,0,0,0,0
spotify:track:0Aqi7ArnBrGblW5T6p2jmD,Falling,Trevor Daniel,Nicotine,1,1,2220,0,0,0,0,0,0,0,1,0,0,0,0,0,0,0,1,0,0,0,0,0
spotify:track:0AluA5RNsa4Cx6XRhf2hWZ,10 Freaky Girls (with 21 Savage),Metro Boomin,NOT ALL HEROES WEAR CAPES,1,1,3775,0,0,0,0,0,0,0,1,0,0,0,0,0,0,0,1,0,0,0,0,0
spotify:track:3By9jCy6b4dv5XnlhvIWwx,Dies Irae,Giuseppe Verdi,Verdi Requiem,1,0,134746,0,0,0,0,0,0,0,1,0,0,0,0,0,0,0,0,0,0,0,0,1
spotify:track:0AH6WMe3OlAlUb5miXt2FQ,Only Girl (In The World),Rihanna,Loud,1,1,8950,0,0,0,0,0,0,0,1,0,0,0,0,0,0,0,1,0,0,0,0,0
spotify:track:0AGAlxajK7xQN19o1eplzS,Perfect - Robin Schulz Remix,Ed Sheeran,Perfect,1,1,940,0,0,0,0,0,1,0,0,0,0,0,0,0,0,0,0,1,0,0,0,0
spotify:track:0A6QSdwR4ZtW2JbpziCcQi,Only You - Bad Boy Remix,112,BAD BOY CELEBRATES DIDDY: The Executive,1,1,3420,0,0,0,0,0,1,0,0,0,0,0,0,0,0,0,0,1,0,0,0,0
spotify:track:3B9LXHiN4j9YFbTcFhe7HE,Now and Later - Merk & Kremont Remix,Sage The Gemini,Now and Later,1,1,1810,0,0,0,0,0,0,0,1,0,0,0,0,0,0,0,1,0,0,0,0,0
spotify:track:099MPsZhn5HkEUNlpA89rK,Brain Damage,Eminem,The Slim Shady LP,1,1,4210,0,0,0,0,0,0,0,1,0,0,0,0,0,0,0,1,0,0,0,0,0
spotify:track:3A22uqfe8OfNkeqJj4Fmc1,APPARTENGO - Il sangue (feat. Massimo Pericolo),Marracash,Persona,1,1,10684,0,0,0,0,0,0,0,0,0,0,1,0,0,0,0,0,1,0,0,0,0
spotify:track:08d1uFAAtQgLbuvyP2AkoH,The Groovy Cat,PAWSA,The Groovy Cat,1,1,5750,0,0,0,0,0,0,0,1,0,0,0,0,0,0,0,1,0,0,0,0,0
spotify:track:7e89621JPkKaeDSTQ3avtg,Sweet Home Alabama,Lynyrd Skynyrd,Second Helping,1,1,3830,0,0,0,0,0,0,0,1,0,0,0,0,0,0,0,1,0,0,0,0,0
spotify:track:7hVb3OyFkgxDgpTdrOX6dT,KEYS TO MY LIFE,¥$,VULTURES 1,1,1,880,0,0,0,0,0,0,0,1,0,0,0,0,0,0,0,1,0,0,0,0,0
spotify:track:39cmB3ZoTOLwOTq7tMNqKa,Hear Me Now,Alok,Hear Me Now (feat. Zeeba),1,1,9470,0,0,0,0,0,0,0,1,0,0,0,0,0,0,0,1,0,0,0,0,0
spotify:track:7hEMMwEgGAANpUpmTnIYgq,Figli di pitagora,Little Tony,Little tony non finisce qui (Sanremo 2008),1,1,3970,0,0,0,0,0,0,0,1,0,0,0,0,0,0,0,1,0,0,0,0,0
spotify:track:39Voe1seY5TEhAFx0yaxZJ,Lordly,Feder,All The Hits 2017,1,1,3630,0,0,0,0,0,1,0,0,0,0,0,0,0,0,0,0,1,0,0,0,0
spotify:track:1aJrVsHwcQMZ8TZ6mlvT5J,A Real Hero,College,A Real Hero EP,1,1,3489,0,0,0,0,0,0,0,1,0,0,0,0,0,0,0,1,0,0,0,0,0
spotify:track:1Zp6Hq5SAxzj0bM5AmEPVC,Clint Eastwood,Gorillaz,Clint Eastwood,1,0,267050,0,0,0,0,0,1,0,0,0,0,0,0,0,0,0,0,0,0,0,0,1
spotify:track:7gHs73wELdeycvS48JfIos,Faded,Alan Walker,Faded,1,1,1790,0,0,0,0,0,1,0,0,0,0,0,0,0,0,0,0,1,0,0,0,0
spotify:track:7foafyqmJYUdhGBpIusueW,How Deep Is Your Love - Chris Lake Remix,Calvin Harris,How Deep Is Your Love (Remixes),1,1,1660,0,0,0,0,0,1,0,0,0,0,0,0,0,0,0,0,1,0,0,0,0
spotify:track:7fcgisGFCr4mfbfNSztr84,Viva La Vida,Coldplay,Viva La Vida (Prospekt's March Edition),1,1,670,0,0,0,0,0,1,0,0,0,0,0,0,0,0,0,0,1,0,0,0,0
spotify:track:1ZJxbuLgC5Zzoub0YFVG3t,We're Back,Eminem,Eminem Presents The Re-Up,1,1,3860,0,0,0,0,0,0,0,1,0,0,0,0,0,0,0,1,0,0,0,0,0
spotify:track:1YMBg7rOjxzbya0fPOYfNX,A Different Way (with Lauv),DJ Snake,A Different Way (with Lauv),1,1,1600,0,0,0,0,0,0,0,1,0,0,0,0,0,0,0,1,0,0,0,0,0
spotify:track:1Xf4sNtMKc1xiUhuIPAUg2,"Prélude in E minor, Op. 28, No. 4",Frédéric Chopin,The Pianist (Original Motion Picture Soundtrack),1,1,5419,0,0,0,0,0,0,0,1,0,0,0,0,0,0,0,1,0,0,0,0,0
spotify:track:7fCNUWi6uflDTQ08srxMZk,No Excuses,Meghan Trainor,No Excuses,1,0,152862,1,0,0,0,0,0,0,0,0,0,1,0,0,0,0,0,0,0,0,0,1
spotify:track:7f9I5WdyXm5q1XqnSYgQZb,Brianstorm,Arctic Monkeys,Favourite Worst Nightmare,1,1,4430,0,0,0,0,0,0,0,1,0,0,0,0,0,0,0,1,0,0,0,0,0
spotify:track:7eq3b71KXZCwbgOamt5q9M,Money Rain (feat. Lazza),Capo Plaza,FERITE,1,1,7400,0,0,0,0,0,0,0,1,0,0,0,0,0,0,0,1,0,0,0,0,0
spotify:track:7ef4DlsgrMEH11cDZd32M6,One Kiss (with Dua Lipa),Calvin Harris,One Kiss (with Dua Lipa),1,1,23600,0,0,0,0,0,0,0,1,0,0,0,0,0,0,0,0,1,0,0,0,0
spotify:track:7lVNTXkI3cHFvcXiI8damb,I Need a Girl (Pt. 1) [feat. Usher & Loon],Diddy,R&B Hits,1,1,2260,0,0,0,0,0,1,0,0,0,0,0,0,0,0,0,0,1,0,0,0,0
spotify:track:7l1NMHXBISVLarwGyfgmFP,Old Friend,Elderbrook,Old Friend,1,1,1550,0,0,0,0,0,0,0,1,0,0,0,0,0,0,0,1,0,0,0,0,0
spotify:track:7ky7eExaUvuYfADyrOfmYX,Click,Entics,Soundboy,1,1,4390,0,0,0,0,0,0,0,1,0,0,0,0,0,0,0,1,0,0,0,0,0
spotify:track:7ks6AZmFcm3Y6PGGxGSmlB,Where Them Girls At (feat. Nicki Minaj & Flo Rida),David Guetta,Nothing but the Beat,1,0,194840,0,0,0,0,0,1,0,0,0,0,0,0,0,0,0,0,0,0,0,0,1
spotify:track:1WonGCoO1sz7I4aD0HRbXy,BLOOD.,Kendrick Lamar,DAMN. COLLECTORS EDITION.,1,1,5836,0,0,0,0,0,0,0,1,0,0,0,0,0,0,0,1,0,0,0,0,0
spotify:track:7kQ0miyexmevMwUDqTomIN,Bad Meets Evil,Eminem,The Slim Shady LP,1,1,4260,0,0,0,0,0,0,0,1,0,0,0,0,0,0,0,1,0,0,0,0,0
spotify:track:7jwQlYGpOml9ETGre1HqGA,Somebody's Watching Me,Rockwell,Somebody's Watching Me,1,1,2887,0,0,0,0,0,1,0,0,0,0,0,0,0,0,0,1,0,0,0,0,0
spotify:track:7jmHyHMEqm9MJWiMAneF05,Stand By Me,Ben E. King,Don't Play That Song,1,1,6680,0,0,0,0,0,1,0,0,0,0,0,0,0,0,0,0,1,0,0,0,0
spotify:track:7jAxGkXU58FwNMjqoMahn7,Celebration,Kanye West,Late Registration,1,1,8437,0,0,0,0,0,0,0,1,0,0,0,0,0,0,0,1,0,0,0,0,0
spotify:track:7iwK7RjGGJW9jdPj8ny754,Brain Damage,Eminem,The Slim Shady LP,1,1,936,0,0,0,0,0,0,0,1,0,0,0,0,0,0,0,1,0,0,0,0,0
spotify:track:7iabz12vAuVQYyekFIWJxD,BAND4BAND (feat. Lil Baby),Central Cee,BAND4BAND (feat. Lil Baby),1,1,8529,0,0,0,0,0,0,0,1,0,0,0,0,0,0,0,1,0,0,0,0,0
spotify:track:7iLuBTHJSXM2HalKHFqEEy,Giovani Wannabe,Pinguini Tattici Nucleari,Giovani Wannabe,1,1,7440,0,0,0,0,0,0,0,1,0,0,0,0,0,0,0,1,0,0,0,0,0
spotify:track:1WOwGVtrVWtV3WW7X4TZoB,Public Service Announcement (Interlude),JAY-Z,The Black Album,1,1,5550,0,0,0,0,0,0,0,1,0,0,0,0,0,0,0,1,0,0,0,0,0
spotify:track:7i9763l5SSfOnqZ35VOcfy,Heavydirtysoul,Twenty One Pilots,Blurryface,1,1,16220,0,0,0,0,0,0,0,1,0,0,0,0,0,0,0,1,0,0,0,0,0
spotify:track:7huo2wvrCgRucUsjdSDLQV,Ain't No Other Man,Christina Aguilera,Back To Basics,1,1,87350,0,0,0,0,0,0,0,1,0,0,0,0,0,0,0,0,1,0,0,0,0
spotify:track:1WG95iYndhwzCo7zpitKG6,Bocciofili (con Fedez e Mistico),Dargen D'Amico,Vivere Aiuta A Non Morire,1,1,5820,0,0,0,0,0,0,0,1,0,0,0,0,0,0,0,1,0,0,0,0,0
spotify:track:7lm57RyuKBqcRtDikkkSBQ,2 Minutes & 21 Seconds Of Funk,Coolio,My Soul,1,1,17300,0,0,0,0,0,1,0,0,0,0,0,0,0,0,0,0,1,0,0,0,0
spotify:track:3DQVgcqaP3iSMbaKsd57l5,I Bet You Look Good On The Dancefloor,Arctic Monkeys,"Whatever People Say I Am, That's What I'm Not",1,1,19100,0,0,0,0,0,0,0,1,0,0,0,0,0,0,0,1,0,0,0,0,0
spotify:track:3GpbwCm3YxiWDvy29Uo3vP,Right Round,Flo Rida,R.O.O.T.S. (Route of Overcoming the Struggle),1,1,21180,0,0,0,0,0,0,0,1,0,0,0,0,0,0,0,1,0,0,0,0,0
spotify:track:08bNPGLD8AhKpnnERrAc6G,FRIENDS,Marshmello,FRIENDS,1,0,202620,0,0,0,0,0,0,0,0,0,0,1,0,0,0,0,0,0,0,0,0,1
spotify:track:08ITDCl9UvAAGzzIOwo4h4,Thick (feat. MamboLosco) - Remix,Slings,Wave Deluxe,1,0,131697,0,0,0,0,0,0,0,0,0,0,1,0,0,0,0,0,0,0,0,0,1
spotify:track:3Ga6eKrUFf12ouh9Yw3v2D,Downtown,Anitta,Downtown,1,1,6760,0,0,0,0,0,0,0,1,0,0,0,0,0,0,0,1,0,0,0,0,0
spotify:track:3GQdbhyVZavhjqATBSBjbZ,Blu Ghiaccio Travolgente,Tommaso Paradiso,Blu Ghiaccio Travolgente,1,1,16250,0,0,0,0,0,0,0,0,0,1,0,0,0,0,0,1,0,0,0,0,0
spotify:track:07nFv4VQx7U9Kgeu5gLBHO,Breaking News - skit,Eminem,The Death of Slim Shady (Coup De Grâce): Expanded Mourner’s Edition,1,1,0,0,0,0,0,0,0,0,1,0,0,0,0,0,0,0,1,0,0,0,0,0
spotify:track:06re5XslQ5PFkM3b0Yq4AC,Weatherman,Dead Sara,Dead Sara,1,1,2330,0,0,0,0,0,0,0,1,0,0,0,0,0,0,0,1,0,0,0,0,0
spotify:track:06qEGQMavekDfu9fVsFAMz,I Love Rock 'n' Roll,The Black Jets,"ReCovered Hits, Vol. 2",1,1,2730,0,0,0,0,0,0,0,1,0,0,0,0,0,0,0,1,0,0,0,0,0
spotify:track:06hsdMbBxWGqBO0TV0Zrkf,Cotton Eye Joe,Rednex,Sex & Violins,1,1,15040,0,0,0,0,0,0,0,0,0,1,0,0,0,0,0,1,0,0,0,0,0
spotify:track:06h3McKzmxS8Bx58USHiMq,Silhouettes - Original Radio Edit,Avicii,Silhouettes,1,1,5600,0,0,0,0,0,1,0,0,0,0,0,0,0,0,0,0,1,0,0,0,0
spotify:track:06VsoIC668pU516T6qrgkJ,Instruction (feat. Demi Lovato & Stefflon Don),Jax Jones,Snacks,1,1,4270,0,0,0,0,0,1,0,0,0,0,0,0,0,0,0,0,1,0,0,0,0
spotify:track:06JvOZ39sK8D8SqiqfaxDU,True Love,Kanye West,True Love,1,1,3177,0,0,0,0,0,0,0,1,0,0,0,0,0,0,0,1,0,0,0,0,0
spotify:track:05zswTe9mBmNXj58mLuaGz,Fuori corso,Il Pagante,Entro in pass,1,1,400,0,0,0,0,0,1,0,0,0,0,0,0,0,0,0,0,1,0,0,0,0
spotify:track:7la9if5FrYIyfuHdiJLfvM,Almost Famous,Eminem,Recovery,1,1,138,0,0,0,0,0,0,0,1,0,0,0,0,0,0,0,1,0,0,0,0,0
spotify:track:7pGboneNRAZ5zwT7M3WayC,Destination Calabria - UK Radio Edit,Alex Gaudino,Destination Calabria,1,1,1640,0,0,0,0,0,1,0,0,0,0,0,0,0,0,0,0,1,0,0,0,0
spotify:track:7p2IHAUjqctj4AqZ2QKnPF,Bagpipes From Baghdad,Eminem,Relapse,1,1,842,0,0,0,0,0,0,0,1,0,0,0,0,0,0,0,1,0,0,0,0,0
spotify:track:7ov3TDp5D00Rnu5R1viX4w,New Woman (feat. ROSALÍA),LISA,New Woman (feat. ROSALÍA),1,1,11910,0,0,0,0,0,1,0,0,0,0,0,0,0,0,0,1,0,0,0,0,0
spotify:track:7oPlYYNWDSEQRDb978Bhhc,KEYS TO MY LIFE,¥$,VULTURES 1,1,1,1450,0,0,0,0,0,0,0,1,0,0,0,0,0,0,0,1,0,0,0,0,0
spotify:track:3GKL13lkM5nRc4zC1lIOrR,Still Not a Player (feat. Joe) - Radio Version,Big Pun,Capital Punishment,1,1,3450,0,0,0,0,0,0,0,1,0,0,0,0,0,0,0,1,0,0,0,0,0
spotify:track:7nuLq9exxsRk3MbjjOKBuD,Kentha - Kadabra Mix,Ricky Fobis,Diabolik,1,1,1500,0,0,0,0,0,1,0,0,0,0,0,0,0,0,0,0,1,0,0,0,0
spotify:track:3GCcGvIP8ZiND0LoVACklG,CVLT (feat. Kid Yugi),Salmo,CVLT - HELLRAISERS,1,1,11997,0,0,0,0,0,0,0,1,0,0,0,0,0,0,0,1,0,0,0,0,0
spotify:track:7neU2r5m7nuqWondz75a5q,Louder,Dotan,Louder,1,1,0,0,0,0,0,0,0,0,1,0,0,0,0,0,0,0,1,0,0,0,0,0
spotify:track:7nRFsITVaSHko2Fw2Gcy59,Destri,Gazzelle,OK,1,1,9374,0,0,0,0,0,0,0,1,0,0,0,0,0,0,0,1,0,0,0,0,0
spotify:track:3FpowMRMO75CtxBWb0Pbll,Resta qui,Venerus,Il Segreto,1,1,13640,0,0,0,0,0,0,0,0,0,1,0,0,0,0,0,1,0,0,0,0,0
spotify:track:7mxEWcW3A0jULs64ckyq9k,2step (feat. Ultimo),Ed Sheeran,2step (feat. Ultimo),1,1,29123,0,0,0,0,0,0,0,0,0,0,1,0,0,0,0,0,1,0,0,0,0
spotify:track:7mitXLIMCflkhZiD34uEQI,Party Rock Anthem,LMFAO,Sorry For Party Rocking,1,1,39194,0,0,0,0,0,0,0,1,0,0,0,0,0,0,0,0,1,0,0,0,0
spotify:track:7mDKRYiqejoHzP7dQGxLys,212,Azealia Banks,Broke with Expensive Taste,1,1,2710,0,0,0,0,0,1,0,0,0,0,0,0,0,0,0,0,1,0,0,0,0
spotify:track:3FeVmId7tL5YN8B7R3imoM,My Universe,Coldplay,My Universe,1,1,1140,0,0,0,0,0,1,0,0,0,0,0,0,0,0,0,0,1,0,0,0,0
spotify:track:3FKmqPkNa8f1UIZuw3SSfV,Solo Dolo (Nightmare),Kid Cudi,Man On The Moon: The End Of Day,1,1,141570,0,0,0,0,0,1,0,0,0,0,0,0,0,0,0,0,1,0,0,0,0
spotify:track:7m0of7udxO9PfPW5OFL5eV,Gli anni,883,La Donna Il Sogno & Il Grande Incubo,1,0,291503,1,0,0,0,0,0,0,0,0,0,1,0,0,0,0,0,0,0,0,0,1
spotify:track:3F5CgOj3wFlRv51JsHbxhe,Jimmy Cooks (feat. 21 Savage),Drake,"Honestly, Nevermind",1,1,358,0,0,0,0,0,0,0,1,0,0,0,0,0,0,0,1,0,0,0,0,0
spotify:track:7s1upm7yr7ZjrzXMwHawtG,Sexual Healing - Kygo Remix,Marvin Gaye,Sexual Healing,1,1,475,0,0,0,0,0,0,0,1,0,0,0,0,0,0,0,1,0,0,0,0,0
spotify:track:7rmwxGeUylxyZtMielQEhu,Lucifer,Eminem,The Death of Slim Shady (Coup De Grâce): Expanded Mourner’s Edition,1,1,1606,0,0,0,0,0,0,0,1,0,0,0,0,0,0,0,1,0,0,0,0,0
spotify:track:3EaJDYHA0KnX88JvDhL9oa,Dark Red,Steve Lacy,Dark Red,1,1,7220,0,0,0,0,0,0,0,1,0,0,0,0,0,0,0,1,0,0,0,0,0
spotify:track:3ELHphyeYEG8QcOYohNXzS,Houdini,Eminem,The Death of Slim Shady (Coup De Grâce): Expanded Mourner’s Edition,1,1,1287,0,0,0,0,0,0,0,1,0,0,0,0,0,0,0,1,0,0,0,0,0
spotify:track:1Vk4yRsz0iBzDiZEoFMQyv,Mia & Sebastian’s Theme,Justin Hurwitz,La La Land,1,1,13608,0,0,0,0,0,0,0,1,0,0,0,0,0,0,0,1,0,0,0,0,0
spotify:track:7qufJZSPaEZCouOwPmDIZa,Excuse Me Miss,JAY-Z,Blueprint 2.1,1,1,8850,0,0,0,0,0,0,0,1,0,0,0,0,0,0,0,1,0,0,0,0,0
spotify:track:7qtAgn9mwxygsPOsUDVRRt,Survivor,Destiny's Child,Survivor,1,1,3050,0,0,0,0,0,0,0,1,0,0,0,0,0,0,0,1,0,0,0,0,0
spotify:track:7qOlicgYOjyOQUQ7Jv26v7,POCO DI BUONO - Il fegato,Marracash,Persona,1,1,56236,0,0,0,0,0,1,0,0,0,0,0,0,0,0,0,0,1,0,0,0,0
spotify:track:7qEm8Z4KFLdCMlv96KykVd,Beer,Reel Big Fish,Turn The Radio Off,1,1,16100,0,0,0,0,0,0,0,0,0,1,0,0,0,0,0,1,0,0,0,0,0
spotify:track:1VOi03r3FelbsYHJXFjphg,QUELLI CHE NON PENSANO - Il cervello (feat. Coez),Marracash,Persona,1,0,190186,0,0,0,0,0,0,0,0,0,0,1,0,0,0,0,0,0,0,0,0,1
spotify:track:7pqgMEKsDMOHUdFQ7n0N9K,Dangerous (feat. Sam Martin),David Guetta,Listen,1,1,6410,0,0,0,0,0,0,0,1,0,0,0,0,0,0,0,1,0,0,0,0,0
spotify:track:7ppPZa3TRUSGKaks9wH7VT,Don't Look Back In Anger,Oasis,(What's The Story) Morning Glory?,1,0,287826,1,0,0,0,0,0,0,0,0,0,1,0,0,0,0,0,0,0,0,0,1
spotify:track:7pZ00FeIkpuzHskuDWQnU5,My Love,Martin Solveig,My Love,1,1,14400,0,0,0,0,0,1,0,0,0,0,0,0,0,0,0,0,1,0,0,0,0
spotify:track:7pYfyrMNPn3wtoCyqcTVoI,"Moves Like Jagger - Studio Recording From ""The Voice"" Performance",Maroon 5,Hands All Over,1,0,201493,0,0,0,0,0,0,0,0,0,0,1,0,0,0,0,0,0,0,0,0,1
spotify:track:1VOhCTqc7H9Tj4IjqgXnGj,Far l'amore,Bob Sinclar,Disco Crash,1,1,1920,0,0,0,0,0,0,0,1,0,0,0,0,0,0,0,1,0,0,0,0,0
spotify:track:01bG0ZvLLiAyyZ48Kbe0j6,Bounce,Busta Rhymes,Genesis,1,1,6030,0,0,0,0,0,0,0,1,0,0,0,0,0,0,0,1,0,0,0,0,0
spotify:track:05bUAkDRK3xzvVkZlGU6ee,Inhale,Duke Dumont,Inhale,1,1,4560,0,0,0,0,0,1,0,0,0,0,0,0,0,0,0,1,0,0,0,0,0
spotify:track:05VHidqx1tV6V7MsCdAIby,Lucifer,JAY-Z,The Black Album,1,1,9270,0,0,0,0,0,0,0,1,0,0,0,0,0,0,0,1,0,0,0,0,0
spotify:track:04w57GO5p1763E44KQ8AKB,My Name (feat. Eminem & Nate Dogg),Xzibit,Man VS Machine,1,1,1560,0,0,0,0,0,0,0,1,0,0,0,0,0,0,0,1,0,0,0,0,0
spotify:track:04f6H0kqPC1v2yTWVXa3Y6,Survival,Eminem,Curtain Call 2,1,1,114,0,0,0,0,0,0,0,1,0,0,0,0,0,0,0,1,0,0,0,0,0
spotify:track:1VNvsvEsUpuUCbHpVop1vo,"Nocturne No. 2 in E-Flat Major, Op. 9 No. 2",Frédéric Chopin,Chopin: Nocturnes,1,1,20606,0,0,0,0,0,0,0,1,0,0,0,0,0,0,0,1,0,0,0,0,0
spotify:track:1VNWdmXSbaNrnWod10WIL0,"One Of The Girls (with JENNIE, Lily Rose Depp)",The Weeknd,The Highlights - Deluxe,1,1,7684,0,0,0,0,0,0,0,1,0,0,0,0,0,0,0,1,0,0,0,0,0
spotify:track:04Jt7tpjw9z0OugNDAZxnk,INCUBI,Salmo,CVLT,1,1,944,0,0,0,0,0,0,0,1,0,0,0,0,0,0,0,1,0,0,0,0,0
spotify:track:1VCrPCEGwvKjrlwjlzrNQY,Leggins di pelle,Bello Figo,Leggins di pelle,1,1,542,0,0,0,0,0,0,0,1,0,0,0,0,0,0,0,1,0,0,0,0,0
spotify:track:1V4jC0vJ5525lEF1bFgPX2,Shots,LMFAO,Party Rock,1,1,1290,0,0,0,0,0,0,0,1,0,0,0,0,0,0,0,1,0,0,0,0,0
spotify:track:043vxbUHxQErHDIe7zuC0O,Just One Last Time (feat. Taped Rai),David Guetta,Nothing but the Beat,1,1,1870,0,0,0,0,0,1,0,0,0,0,0,0,0,0,0,0,1,0,0,0,0
spotify:track:03oK265y87YNXHIQSOAWOp,Love Is Gone,David Guetta,Pop Life,1,1,14480,0,0,0,0,0,0,0,1,0,0,0,0,0,0,0,1,0,0,0,0,0
spotify:track:02oJPSOD543viMH6d5VZkM,Leaving Heaven (feat. Skylar Grey),Eminem,Music To Be Murdered By - Side B,1,0,265946,0,0,0,0,0,0,0,0,0,0,1,0,0,0,0,0,0,0,0,0,1
spotify:track:1UcJs6RsX9upkeaFCNPBNs,Mon Amour,Annalisa,Mon Amour,1,1,6170,0,0,0,0,0,1,0,0,0,0,0,0,0,0,0,0,1,0,0,0,0
spotify:track:7sdG8n2Q9s8tCM8Wc2Vg1a,Flames - Pink Panda Remix,David Guetta,Flames,1,1,7850,0,0,0,0,0,0,0,1,0,0,0,0,0,0,0,0,1,0,0,0,0
spotify:track:1TrjxEcRPHvaLF3saKCSs4,Drippin' in Milano,ANNA,Drippin' in Milano,1,1,1190,0,0,0,0,0,1,0,0,0,0,0,0,0,0,0,0,1,0,0,0,0
spotify:track:1TfqLAPs4K3s2rJMoCokcS,Sweet Dreams (Are Made of This) - Remastered,Eurythmics,Sweet Dreams (Are Made Of This),1,1,2270,0,0,0,0,0,0,0,1,0,0,0,0,0,0,0,1,0,0,0,0,0
spotify:track:1T3VPhjkgPm2TZsprzf78z,Bad Intentions,Dr. Dre,The Wash,1,1,1200,0,0,0,0,0,0,0,1,0,0,0,0,0,0,0,1,0,0,0,0,0
spotify:track:3HbIRS4zvlaG28WVw4xW70,MAKUMBA,Noemi,MAKUMBA,1,1,34110,0,0,0,0,0,0,0,0,0,1,0,0,0,0,0,1,0,0,0,0,0
spotify:track:3HMY0r2BAdpasXMY8rseR0,Too Sweet,Hozier,Unheard,1,1,247934,1,0,0,0,0,0,0,1,0,0,0,0,0,0,0,1,0,0,0,0,0
spotify:track:7vE5BCq8NB9aOrCo8IVhw6,Come Inside (Kaytranada Edit),Lou Phelps,002 / LOVE ME,1,1,5020,0,0,0,0,0,0,0,1,0,0,0,0,0,0,0,1,0,0,0,0,0
spotify:track:7vAzIVfyFp8hOVCOQChwA0,Ma il cielo è sempre più blu,Rino Gaetano,Istantanee & tabù,1,0,271560,0,0,0,0,0,0,0,0,0,0,1,0,0,0,0,0,0,0,0,0,1
spotify:track:7unx2Rvsq8D0RfOLRXclTA,For Sale? - Interlude,Kendrick Lamar,To Pimp A Butterfly,1,1,689,0,0,0,0,0,1,0,0,0,0,0,0,0,0,0,0,1,0,0,0,0
spotify:track:7uKcScNXuO3MWw6LowBjW1,"One, Two Step (feat. Missy Elliott)",Ciara,Goodies,1,1,18120,0,0,0,0,0,0,0,0,0,1,0,0,0,0,0,1,0,0,0,0,0
spotify:track:3H6wIwh1C3GVJI0LaWQF7P,Movimento lento (feat. Federico Rossi),Annalisa,Nuda10,1,1,3840,0,0,0,0,0,1,0,0,0,0,0,0,0,0,0,1,0,0,0,0,0
spotify:track:3MOECVkNshqHYTPt5DZcdN,Five More Hours,Deorro,Good Evening,1,1,1290,0,0,0,0,0,0,0,1,0,0,0,0,0,0,0,1,0,0,0,0,0
spotify:track:3MLOAIJNWWS8FQpvdaiKR7,Poetic Justice,Kendrick Lamar,"good kid, m.A.A.d city",1,1,7438,0,0,0,0,0,0,0,0,0,0,1,0,0,0,0,0,1,0,0,0,0
spotify:track:7tOcPDj3vyopZ404pY6UuP,Shooting Stars,Bag Raiders,Shooting Stars,1,1,3305,0,0,0,0,0,0,0,1,0,0,0,0,0,0,0,1,0,0,0,0,0
spotify:track:7tI8dRuH2Yc6RuoTjxo4dU,Who,Jimin,MUSE,1,1,10030,0,0,0,0,0,1,0,0,0,0,0,0,0,0,0,0,1,0,0,0,0
spotify:track:7tEoJKbYdIHBfn7tTIyjHW,Drug Ballad,Eminem,The Marshall Mathers LP,1,0,300266,0,0,0,0,0,0,0,0,0,0,1,0,0,0,0,0,0,0,0,0,1
spotify:track:3MGuubCU1L7XWcTWc5Obb1,Hands,The Ting Tings,Hands,1,1,1430,0,0,0,0,0,0,0,1,0,0,0,0,0,0,0,1,0,0,0,0,0
spotify:track:05wb6MEyJeG2z1MVCIXxC8,15 Piani,Sfera Ebbasta,X2VR,1,1,4308,0,0,0,0,0,0,0,1,0,0,0,0,0,0,0,1,0,0,0,0,0
